2026-09-01T16:04:41.765+0700 [INFO]  Terraform version: 1.16.0
2026-09-01T16:04:41.766+0700 [DEBUG] using github.com/hashicorp/go-tfe v1.108.0
2026-09-01T16:04:41.766+0700 [DEBUG] using github.com/hashicorp/hcl/v2 v2.24.0
2026-09-01T16:04:41.766+0700 [DEBUG] using github.com/hashicorp/terraform-svchost v0.2.1
2026-09-01T16:04:41.766+0700 [DEBUG] using github.com/zclconf/go-cty v1.18.1
2026-09-01T16:04:41.766+0700 [INFO]  Go runtime version: go1.26.4
2026-09-01T16:04:41.766+0700 [INFO]  CLI args: []string{"terraform", "fmt"}
2026-09-01T16:04:41.766+0700 [DEBUG] Attempting to open CLI config file: /Users/thettun/.terraformrc
2026-09-01T16:04:41.766+0700 [DEBUG] File doesn't exist, but doesn't need to. Ignoring.
2026-09-01T16:04:41.767+0700 [DEBUG] ignoring non-existing provider search directory terraform.d/plugins
2026-09-01T16:04:41.767+0700 [DEBUG] ignoring non-existing provider search directory /Users/thettun/.terraform.d/plugins
2026-09-01T16:04:41.767+0700 [DEBUG] ignoring non-existing provider search directory /Users/thettun/Library/Application Support/io.terraform/plugins
2026-09-01T16:04:41.767+0700 [DEBUG] ignoring non-existing provider search directory /Library/Application Support/io.terraform/plugins
2026-09-01T16:04:41.768+0700 [INFO]  CLI command args: []string{"fmt"}
2026-09-01T16:08:32.235+0700 [INFO]  Terraform version: 1.16.0
2026-09-01T16:08:32.235+0700 [DEBUG] using github.com/hashicorp/go-tfe v1.108.0
2026-09-01T16:08:32.235+0700 [DEBUG] using github.com/hashicorp/hcl/v2 v2.24.0
2026-09-01T16:08:32.235+0700 [DEBUG] using github.com/hashicorp/terraform-svchost v0.2.1
2026-09-01T16:08:32.235+0700 [DEBUG] using github.com/zclconf/go-cty v1.18.1
2026-09-01T16:08:32.235+0700 [INFO]  Go runtime version: go1.26.4
2026-09-01T16:08:32.235+0700 [INFO]  CLI args: []string{"terraform", "fmt"}
2026-09-01T16:08:32.236+0700 [DEBUG] Attempting to open CLI config file: /Users/thettun/.terraformrc
2026-09-01T16:08:32.236+0700 [DEBUG] File doesn't exist, but doesn't need to. Ignoring.
2026-09-01T16:08:32.236+0700 [DEBUG] ignoring non-existing provider search directory terraform.d/plugins
2026-09-01T16:08:32.236+0700 [DEBUG] ignoring non-existing provider search directory /Users/thettun/.terraform.d/plugins
2026-09-01T16:08:32.236+0700 [DEBUG] ignoring non-existing provider search directory /Users/thettun/Library/Application Support/io.terraform/plugins
2026-09-01T16:08:32.236+0700 [DEBUG] ignoring non-existing provider search directory /Library/Application Support/io.terraform/plugins
2026-09-01T16:08:32.238+0700 [INFO]  CLI command args: []string{"fmt"}
2026-09-01T18:15:55.087+0700 [INFO]  Terraform version: 1.16.0
2026-09-01T18:15:55.088+0700 [DEBUG] using github.com/hashicorp/go-tfe v1.108.0
2026-09-01T18:15:55.088+0700 [DEBUG] using github.com/hashicorp/hcl/v2 v2.24.0
2026-09-01T18:15:55.088+0700 [DEBUG] using github.com/hashicorp/terraform-svchost v0.2.1
2026-09-01T18:15:55.088+0700 [DEBUG] using github.com/zclconf/go-cty v1.18.1
2026-09-01T18:15:55.088+0700 [INFO]  Go runtime version: go1.26.4
2026-09-01T18:15:55.088+0700 [INFO]  CLI args: []string{"terraform", "providers"}
2026-09-01T18:15:55.088+0700 [DEBUG] Attempting to open CLI config file: /Users/thettun/.terraformrc
2026-09-01T18:15:55.088+0700 [DEBUG] File doesn't exist, but doesn't need to. Ignoring.
2026-09-01T18:15:55.089+0700 [DEBUG] ignoring non-existing provider search directory terraform.d/plugins
2026-09-01T18:15:55.089+0700 [DEBUG] ignoring non-existing provider search directory /Users/thettun/.terraform.d/plugins
2026-09-01T18:15:55.089+0700 [DEBUG] ignoring non-existing provider search directory /Users/thettun/Library/Application Support/io.terraform/plugins
2026-09-01T18:15:55.089+0700 [DEBUG] ignoring non-existing provider search directory /Library/Application Support/io.terraform/plugins
2026-09-01T18:15:55.090+0700 [INFO]  CLI command args: []string{"providers"}
2026-09-01T18:15:55.098+0700 [DEBUG] Starting graph walk: walkInit
2026-09-01T18:15:55.948+0700 [DEBUG] checking for provisioner in "."
2026-09-01T18:15:55.991+0700 [DEBUG] checking for provisioner in "/opt/homebrew/bin"
2026-09-01T18:15:59.374+0700 [INFO]  Terraform version: 1.16.0
2026-09-01T18:15:59.374+0700 [DEBUG] using github.com/hashicorp/go-tfe v1.108.0
2026-09-01T18:15:59.374+0700 [DEBUG] using github.com/hashicorp/hcl/v2 v2.24.0
2026-09-01T18:15:59.374+0700 [DEBUG] using github.com/hashicorp/terraform-svchost v0.2.1
2026-09-01T18:15:59.374+0700 [DEBUG] using github.com/zclconf/go-cty v1.18.1
2026-09-01T18:15:59.374+0700 [INFO]  Go runtime version: go1.26.4
2026-09-01T18:15:59.374+0700 [INFO]  CLI args: []string{"terraform", "init"}
2026-09-01T18:15:59.374+0700 [DEBUG] Attempting to open CLI config file: /Users/thettun/.terraformrc
2026-09-01T18:15:59.374+0700 [DEBUG] File doesn't exist, but doesn't need to. Ignoring.
2026-09-01T18:15:59.374+0700 [DEBUG] ignoring non-existing provider search directory terraform.d/plugins
2026-09-01T18:15:59.374+0700 [DEBUG] ignoring non-existing provider search directory /Users/thettun/.terraform.d/plugins
2026-09-01T18:15:59.374+0700 [DEBUG] ignoring non-existing provider search directory /Users/thettun/Library/Application Support/io.terraform/plugins
2026-09-01T18:15:59.374+0700 [DEBUG] ignoring non-existing provider search directory /Library/Application Support/io.terraform/plugins
2026-09-01T18:15:59.374+0700 [INFO]  CLI command args: []string{"init"}
2026-09-01T18:15:59.973+0700 [DEBUG] checking for provisioner in "."
2026-09-01T18:15:59.976+0700 [DEBUG] checking for provisioner in "/opt/homebrew/bin"
2026-09-01T18:15:59.976+0700 [DEBUG] Starting graph walk: walkInit
2026-09-01T18:15:59.976+0700 [DEBUG] Service discovery for registry.terraform.io at https://registry.terraform.io/.well-known/terraform.json
2026-09-01T18:16:01.752+0700 [DEBUG] GET https://registry.terraform.io/v1/providers/hashicorp/aws/versions
2026-09-01T18:16:01.794+0700 [DEBUG] GET https://registry.terraform.io/v1/providers/hashicorp/azurerm/versions
2026-09-01T18:16:01.921+0700 [DEBUG] GET https://registry.terraform.io/v1/providers/kreuzwerker/docker/versions
2026-09-01T18:16:02.054+0700 [DEBUG] GET https://registry.terraform.io/v1/providers/hashicorp/local/versions
2026-09-01T18:16:04.020+0700 [INFO]  Terraform version: 1.16.0
2026-09-01T18:16:04.020+0700 [DEBUG] using github.com/hashicorp/go-tfe v1.108.0
2026-09-01T18:16:04.020+0700 [DEBUG] using github.com/hashicorp/hcl/v2 v2.24.0
2026-09-01T18:16:04.020+0700 [DEBUG] using github.com/hashicorp/terraform-svchost v0.2.1
2026-09-01T18:16:04.020+0700 [DEBUG] using github.com/zclconf/go-cty v1.18.1
2026-09-01T18:16:04.020+0700 [INFO]  Go runtime version: go1.26.4
2026-09-01T18:16:04.020+0700 [INFO]  CLI args: []string{"terraform", "providers"}
2026-09-01T18:16:04.020+0700 [DEBUG] Attempting to open CLI config file: /Users/thettun/.terraformrc
2026-09-01T18:16:04.020+0700 [DEBUG] File doesn't exist, but doesn't need to. Ignoring.
2026-09-01T18:16:04.021+0700 [DEBUG] ignoring non-existing provider search directory terraform.d/plugins
2026-09-01T18:16:04.021+0700 [DEBUG] ignoring non-existing provider search directory /Users/thettun/.terraform.d/plugins
2026-09-01T18:16:04.021+0700 [DEBUG] ignoring non-existing provider search directory /Users/thettun/Library/Application Support/io.terraform/plugins
2026-09-01T18:16:04.021+0700 [DEBUG] ignoring non-existing provider search directory /Library/Application Support/io.terraform/plugins
2026-09-01T18:16:04.021+0700 [INFO]  CLI command args: []string{"providers"}
2026-09-01T18:16:04.022+0700 [DEBUG] Starting graph walk: walkInit
2026-09-01T18:16:04.596+0700 [DEBUG] checking for provisioner in "."
2026-09-01T18:16:04.598+0700 [DEBUG] checking for provisioner in "/opt/homebrew/bin"
2026-09-01T18:16:13.381+0700 [INFO]  Terraform version: 1.16.0
2026-09-01T18:16:13.382+0700 [DEBUG] using github.com/hashicorp/go-tfe v1.108.0
2026-09-01T18:16:13.382+0700 [DEBUG] using github.com/hashicorp/hcl/v2 v2.24.0
2026-09-01T18:16:13.382+0700 [DEBUG] using github.com/hashicorp/terraform-svchost v0.2.1
2026-09-01T18:16:13.382+0700 [DEBUG] using github.com/zclconf/go-cty v1.18.1
2026-09-01T18:16:13.382+0700 [INFO]  Go runtime version: go1.26.4
2026-09-01T18:16:13.382+0700 [INFO]  CLI args: []string{"terraform", "init"}
2026-09-01T18:16:13.382+0700 [DEBUG] Attempting to open CLI config file: /Users/thettun/.terraformrc
2026-09-01T18:16:13.382+0700 [DEBUG] File doesn't exist, but doesn't need to. Ignoring.
2026-09-01T18:16:13.383+0700 [DEBUG] ignoring non-existing provider search directory terraform.d/plugins
2026-09-01T18:16:13.383+0700 [DEBUG] ignoring non-existing provider search directory /Users/thettun/.terraform.d/plugins
2026-09-01T18:16:13.383+0700 [DEBUG] ignoring non-existing provider search directory /Users/thettun/Library/Application Support/io.terraform/plugins
2026-09-01T18:16:13.383+0700 [DEBUG] ignoring non-existing provider search directory /Library/Application Support/io.terraform/plugins
2026-09-01T18:16:13.384+0700 [INFO]  CLI command args: []string{"init"}
2026-09-01T18:16:13.991+0700 [DEBUG] checking for provisioner in "."
2026-09-01T18:16:13.993+0700 [DEBUG] checking for provisioner in "/opt/homebrew/bin"
2026-09-01T18:16:13.998+0700 [DEBUG] Starting graph walk: walkInit
2026-09-01T18:16:14.002+0700 [DEBUG] Service discovery for registry.terraform.io at https://registry.terraform.io/.well-known/terraform.json
2026-09-01T18:16:14.131+0700 [DEBUG] GET https://registry.terraform.io/v1/providers/hashicorp/azurerm/versions
2026-09-01T18:16:14.171+0700 [DEBUG] GET https://registry.terraform.io/v1/providers/hashicorp/local/versions
2026-09-01T18:16:14.205+0700 [DEBUG] GET https://registry.terraform.io/v1/providers/hashicorp/docker/versions
2026-09-01T18:16:14.498+0700 [DEBUG] GET https://registry.terraform.io/v1/providers/-/docker/versions
2026-09-01T18:16:14.977+0700 [DEBUG] GET https://registry.terraform.io/v1/providers/hashicorp/aws/versions
2026-09-01T18:16:25.482+0700 [INFO]  Terraform version: 1.16.0
2026-09-01T18:16:25.482+0700 [DEBUG] using github.com/hashicorp/go-tfe v1.108.0
2026-09-01T18:16:25.482+0700 [DEBUG] using github.com/hashicorp/hcl/v2 v2.24.0
2026-09-01T18:16:25.482+0700 [DEBUG] using github.com/hashicorp/terraform-svchost v0.2.1
2026-09-01T18:16:25.482+0700 [DEBUG] using github.com/zclconf/go-cty v1.18.1
2026-09-01T18:16:25.482+0700 [INFO]  Go runtime version: go1.26.4
2026-09-01T18:16:25.482+0700 [INFO]  CLI args: []string{"terraform", "init"}
2026-09-01T18:16:25.482+0700 [DEBUG] Attempting to open CLI config file: /Users/thettun/.terraformrc
2026-09-01T18:16:25.482+0700 [DEBUG] File doesn't exist, but doesn't need to. Ignoring.
2026-09-01T18:16:25.482+0700 [DEBUG] ignoring non-existing provider search directory terraform.d/plugins
2026-09-01T18:16:25.482+0700 [DEBUG] ignoring non-existing provider search directory /Users/thettun/.terraform.d/plugins
2026-09-01T18:16:25.482+0700 [DEBUG] ignoring non-existing provider search directory /Users/thettun/Library/Application Support/io.terraform/plugins
2026-09-01T18:16:25.482+0700 [DEBUG] ignoring non-existing provider search directory /Library/Application Support/io.terraform/plugins
2026-09-01T18:16:25.483+0700 [INFO]  CLI command args: []string{"init"}
2026-09-01T18:16:26.079+0700 [DEBUG] checking for provisioner in "."
2026-09-01T18:16:26.082+0700 [DEBUG] checking for provisioner in "/opt/homebrew/bin"
2026-09-01T18:16:26.082+0700 [DEBUG] Starting graph walk: walkInit
2026-09-01T18:16:26.082+0700 [DEBUG] Service discovery for registry.terraform.io at https://registry.terraform.io/.well-known/terraform.json
2026-09-01T18:16:26.199+0700 [DEBUG] GET https://registry.terraform.io/v1/providers/hashicorp/local/versions
2026-09-01T18:16:26.237+0700 [DEBUG] GET https://registry.terraform.io/v1/providers/hashicorp/aws/versions
2026-09-01T18:16:26.277+0700 [DEBUG] GET https://registry.terraform.io/v1/providers/hashicorp/azurerm/versions
2026-09-01T18:16:29.381+0700 [INFO]  Terraform version: 1.16.0
2026-09-01T18:16:29.381+0700 [DEBUG] using github.com/hashicorp/go-tfe v1.108.0
2026-09-01T18:16:29.381+0700 [DEBUG] using github.com/hashicorp/hcl/v2 v2.24.0
2026-09-01T18:16:29.381+0700 [DEBUG] using github.com/hashicorp/terraform-svchost v0.2.1
2026-09-01T18:16:29.381+0700 [DEBUG] using github.com/zclconf/go-cty v1.18.1
2026-09-01T18:16:29.381+0700 [INFO]  Go runtime version: go1.26.4
2026-09-01T18:16:29.381+0700 [INFO]  CLI args: []string{"terraform", "providers"}
2026-09-01T18:16:29.381+0700 [DEBUG] Attempting to open CLI config file: /Users/thettun/.terraformrc
2026-09-01T18:16:29.381+0700 [DEBUG] File doesn't exist, but doesn't need to. Ignoring.
2026-09-01T18:16:29.381+0700 [DEBUG] ignoring non-existing provider search directory terraform.d/plugins
2026-09-01T18:16:29.381+0700 [DEBUG] ignoring non-existing provider search directory /Users/thettun/.terraform.d/plugins
2026-09-01T18:16:29.381+0700 [DEBUG] ignoring non-existing provider search directory /Users/thettun/Library/Application Support/io.terraform/plugins
2026-09-01T18:16:29.381+0700 [DEBUG] ignoring non-existing provider search directory /Library/Application Support/io.terraform/plugins
2026-09-01T18:16:29.382+0700 [INFO]  CLI command args: []string{"providers"}
2026-09-01T18:16:29.382+0700 [DEBUG] Starting graph walk: walkInit
2026-09-01T18:16:29.952+0700 [DEBUG] checking for provisioner in "."
2026-09-01T18:16:29.957+0700 [DEBUG] checking for provisioner in "/opt/homebrew/bin"
2026-09-01T18:19:43.044+0700 [INFO]  Terraform version: 1.16.0
2026-09-01T18:19:43.045+0700 [DEBUG] using github.com/hashicorp/go-tfe v1.108.0
2026-09-01T18:19:43.045+0700 [DEBUG] using github.com/hashicorp/hcl/v2 v2.24.0
2026-09-01T18:19:43.045+0700 [DEBUG] using github.com/hashicorp/terraform-svchost v0.2.1
2026-09-01T18:19:43.045+0700 [DEBUG] using github.com/zclconf/go-cty v1.18.1
2026-09-01T18:19:43.045+0700 [INFO]  Go runtime version: go1.26.4
2026-09-01T18:19:43.045+0700 [INFO]  CLI args: []string{"terraform", "apply"}
2026-09-01T18:19:43.045+0700 [DEBUG] Attempting to open CLI config file: /Users/thettun/.terraformrc
2026-09-01T18:19:43.045+0700 [DEBUG] File doesn't exist, but doesn't need to. Ignoring.
2026-09-01T18:19:43.046+0700 [DEBUG] ignoring non-existing provider search directory terraform.d/plugins
2026-09-01T18:19:43.046+0700 [DEBUG] ignoring non-existing provider search directory /Users/thettun/.terraform.d/plugins
2026-09-01T18:19:43.046+0700 [DEBUG] ignoring non-existing provider search directory /Users/thettun/Library/Application Support/io.terraform/plugins
2026-09-01T18:19:43.046+0700 [DEBUG] ignoring non-existing provider search directory /Library/Application Support/io.terraform/plugins
2026-09-01T18:19:43.047+0700 [INFO]  CLI command args: []string{"apply"}
2026-09-01T18:19:43.769+0700 [DEBUG] checking for provisioner in "."
2026-09-01T18:19:43.771+0700 [DEBUG] checking for provisioner in "/opt/homebrew/bin"
2026-09-01T18:19:43.775+0700 [INFO]  backend/local: starting Apply operation
2026-09-01T18:19:43.782+0700 [DEBUG] Starting graph walk: walkInit
2026-09-01T18:19:43.787+0700 [DEBUG] created provider logger: level=debug
2026-09-01T18:19:43.787+0700 [INFO]  provider: configuring client automatic mTLS
2026-09-01T18:19:43.796+0700 [DEBUG] provider: starting plugin: path=.terraform/providers/registry.terraform.io/hashicorp/aws/6.62.0/darwin_arm64/terraform-provider-aws_v6.62.0_x5 args=[".terraform/providers/registry.terraform.io/hashicorp/aws/6.62.0/darwin_arm64/terraform-provider-aws_v6.62.0_x5"]
2026-09-01T18:19:43.808+0700 [DEBUG] provider: plugin started: path=.terraform/providers/registry.terraform.io/hashicorp/aws/6.62.0/darwin_arm64/terraform-provider-aws_v6.62.0_x5 pid=80332
2026-09-01T18:19:43.808+0700 [DEBUG] provider: waiting for RPC address: plugin=.terraform/providers/registry.terraform.io/hashicorp/aws/6.62.0/darwin_arm64/terraform-provider-aws_v6.62.0_x5
2026-09-01T18:19:44.019+0700 [DEBUG] provider.terraform-provider-aws_v6.62.0_x5: Starting github.com/hashicorp/terraform-provider-aws@6.62.0 (go1.26.6)...
2026-09-01T18:19:44.019+0700 [DEBUG] provider.terraform-provider-aws_v6.62.0_x5: Creating Terraform AWS Provider (SDKv2-style)...
2026-09-01T18:19:44.019+0700 [DEBUG] provider.terraform-provider-aws_v6.62.0_x5: Initializing Terraform AWS Provider (SDKv2-style)...
2026-09-01T18:19:44.063+0700 [DEBUG] provider.terraform-provider-aws_v6.62.0_x5: Creating Terraform AWS Provider (Framework-style)...
2026-09-01T18:19:44.063+0700 [DEBUG] provider.terraform-provider-aws_v6.62.0_x5: Initializing Terraform AWS Provider (Framework-style)...
2026-09-01T18:19:44.067+0700 [INFO]  provider.terraform-provider-aws_v6.62.0_x5: configuring server automatic mTLS: timestamp="2026-09-01T18:19:44.067+0700"
2026-09-01T18:19:44.073+0700 [DEBUG] provider: using plugin: version=5
2026-09-01T18:19:44.073+0700 [DEBUG] provider.terraform-provider-aws_v6.62.0_x5: plugin address: address=/var/folders/dc/71w9ly4s1z5b3mp02_3x4pmm0000gn/T/plugin3481528932 network=unix timestamp="2026-09-01T18:19:44.073+0700"
2026-09-01T18:19:45.094+0700 [DEBUG] provider.stdio: received EOF, stopping recv loop: err="rpc error: code = Unavailable desc = error reading from server: EOF"
2026-09-01T18:19:45.106+0700 [INFO]  provider: plugin process exited: plugin=.terraform/providers/registry.terraform.io/hashicorp/aws/6.62.0/darwin_arm64/terraform-provider-aws_v6.62.0_x5 id=80332
2026-09-01T18:19:45.106+0700 [DEBUG] provider: plugin exited
2026-09-01T18:19:45.106+0700 [DEBUG] created provider logger: level=debug
2026-09-01T18:19:45.106+0700 [INFO]  provider: configuring client automatic mTLS
2026-09-01T18:19:45.108+0700 [DEBUG] provider: starting plugin: path=.terraform/providers/registry.terraform.io/hashicorp/azurerm/5.0.0/darwin_arm64/terraform-provider-azurerm_v5.0.0_x5 args=[".terraform/providers/registry.terraform.io/hashicorp/azurerm/5.0.0/darwin_arm64/terraform-provider-azurerm_v5.0.0_x5"]
2026-09-01T18:19:45.113+0700 [DEBUG] provider: plugin started: path=.terraform/providers/registry.terraform.io/hashicorp/azurerm/5.0.0/darwin_arm64/terraform-provider-azurerm_v5.0.0_x5 pid=80334
2026-09-01T18:19:45.113+0700 [DEBUG] provider: waiting for RPC address: plugin=.terraform/providers/registry.terraform.io/hashicorp/azurerm/5.0.0/darwin_arm64/terraform-provider-azurerm_v5.0.0_x5
2026-09-01T18:19:45.192+0700 [DEBUG] provider.terraform-provider-azurerm_v5.0.0_x5: [DEBUG] Registering Data Sources for "AAD B2C"..
2026-09-01T18:19:45.192+0700 [DEBUG] provider.terraform-provider-azurerm_v5.0.0_x5: [DEBUG] Registering Resources for "AAD B2C"..
2026-09-01T18:19:45.192+0700 [DEBUG] provider.terraform-provider-azurerm_v5.0.0_x5: [DEBUG] Registering Data Sources for "API Management"..
2026-09-01T18:19:45.192+0700 [DEBUG] provider.terraform-provider-azurerm_v5.0.0_x5: [DEBUG] Registering Resources for "API Management"..
2026-09-01T18:19:45.193+0700 [DEBUG] provider.terraform-provider-azurerm_v5.0.0_x5: [DEBUG] Registering Data Sources for "App Configuration"..
2026-09-01T18:19:45.193+0700 [DEBUG] provider.terraform-provider-azurerm_v5.0.0_x5: [DEBUG] Registering Resources for "App Configuration"..
2026-09-01T18:19:45.193+0700 [DEBUG] provider.terraform-provider-azurerm_v5.0.0_x5: [DEBUG] Registering Data Sources for "Application Insights"..
2026-09-01T18:19:45.193+0700 [DEBUG] provider.terraform-provider-azurerm_v5.0.0_x5: [DEBUG] Registering Resources for "Application Insights"..
2026-09-01T18:19:45.193+0700 [DEBUG] provider.terraform-provider-azurerm_v5.0.0_x5: [DEBUG] Registering Data Sources for "AppService"..
2026-09-01T18:19:45.195+0700 [DEBUG] provider.terraform-provider-azurerm_v5.0.0_x5: [DEBUG] Registering Resources for "AppService"..
2026-09-01T18:19:45.199+0700 [DEBUG] provider.terraform-provider-azurerm_v5.0.0_x5: [DEBUG] Registering Data Sources for "ArcKubernetes"..
2026-09-01T18:19:45.199+0700 [DEBUG] provider.terraform-provider-azurerm_v5.0.0_x5: [DEBUG] Registering Resources for "ArcKubernetes"..
2026-09-01T18:19:45.199+0700 [DEBUG] provider.terraform-provider-azurerm_v5.0.0_x5: [DEBUG] Registering Data Sources for "Arc Resource Bridge"..
2026-09-01T18:19:45.199+0700 [DEBUG] provider.terraform-provider-azurerm_v5.0.0_x5: [DEBUG] Registering Resources for "Arc Resource Bridge"..
2026-09-01T18:19:45.199+0700 [DEBUG] provider.terraform-provider-azurerm_v5.0.0_x5: [DEBUG] Registering Data Sources for "Authorization"..
2026-09-01T18:19:45.200+0700 [DEBUG] provider.terraform-provider-azurerm_v5.0.0_x5: [DEBUG] Registering Resources for "Authorization"..
2026-09-01T18:19:45.200+0700 [DEBUG] provider.terraform-provider-azurerm_v5.0.0_x5: [DEBUG] Registering Data Sources for "Automanage"..
2026-09-01T18:19:45.200+0700 [DEBUG] provider.terraform-provider-azurerm_v5.0.0_x5: [DEBUG] Registering Resources for "Automanage"..
2026-09-01T18:19:45.200+0700 [DEBUG] provider.terraform-provider-azurerm_v5.0.0_x5: [DEBUG] Registering Data Sources for "Automation"..
2026-09-01T18:19:45.200+0700 [DEBUG] provider.terraform-provider-azurerm_v5.0.0_x5: [DEBUG] Registering Resources for "Automation"..
2026-09-01T18:19:45.200+0700 [DEBUG] provider.terraform-provider-azurerm_v5.0.0_x5: [DEBUG] Registering Data Sources for "Advisor"..
2026-09-01T18:19:45.200+0700 [DEBUG] provider.terraform-provider-azurerm_v5.0.0_x5: [DEBUG] Registering Resources for "Advisor"..
2026-09-01T18:19:45.200+0700 [DEBUG] provider.terraform-provider-azurerm_v5.0.0_x5: [DEBUG] Registering Data Sources for "Azure Stack HCI"..
2026-09-01T18:19:45.200+0700 [DEBUG] provider.terraform-provider-azurerm_v5.0.0_x5: [DEBUG] Registering Resources for "Azure Stack HCI"..
2026-09-01T18:19:45.201+0700 [DEBUG] provider.terraform-provider-azurerm_v5.0.0_x5: [DEBUG] Registering Data Sources for "Batch"..
2026-09-01T18:19:45.201+0700 [DEBUG] provider.terraform-provider-azurerm_v5.0.0_x5: [DEBUG] Registering Resources for "Batch"..
2026-09-01T18:19:45.201+0700 [DEBUG] provider.terraform-provider-azurerm_v5.0.0_x5: [DEBUG] Registering Data Sources for "Bot"..
2026-09-01T18:19:45.201+0700 [DEBUG] provider.terraform-provider-azurerm_v5.0.0_x5: [DEBUG] Registering Resources for "Bot"..
2026-09-01T18:19:45.201+0700 [DEBUG] provider.terraform-provider-azurerm_v5.0.0_x5: [DEBUG] Registering Data Sources for "CDN"..
2026-09-01T18:19:45.201+0700 [DEBUG] provider.terraform-provider-azurerm_v5.0.0_x5: [DEBUG] Registering Resources for "CDN"..
2026-09-01T18:19:45.201+0700 [DEBUG] provider.terraform-provider-azurerm_v5.0.0_x5: [DEBUG] Registering Data Sources for "Trusted Signing"..
2026-09-01T18:19:45.201+0700 [DEBUG] provider.terraform-provider-azurerm_v5.0.0_x5: [DEBUG] Registering Resources for "Trusted Signing"..
2026-09-01T18:19:45.201+0700 [DEBUG] provider.terraform-provider-azurerm_v5.0.0_x5: [DEBUG] Registering Data Sources for "Cognitive Services"..
2026-09-01T18:19:45.201+0700 [DEBUG] provider.terraform-provider-azurerm_v5.0.0_x5: [DEBUG] Registering Resources for "Cognitive Services"..
2026-09-01T18:19:45.202+0700 [DEBUG] provider.terraform-provider-azurerm_v5.0.0_x5: [DEBUG] Registering Data Sources for "Communication"..
2026-09-01T18:19:45.202+0700 [DEBUG] provider.terraform-provider-azurerm_v5.0.0_x5: [DEBUG] Registering Resources for "Communication"..
2026-09-01T18:19:45.202+0700 [DEBUG] provider.terraform-provider-azurerm_v5.0.0_x5: [DEBUG] Registering Data Sources for "Compute"..
2026-09-01T18:19:45.202+0700 [DEBUG] provider.terraform-provider-azurerm_v5.0.0_x5: [DEBUG] Registering Resources for "Compute"..
2026-09-01T18:19:45.202+0700 [DEBUG] provider.terraform-provider-azurerm_v5.0.0_x5: [DEBUG] Registering Data Sources for "Connections"..
2026-09-01T18:19:45.202+0700 [DEBUG] provider.terraform-provider-azurerm_v5.0.0_x5: [DEBUG] Registering Resources for "Connections"..
2026-09-01T18:19:45.202+0700 [DEBUG] provider.terraform-provider-azurerm_v5.0.0_x5: [DEBUG] Registering Data Sources for "Consumption"..
2026-09-01T18:19:45.202+0700 [DEBUG] provider.terraform-provider-azurerm_v5.0.0_x5: [DEBUG] Registering Resources for "Consumption"..
2026-09-01T18:19:45.202+0700 [DEBUG] provider.terraform-provider-azurerm_v5.0.0_x5: [DEBUG] Registering Data Sources for "Container Apps"..
2026-09-01T18:19:45.203+0700 [DEBUG] provider.terraform-provider-azurerm_v5.0.0_x5: [DEBUG] Registering Resources for "Container Apps"..
2026-09-01T18:19:45.203+0700 [DEBUG] provider.terraform-provider-azurerm_v5.0.0_x5: [DEBUG] Registering Data Sources for "CosmosDB"..
2026-09-01T18:19:45.203+0700 [DEBUG] provider.terraform-provider-azurerm_v5.0.0_x5: [DEBUG] Registering Resources for "CosmosDB"..
2026-09-01T18:19:45.204+0700 [DEBUG] provider.terraform-provider-azurerm_v5.0.0_x5: [DEBUG] Registering Data Sources for "Cost Management"..
2026-09-01T18:19:45.204+0700 [DEBUG] provider.terraform-provider-azurerm_v5.0.0_x5: [DEBUG] Registering Resources for "Cost Management"..
2026-09-01T18:19:45.204+0700 [DEBUG] provider.terraform-provider-azurerm_v5.0.0_x5: [DEBUG] Registering Data Sources for "Dashboard"..
2026-09-01T18:19:45.204+0700 [DEBUG] provider.terraform-provider-azurerm_v5.0.0_x5: [DEBUG] Registering Resources for "Dashboard"..
2026-09-01T18:19:45.204+0700 [DEBUG] provider.terraform-provider-azurerm_v5.0.0_x5: [DEBUG] Registering Data Sources for "Databox Edge"..
2026-09-01T18:19:45.204+0700 [DEBUG] provider.terraform-provider-azurerm_v5.0.0_x5: [DEBUG] Registering Resources for "Databox Edge"..
2026-09-01T18:19:45.204+0700 [DEBUG] provider.terraform-provider-azurerm_v5.0.0_x5: [DEBUG] Registering Data Sources for "DataBricks"..
2026-09-01T18:19:45.204+0700 [DEBUG] provider.terraform-provider-azurerm_v5.0.0_x5: [DEBUG] Registering Resources for "DataBricks"..
2026-09-01T18:19:45.204+0700 [DEBUG] provider.terraform-provider-azurerm_v5.0.0_x5: [DEBUG] Registering Data Sources for "Data Factory"..
2026-09-01T18:19:45.204+0700 [DEBUG] provider.terraform-provider-azurerm_v5.0.0_x5: [DEBUG] Registering Resources for "Data Factory"..
2026-09-01T18:19:45.204+0700 [DEBUG] provider.terraform-provider-azurerm_v5.0.0_x5: [DEBUG] Registering Data Sources for "DataProtection"..
2026-09-01T18:19:45.204+0700 [DEBUG] provider.terraform-provider-azurerm_v5.0.0_x5: [DEBUG] Registering Resources for "DataProtection"..
2026-09-01T18:19:45.204+0700 [DEBUG] provider.terraform-provider-azurerm_v5.0.0_x5: [DEBUG] Registering Data Sources for "Desktop Virtualization"..
2026-09-01T18:19:45.204+0700 [DEBUG] provider.terraform-provider-azurerm_v5.0.0_x5: [DEBUG] Registering Resources for "Desktop Virtualization"..
2026-09-01T18:19:45.204+0700 [DEBUG] provider.terraform-provider-azurerm_v5.0.0_x5: [DEBUG] Registering Data Sources for "Digital Twins"..
2026-09-01T18:19:45.205+0700 [DEBUG] provider.terraform-provider-azurerm_v5.0.0_x5: [DEBUG] Registering Resources for "Digital Twins"..
2026-09-01T18:19:45.205+0700 [DEBUG] provider.terraform-provider-azurerm_v5.0.0_x5: [DEBUG] Registering Data Sources for "DNS"..
2026-09-01T18:19:45.205+0700 [DEBUG] provider.terraform-provider-azurerm_v5.0.0_x5: [DEBUG] Registering Resources for "DNS"..
2026-09-01T18:19:45.205+0700 [DEBUG] provider.terraform-provider-azurerm_v5.0.0_x5: [DEBUG] Registering Data Sources for "DomainServices"..
2026-09-01T18:19:45.205+0700 [DEBUG] provider.terraform-provider-azurerm_v5.0.0_x5: [DEBUG] Registering Resources for "DomainServices"..
2026-09-01T18:19:45.205+0700 [DEBUG] provider.terraform-provider-azurerm_v5.0.0_x5: [DEBUG] Registering Data Sources for "Dynatrace"..
2026-09-01T18:19:45.205+0700 [DEBUG] provider.terraform-provider-azurerm_v5.0.0_x5: [DEBUG] Registering Resources for "Dynatrace"..
2026-09-01T18:19:45.205+0700 [DEBUG] provider.terraform-provider-azurerm_v5.0.0_x5: [DEBUG] Registering Data Sources for "ElasticSan"..
2026-09-01T18:19:45.205+0700 [DEBUG] provider.terraform-provider-azurerm_v5.0.0_x5: [DEBUG] Registering Resources for "ElasticSan"..
2026-09-01T18:19:45.205+0700 [DEBUG] provider.terraform-provider-azurerm_v5.0.0_x5: [DEBUG] Registering Data Sources for "EventGrid"..
2026-09-01T18:19:45.205+0700 [DEBUG] provider.terraform-provider-azurerm_v5.0.0_x5: [DEBUG] Registering Resources for "EventGrid"..
2026-09-01T18:19:45.205+0700 [DEBUG] provider.terraform-provider-azurerm_v5.0.0_x5: [DEBUG] Registering Data Sources for "EventHub"..
2026-09-01T18:19:45.205+0700 [DEBUG] provider.terraform-provider-azurerm_v5.0.0_x5: [DEBUG] Registering Resources for "EventHub"..
2026-09-01T18:19:45.205+0700 [DEBUG] provider.terraform-provider-azurerm_v5.0.0_x5: [DEBUG] Registering Data Sources for "ExtendedLocation"..
2026-09-01T18:19:45.205+0700 [DEBUG] provider.terraform-provider-azurerm_v5.0.0_x5: [DEBUG] Registering Resources for "ExtendedLocation"..
2026-09-01T18:19:45.206+0700 [DEBUG] provider.terraform-provider-azurerm_v5.0.0_x5: [DEBUG] Registering Data Sources for "Fabric"..
2026-09-01T18:19:45.206+0700 [DEBUG] provider.terraform-provider-azurerm_v5.0.0_x5: [DEBUG] Registering Resources for "Fabric"..
2026-09-01T18:19:45.206+0700 [DEBUG] provider.terraform-provider-azurerm_v5.0.0_x5: [DEBUG] Registering Data Sources for "Fluid Relay"..
2026-09-01T18:19:45.206+0700 [DEBUG] provider.terraform-provider-azurerm_v5.0.0_x5: [DEBUG] Registering Resources for "Fluid Relay"..
2026-09-01T18:19:45.206+0700 [DEBUG] provider.terraform-provider-azurerm_v5.0.0_x5: [DEBUG] Registering Data Sources for "Graph Services"..
2026-09-01T18:19:45.206+0700 [DEBUG] provider.terraform-provider-azurerm_v5.0.0_x5: [DEBUG] Registering Resources for "Graph Services"..
2026-09-01T18:19:45.206+0700 [DEBUG] provider.terraform-provider-azurerm_v5.0.0_x5: [DEBUG] Registering Data Sources for "Hybrid Compute"..
2026-09-01T18:19:45.206+0700 [DEBUG] provider.terraform-provider-azurerm_v5.0.0_x5: [DEBUG] Registering Resources for "Hybrid Compute"..
2026-09-01T18:19:45.206+0700 [DEBUG] provider.terraform-provider-azurerm_v5.0.0_x5: [DEBUG] Registering Data Sources for "IoT Central"..
2026-09-01T18:19:45.206+0700 [DEBUG] provider.terraform-provider-azurerm_v5.0.0_x5: [DEBUG] Registering Resources for "IoT Central"..
2026-09-01T18:19:45.206+0700 [DEBUG] provider.terraform-provider-azurerm_v5.0.0_x5: [DEBUG] Registering Data Sources for "IoT Hub"..
2026-09-01T18:19:45.206+0700 [DEBUG] provider.terraform-provider-azurerm_v5.0.0_x5: [DEBUG] Registering Resources for "IoT Hub"..
2026-09-01T18:19:45.206+0700 [DEBUG] provider.terraform-provider-azurerm_v5.0.0_x5: [DEBUG] Registering Data Sources for "KeyVault"..
2026-09-01T18:19:45.206+0700 [DEBUG] provider.terraform-provider-azurerm_v5.0.0_x5: [DEBUG] Registering Resources for "KeyVault"..
2026-09-01T18:19:45.206+0700 [DEBUG] provider.terraform-provider-azurerm_v5.0.0_x5: [DEBUG] Registering Data Sources for "Kusto"..
2026-09-01T18:19:45.206+0700 [DEBUG] provider.terraform-provider-azurerm_v5.0.0_x5: [DEBUG] Registering Resources for "Kusto"..
2026-09-01T18:19:45.206+0700 [DEBUG] provider.terraform-provider-azurerm_v5.0.0_x5: [DEBUG] Registering Data Sources for "Load Balancer"..
2026-09-01T18:19:45.206+0700 [DEBUG] provider.terraform-provider-azurerm_v5.0.0_x5: [DEBUG] Registering Resources for "Load Balancer"..
2026-09-01T18:19:45.206+0700 [DEBUG] provider.terraform-provider-azurerm_v5.0.0_x5: [DEBUG] Registering Data Sources for "LoadTestService"..
2026-09-01T18:19:45.206+0700 [DEBUG] provider.terraform-provider-azurerm_v5.0.0_x5: [DEBUG] Registering Resources for "LoadTestService"..
2026-09-01T18:19:45.206+0700 [DEBUG] provider.terraform-provider-azurerm_v5.0.0_x5: [DEBUG] Registering Data Sources for "Log Analytics"..
2026-09-01T18:19:45.206+0700 [DEBUG] provider.terraform-provider-azurerm_v5.0.0_x5: [DEBUG] Registering Resources for "Log Analytics"..
2026-09-01T18:19:45.206+0700 [DEBUG] provider.terraform-provider-azurerm_v5.0.0_x5: [DEBUG] Registering Data Sources for "Logic"..
2026-09-01T18:19:45.206+0700 [DEBUG] provider.terraform-provider-azurerm_v5.0.0_x5: [DEBUG] Registering Resources for "Logic"..
2026-09-01T18:19:45.206+0700 [DEBUG] provider.terraform-provider-azurerm_v5.0.0_x5: [DEBUG] Registering Data Sources for "Machine Learning"..
2026-09-01T18:19:45.206+0700 [DEBUG] provider.terraform-provider-azurerm_v5.0.0_x5: [DEBUG] Registering Resources for "Machine Learning"..
2026-09-01T18:19:45.207+0700 [DEBUG] provider.terraform-provider-azurerm_v5.0.0_x5: [DEBUG] Registering Data Sources for "Maintenance"..
2026-09-01T18:19:45.207+0700 [DEBUG] provider.terraform-provider-azurerm_v5.0.0_x5: [DEBUG] Registering Resources for "Maintenance"..
2026-09-01T18:19:45.207+0700 [DEBUG] provider.terraform-provider-azurerm_v5.0.0_x5: [DEBUG] Registering Data Sources for "Managed DevOps Pools"..
2026-09-01T18:19:45.207+0700 [DEBUG] provider.terraform-provider-azurerm_v5.0.0_x5: [DEBUG] Registering Resources for "Managed DevOps Pools"..
2026-09-01T18:19:45.207+0700 [DEBUG] provider.terraform-provider-azurerm_v5.0.0_x5: [DEBUG] Registering Data Sources for "Managed HSM"..
2026-09-01T18:19:45.207+0700 [DEBUG] provider.terraform-provider-azurerm_v5.0.0_x5: [DEBUG] Registering Resources for "Managed HSM"..
2026-09-01T18:19:45.207+0700 [DEBUG] provider.terraform-provider-azurerm_v5.0.0_x5: [DEBUG] Registering Data Sources for "Managed Redis"..
2026-09-01T18:19:45.207+0700 [DEBUG] provider.terraform-provider-azurerm_v5.0.0_x5: [DEBUG] Registering Resources for "Managed Redis"..
2026-09-01T18:19:45.207+0700 [DEBUG] provider.terraform-provider-azurerm_v5.0.0_x5: [DEBUG] Registering Data Sources for "Mongo Cluster"..
2026-09-01T18:19:45.207+0700 [DEBUG] provider.terraform-provider-azurerm_v5.0.0_x5: [DEBUG] Registering Resources for "Mongo Cluster"..
2026-09-01T18:19:45.208+0700 [DEBUG] provider.terraform-provider-azurerm_v5.0.0_x5: [DEBUG] Registering Data Sources for "Monitor"..
2026-09-01T18:19:45.208+0700 [DEBUG] provider.terraform-provider-azurerm_v5.0.0_x5: [DEBUG] Registering Resources for "Monitor"..
2026-09-01T18:19:45.208+0700 [DEBUG] provider.terraform-provider-azurerm_v5.0.0_x5: [DEBUG] Registering Data Sources for "Microsoft SQL Server / Azure SQL"..
2026-09-01T18:19:45.208+0700 [DEBUG] provider.terraform-provider-azurerm_v5.0.0_x5: [DEBUG] Registering Resources for "Microsoft SQL Server / Azure SQL"..
2026-09-01T18:19:45.208+0700 [DEBUG] provider.terraform-provider-azurerm_v5.0.0_x5: [DEBUG] Registering Data Sources for "Microsoft SQL Server Managed Instances"..
2026-09-01T18:19:45.208+0700 [DEBUG] provider.terraform-provider-azurerm_v5.0.0_x5: [DEBUG] Registering Resources for "Microsoft SQL Server Managed Instances"..
2026-09-01T18:19:45.208+0700 [DEBUG] provider.terraform-provider-azurerm_v5.0.0_x5: [DEBUG] Registering Data Sources for "MySQL"..
2026-09-01T18:19:45.208+0700 [DEBUG] provider.terraform-provider-azurerm_v5.0.0_x5: [DEBUG] Registering Resources for "MySQL"..
2026-09-01T18:19:45.208+0700 [DEBUG] provider.terraform-provider-azurerm_v5.0.0_x5: [DEBUG] Registering Data Sources for "NetApp"..
2026-09-01T18:19:45.209+0700 [DEBUG] provider.terraform-provider-azurerm_v5.0.0_x5: [DEBUG] Registering Resources for "NetApp"..
2026-09-01T18:19:45.209+0700 [DEBUG] provider.terraform-provider-azurerm_v5.0.0_x5: [DEBUG] Registering Data Sources for "Network"..
2026-09-01T18:19:45.209+0700 [DEBUG] provider.terraform-provider-azurerm_v5.0.0_x5: [DEBUG] Registering Resources for "Network"..
2026-09-01T18:19:45.211+0700 [DEBUG] provider.terraform-provider-azurerm_v5.0.0_x5: [DEBUG] Registering Data Sources for "Network Function"..
2026-09-01T18:19:45.211+0700 [DEBUG] provider.terraform-provider-azurerm_v5.0.0_x5: [DEBUG] Registering Resources for "Network Function"..
2026-09-01T18:19:45.211+0700 [DEBUG] provider.terraform-provider-azurerm_v5.0.0_x5: [DEBUG] Registering Data Sources for "New Relic"..
2026-09-01T18:19:45.211+0700 [DEBUG] provider.terraform-provider-azurerm_v5.0.0_x5: [DEBUG] Registering Resources for "New Relic"..
2026-09-01T18:19:45.211+0700 [DEBUG] provider.terraform-provider-azurerm_v5.0.0_x5: [DEBUG] Registering Data Sources for "Nginx"..
2026-09-01T18:19:45.211+0700 [DEBUG] provider.terraform-provider-azurerm_v5.0.0_x5: [DEBUG] Registering Resources for "Nginx"..
2026-09-01T18:19:45.211+0700 [DEBUG] provider.terraform-provider-azurerm_v5.0.0_x5: [DEBUG] Registering Data Sources for "Oracle"..
2026-09-01T18:19:45.212+0700 [DEBUG] provider.terraform-provider-azurerm_v5.0.0_x5: [DEBUG] Registering Resources for "Oracle"..
2026-09-01T18:19:45.212+0700 [DEBUG] provider.terraform-provider-azurerm_v5.0.0_x5: [DEBUG] Registering Data Sources for "Orbital"..
2026-09-01T18:19:45.212+0700 [DEBUG] provider.terraform-provider-azurerm_v5.0.0_x5: [DEBUG] Registering Resources for "Orbital"..
2026-09-01T18:19:45.212+0700 [DEBUG] provider.terraform-provider-azurerm_v5.0.0_x5: [DEBUG] Registering Data Sources for "Palo Alto"..
2026-09-01T18:19:45.212+0700 [DEBUG] provider.terraform-provider-azurerm_v5.0.0_x5: [DEBUG] Registering Resources for "Palo Alto"..
2026-09-01T18:19:45.212+0700 [DEBUG] provider.terraform-provider-azurerm_v5.0.0_x5: [DEBUG] Registering Data Sources for "Policy"..
2026-09-01T18:19:45.212+0700 [DEBUG] provider.terraform-provider-azurerm_v5.0.0_x5: [DEBUG] Registering Resources for "Policy"..
2026-09-01T18:19:45.213+0700 [DEBUG] provider.terraform-provider-azurerm_v5.0.0_x5: [DEBUG] Registering Data Sources for "PostgreSQL"..
2026-09-01T18:19:45.213+0700 [DEBUG] provider.terraform-provider-azurerm_v5.0.0_x5: [DEBUG] Registering Resources for "PostgreSQL"..
2026-09-01T18:19:45.213+0700 [DEBUG] provider.terraform-provider-azurerm_v5.0.0_x5: [DEBUG] Registering Data Sources for "Private DNS Resolver"..
2026-09-01T18:19:45.213+0700 [DEBUG] provider.terraform-provider-azurerm_v5.0.0_x5: [DEBUG] Registering Resources for "Private DNS Resolver"..
2026-09-01T18:19:45.213+0700 [DEBUG] provider.terraform-provider-azurerm_v5.0.0_x5: [DEBUG] Registering Data Sources for "Qumulo"..
2026-09-01T18:19:45.213+0700 [DEBUG] provider.terraform-provider-azurerm_v5.0.0_x5: [DEBUG] Registering Resources for "Qumulo"..
2026-09-01T18:19:45.213+0700 [DEBUG] provider.terraform-provider-azurerm_v5.0.0_x5: [DEBUG] Registering Data Sources for "Recovery Services"..
2026-09-01T18:19:45.213+0700 [DEBUG] provider.terraform-provider-azurerm_v5.0.0_x5: [DEBUG] Registering Resources for "Recovery Services"..
2026-09-01T18:19:45.213+0700 [DEBUG] provider.terraform-provider-azurerm_v5.0.0_x5: [DEBUG] Registering Data Sources for "Red Hat OpenShift"..
2026-09-01T18:19:45.213+0700 [DEBUG] provider.terraform-provider-azurerm_v5.0.0_x5: [DEBUG] Registering Resources for "Red Hat OpenShift"..
2026-09-01T18:19:45.213+0700 [DEBUG] provider.terraform-provider-azurerm_v5.0.0_x5: [DEBUG] Registering Data Sources for "Redis"..
2026-09-01T18:19:45.213+0700 [DEBUG] provider.terraform-provider-azurerm_v5.0.0_x5: [DEBUG] Registering Resources for "Redis"..
2026-09-01T18:19:45.213+0700 [DEBUG] provider.terraform-provider-azurerm_v5.0.0_x5: [DEBUG] Registering Data Sources for "Resources"..
2026-09-01T18:19:45.213+0700 [DEBUG] provider.terraform-provider-azurerm_v5.0.0_x5: [DEBUG] Registering Resources for "Resources"..
2026-09-01T18:19:45.214+0700 [DEBUG] provider.terraform-provider-azurerm_v5.0.0_x5: [DEBUG] Registering Data Sources for "Search"..
2026-09-01T18:19:45.214+0700 [DEBUG] provider.terraform-provider-azurerm_v5.0.0_x5: [DEBUG] Registering Resources for "Search"..
2026-09-01T18:19:45.214+0700 [DEBUG] provider.terraform-provider-azurerm_v5.0.0_x5: [DEBUG] Registering Data Sources for "Security Center"..
2026-09-01T18:19:45.214+0700 [DEBUG] provider.terraform-provider-azurerm_v5.0.0_x5: [DEBUG] Registering Resources for "Security Center"..
2026-09-01T18:19:45.214+0700 [DEBUG] provider.terraform-provider-azurerm_v5.0.0_x5: [DEBUG] Registering Data Sources for "Sentinel"..
2026-09-01T18:19:45.214+0700 [DEBUG] provider.terraform-provider-azurerm_v5.0.0_x5: [DEBUG] Registering Resources for "Sentinel"..
2026-09-01T18:19:45.214+0700 [DEBUG] provider.terraform-provider-azurerm_v5.0.0_x5: [DEBUG] Registering Data Sources for "ServiceBus"..
2026-09-01T18:19:45.214+0700 [DEBUG] provider.terraform-provider-azurerm_v5.0.0_x5: [DEBUG] Registering Resources for "ServiceBus"..
2026-09-01T18:19:45.214+0700 [DEBUG] provider.terraform-provider-azurerm_v5.0.0_x5: [DEBUG] Registering Data Sources for "ServiceConnector"..
2026-09-01T18:19:45.214+0700 [DEBUG] provider.terraform-provider-azurerm_v5.0.0_x5: [DEBUG] Registering Resources for "ServiceConnector"..
2026-09-01T18:19:45.214+0700 [DEBUG] provider.terraform-provider-azurerm_v5.0.0_x5: [DEBUG] Registering Data Sources for "Service Fabric Managed Clusters"..
2026-09-01T18:19:45.214+0700 [DEBUG] provider.terraform-provider-azurerm_v5.0.0_x5: [DEBUG] Registering Resources for "Service Fabric Managed Clusters"..
2026-09-01T18:19:45.214+0700 [DEBUG] provider.terraform-provider-azurerm_v5.0.0_x5: [DEBUG] Registering Data Sources for "Service Networking"..
2026-09-01T18:19:45.214+0700 [DEBUG] provider.terraform-provider-azurerm_v5.0.0_x5: [DEBUG] Registering Resources for "Service Networking"..
2026-09-01T18:19:45.214+0700 [DEBUG] provider.terraform-provider-azurerm_v5.0.0_x5: [DEBUG] Registering Data Sources for "SignalR"..
2026-09-01T18:19:45.214+0700 [DEBUG] provider.terraform-provider-azurerm_v5.0.0_x5: [DEBUG] Registering Resources for "SignalR"..
2026-09-01T18:19:45.214+0700 [DEBUG] provider.terraform-provider-azurerm_v5.0.0_x5: [DEBUG] Registering Data Sources for "Spring Cloud"..
2026-09-01T18:19:45.214+0700 [DEBUG] provider.terraform-provider-azurerm_v5.0.0_x5: [DEBUG] Registering Resources for "Spring Cloud"..
2026-09-01T18:19:45.215+0700 [DEBUG] provider.terraform-provider-azurerm_v5.0.0_x5: [DEBUG] Registering Data Sources for "Storage"..
2026-09-01T18:19:45.215+0700 [DEBUG] provider.terraform-provider-azurerm_v5.0.0_x5: [DEBUG] Registering Resources for "Storage"..
2026-09-01T18:19:45.215+0700 [DEBUG] provider.terraform-provider-azurerm_v5.0.0_x5: [DEBUG] Registering Data Sources for "Storage Cache"..
2026-09-01T18:19:45.215+0700 [DEBUG] provider.terraform-provider-azurerm_v5.0.0_x5: [DEBUG] Registering Resources for "Storage Cache"..
2026-09-01T18:19:45.215+0700 [DEBUG] provider.terraform-provider-azurerm_v5.0.0_x5: [DEBUG] Registering Data Sources for "Storage Mover"..
2026-09-01T18:19:45.215+0700 [DEBUG] provider.terraform-provider-azurerm_v5.0.0_x5: [DEBUG] Registering Resources for "Storage Mover"..
2026-09-01T18:19:45.215+0700 [DEBUG] provider.terraform-provider-azurerm_v5.0.0_x5: [DEBUG] Registering Data Sources for "Stream Analytics"..
2026-09-01T18:19:45.215+0700 [DEBUG] provider.terraform-provider-azurerm_v5.0.0_x5: [DEBUG] Registering Resources for "Stream Analytics"..
2026-09-01T18:19:45.216+0700 [DEBUG] provider.terraform-provider-azurerm_v5.0.0_x5: [DEBUG] Registering Data Sources for "Subscription"..
2026-09-01T18:19:45.216+0700 [DEBUG] provider.terraform-provider-azurerm_v5.0.0_x5: [DEBUG] Registering Resources for "Subscription"..
2026-09-01T18:19:45.216+0700 [DEBUG] provider.terraform-provider-azurerm_v5.0.0_x5: [DEBUG] Registering Data Sources for "System Center Virtual Machine Manager"..
2026-09-01T18:19:45.216+0700 [DEBUG] provider.terraform-provider-azurerm_v5.0.0_x5: [DEBUG] Registering Resources for "System Center Virtual Machine Manager"..
2026-09-01T18:19:45.216+0700 [DEBUG] provider.terraform-provider-azurerm_v5.0.0_x5: [DEBUG] Registering Data Sources for "VideoIndexer"..
2026-09-01T18:19:45.216+0700 [DEBUG] provider.terraform-provider-azurerm_v5.0.0_x5: [DEBUG] Registering Resources for "VideoIndexer"..
2026-09-01T18:19:45.216+0700 [DEBUG] provider.terraform-provider-azurerm_v5.0.0_x5: [DEBUG] Registering Data Sources for "VMware"..
2026-09-01T18:19:45.216+0700 [DEBUG] provider.terraform-provider-azurerm_v5.0.0_x5: [DEBUG] Registering Resources for "VMware"..
2026-09-01T18:19:45.216+0700 [DEBUG] provider.terraform-provider-azurerm_v5.0.0_x5: [DEBUG] Registering Data Sources for "Web"..
2026-09-01T18:19:45.216+0700 [DEBUG] provider.terraform-provider-azurerm_v5.0.0_x5: [DEBUG] Registering Resources for "Web"..
2026-09-01T18:19:45.216+0700 [DEBUG] provider.terraform-provider-azurerm_v5.0.0_x5: [DEBUG] Registering Data Sources for "Workloads"..
2026-09-01T18:19:45.216+0700 [DEBUG] provider.terraform-provider-azurerm_v5.0.0_x5: [DEBUG] Registering Resources for "Workloads"..
2026-09-01T18:19:45.216+0700 [DEBUG] provider.terraform-provider-azurerm_v5.0.0_x5: [DEBUG] Registering Data Sources for "ChaosStudio"..
2026-09-01T18:19:45.216+0700 [DEBUG] provider.terraform-provider-azurerm_v5.0.0_x5: [DEBUG] Registering Resources for "ChaosStudio"..
2026-09-01T18:19:45.216+0700 [DEBUG] provider.terraform-provider-azurerm_v5.0.0_x5: [DEBUG] Registering Data Sources for "Container Services"..
2026-09-01T18:19:45.216+0700 [DEBUG] provider.terraform-provider-azurerm_v5.0.0_x5: [DEBUG] Registering Resources for "Container Services"..
2026-09-01T18:19:45.217+0700 [DEBUG] provider.terraform-provider-azurerm_v5.0.0_x5: [DEBUG] Registering Data Sources for "Dev Center"..
2026-09-01T18:19:45.217+0700 [DEBUG] provider.terraform-provider-azurerm_v5.0.0_x5: [DEBUG] Registering Resources for "Dev Center"..
2026-09-01T18:19:45.217+0700 [DEBUG] provider.terraform-provider-azurerm_v5.0.0_x5: [DEBUG] Registering Data Sources for "ManagedIdentity"..
2026-09-01T18:19:45.217+0700 [DEBUG] provider.terraform-provider-azurerm_v5.0.0_x5: [DEBUG] Registering Resources for "ManagedIdentity"..
2026-09-01T18:19:45.217+0700 [DEBUG] provider.terraform-provider-azurerm_v5.0.0_x5: [DEBUG] Registering Data Sources for "Advisor"..
2026-09-01T18:19:45.217+0700 [DEBUG] provider.terraform-provider-azurerm_v5.0.0_x5: [DEBUG] Registering Resources for "Advisor"..
2026-09-01T18:19:45.217+0700 [DEBUG] provider.terraform-provider-azurerm_v5.0.0_x5: [DEBUG] Registering Data Sources for "Analysis Services"..
2026-09-01T18:19:45.217+0700 [DEBUG] provider.terraform-provider-azurerm_v5.0.0_x5: [DEBUG] Registering Resources for "Analysis Services"..
2026-09-01T18:19:45.217+0700 [DEBUG] provider.terraform-provider-azurerm_v5.0.0_x5: [DEBUG] Registering Data Sources for "API Management"..
2026-09-01T18:19:45.217+0700 [DEBUG] provider.terraform-provider-azurerm_v5.0.0_x5: [DEBUG] Registering Resources for "API Management"..
2026-09-01T18:19:45.218+0700 [DEBUG] provider.terraform-provider-azurerm_v5.0.0_x5: [DEBUG] Registering Data Sources for "App Configuration"..
2026-09-01T18:19:45.218+0700 [DEBUG] provider.terraform-provider-azurerm_v5.0.0_x5: [DEBUG] Registering Resources for "App Configuration"..
2026-09-01T18:19:45.218+0700 [DEBUG] provider.terraform-provider-azurerm_v5.0.0_x5: [DEBUG] Registering Data Sources for "Application Insights"..
2026-09-01T18:19:45.218+0700 [DEBUG] provider.terraform-provider-azurerm_v5.0.0_x5: [DEBUG] Registering Resources for "Application Insights"..
2026-09-01T18:19:45.218+0700 [DEBUG] provider.terraform-provider-azurerm_v5.0.0_x5: [DEBUG] Registering Data Sources for "ArcKubernetes"..
2026-09-01T18:19:45.218+0700 [DEBUG] provider.terraform-provider-azurerm_v5.0.0_x5: [DEBUG] Registering Resources for "ArcKubernetes"..
2026-09-01T18:19:45.218+0700 [DEBUG] provider.terraform-provider-azurerm_v5.0.0_x5: [DEBUG] Registering Data Sources for "Attestation"..
2026-09-01T18:19:45.218+0700 [DEBUG] provider.terraform-provider-azurerm_v5.0.0_x5: [DEBUG] Registering Resources for "Attestation"..
2026-09-01T18:19:45.218+0700 [DEBUG] provider.terraform-provider-azurerm_v5.0.0_x5: [DEBUG] Registering Data Sources for "Authorization"..
2026-09-01T18:19:45.218+0700 [DEBUG] provider.terraform-provider-azurerm_v5.0.0_x5: [DEBUG] Registering Resources for "Authorization"..
2026-09-01T18:19:45.218+0700 [DEBUG] provider.terraform-provider-azurerm_v5.0.0_x5: [DEBUG] Registering Data Sources for "Automation"..
2026-09-01T18:19:45.218+0700 [DEBUG] provider.terraform-provider-azurerm_v5.0.0_x5: [DEBUG] Registering Resources for "Automation"..
2026-09-01T18:19:45.219+0700 [DEBUG] provider.terraform-provider-azurerm_v5.0.0_x5: [DEBUG] Registering Data Sources for "Azure Stack HCI"..
2026-09-01T18:19:45.219+0700 [DEBUG] provider.terraform-provider-azurerm_v5.0.0_x5: [DEBUG] Registering Resources for "Azure Stack HCI"..
2026-09-01T18:19:45.219+0700 [DEBUG] provider.terraform-provider-azurerm_v5.0.0_x5: [DEBUG] Registering Data Sources for "Batch"..
2026-09-01T18:19:45.219+0700 [DEBUG] provider.terraform-provider-azurerm_v5.0.0_x5: [DEBUG] Registering Resources for "Batch"..
2026-09-01T18:19:45.219+0700 [DEBUG] provider.terraform-provider-azurerm_v5.0.0_x5: [DEBUG] Registering Data Sources for "Billing"..
2026-09-01T18:19:45.220+0700 [DEBUG] provider.terraform-provider-azurerm_v5.0.0_x5: [DEBUG] Registering Resources for "Billing"..
2026-09-01T18:19:45.220+0700 [DEBUG] provider.terraform-provider-azurerm_v5.0.0_x5: [DEBUG] Registering Data Sources for "Blueprints"..
2026-09-01T18:19:45.220+0700 [DEBUG] provider.terraform-provider-azurerm_v5.0.0_x5: [DEBUG] Registering Resources for "Blueprints"..
2026-09-01T18:19:45.220+0700 [DEBUG] provider.terraform-provider-azurerm_v5.0.0_x5: [DEBUG] Registering Data Sources for "Bot"..
2026-09-01T18:19:45.220+0700 [DEBUG] provider.terraform-provider-azurerm_v5.0.0_x5: [DEBUG] Registering Resources for "Bot"..
2026-09-01T18:19:45.220+0700 [DEBUG] provider.terraform-provider-azurerm_v5.0.0_x5: [DEBUG] Registering Data Sources for "CDN"..
2026-09-01T18:19:45.220+0700 [DEBUG] provider.terraform-provider-azurerm_v5.0.0_x5: [DEBUG] Registering Resources for "CDN"..
2026-09-01T18:19:45.221+0700 [DEBUG] provider.terraform-provider-azurerm_v5.0.0_x5: [DEBUG] Registering Data Sources for "Cognitive Services"..
2026-09-01T18:19:45.221+0700 [DEBUG] provider.terraform-provider-azurerm_v5.0.0_x5: [DEBUG] Registering Resources for "Cognitive Services"..
2026-09-01T18:19:45.221+0700 [DEBUG] provider.terraform-provider-azurerm_v5.0.0_x5: [DEBUG] Registering Data Sources for "Compute"..
2026-09-01T18:19:45.221+0700 [DEBUG] provider.terraform-provider-azurerm_v5.0.0_x5: [DEBUG] Registering Resources for "Compute"..
2026-09-01T18:19:45.222+0700 [DEBUG] provider.terraform-provider-azurerm_v5.0.0_x5: [DEBUG] Registering Data Sources for "Confidential Ledger"..
2026-09-01T18:19:45.222+0700 [DEBUG] provider.terraform-provider-azurerm_v5.0.0_x5: [DEBUG] Registering Resources for "Confidential Ledger"..
2026-09-01T18:19:45.222+0700 [DEBUG] provider.terraform-provider-azurerm_v5.0.0_x5: [DEBUG] Registering Data Sources for "Connections"..
2026-09-01T18:19:45.222+0700 [DEBUG] provider.terraform-provider-azurerm_v5.0.0_x5: [DEBUG] Registering Resources for "Connections"..
2026-09-01T18:19:45.222+0700 [DEBUG] provider.terraform-provider-azurerm_v5.0.0_x5: [DEBUG] Registering Data Sources for "Consumption"..
2026-09-01T18:19:45.222+0700 [DEBUG] provider.terraform-provider-azurerm_v5.0.0_x5: [DEBUG] Registering Resources for "Consumption"..
2026-09-01T18:19:45.222+0700 [DEBUG] provider.terraform-provider-azurerm_v5.0.0_x5: [DEBUG] Registering Data Sources for "Container Services"..
2026-09-01T18:19:45.222+0700 [DEBUG] provider.terraform-provider-azurerm_v5.0.0_x5: [DEBUG] Registering Resources for "Container Services"..
2026-09-01T18:19:45.223+0700 [DEBUG] provider.terraform-provider-azurerm_v5.0.0_x5: [DEBUG] Registering Data Sources for "CosmosDB"..
2026-09-01T18:19:45.223+0700 [DEBUG] provider.terraform-provider-azurerm_v5.0.0_x5: [DEBUG] Registering Resources for "CosmosDB"..
2026-09-01T18:19:45.223+0700 [DEBUG] provider.terraform-provider-azurerm_v5.0.0_x5: [DEBUG] Registering Data Sources for "Custom Providers"..
2026-09-01T18:19:45.223+0700 [DEBUG] provider.terraform-provider-azurerm_v5.0.0_x5: [DEBUG] Registering Resources for "Custom Providers"..
2026-09-01T18:19:45.223+0700 [DEBUG] provider.terraform-provider-azurerm_v5.0.0_x5: [DEBUG] Registering Data Sources for "Dashboard"..
2026-09-01T18:19:45.223+0700 [DEBUG] provider.terraform-provider-azurerm_v5.0.0_x5: [DEBUG] Registering Resources for "Dashboard"..
2026-09-01T18:19:45.223+0700 [DEBUG] provider.terraform-provider-azurerm_v5.0.0_x5: [DEBUG] Registering Data Sources for "Database Migration"..
2026-09-01T18:19:45.223+0700 [DEBUG] provider.terraform-provider-azurerm_v5.0.0_x5: [DEBUG] Registering Resources for "Database Migration"..
2026-09-01T18:19:45.223+0700 [DEBUG] provider.terraform-provider-azurerm_v5.0.0_x5: [DEBUG] Registering Data Sources for "Databox Edge"..
2026-09-01T18:19:45.223+0700 [DEBUG] provider.terraform-provider-azurerm_v5.0.0_x5: [DEBUG] Registering Resources for "Databox Edge"..
2026-09-01T18:19:45.223+0700 [DEBUG] provider.terraform-provider-azurerm_v5.0.0_x5: [DEBUG] Registering Data Sources for "DataBricks"..
2026-09-01T18:19:45.223+0700 [DEBUG] provider.terraform-provider-azurerm_v5.0.0_x5: [DEBUG] Registering Resources for "DataBricks"..
2026-09-01T18:19:45.223+0700 [DEBUG] provider.terraform-provider-azurerm_v5.0.0_x5: [DEBUG] Registering Data Sources for "Datadog"..
2026-09-01T18:19:45.223+0700 [DEBUG] provider.terraform-provider-azurerm_v5.0.0_x5: [DEBUG] Registering Resources for "Datadog"..
2026-09-01T18:19:45.223+0700 [DEBUG] provider.terraform-provider-azurerm_v5.0.0_x5: [DEBUG] Registering Data Sources for "Data Factory"..
2026-09-01T18:19:45.223+0700 [DEBUG] provider.terraform-provider-azurerm_v5.0.0_x5: [DEBUG] Registering Resources for "Data Factory"..
2026-09-01T18:19:45.224+0700 [DEBUG] provider.terraform-provider-azurerm_v5.0.0_x5: [DEBUG] Registering Data Sources for "DataProtection"..
2026-09-01T18:19:45.224+0700 [DEBUG] provider.terraform-provider-azurerm_v5.0.0_x5: [DEBUG] Registering Resources for "DataProtection"..
2026-09-01T18:19:45.224+0700 [DEBUG] provider.terraform-provider-azurerm_v5.0.0_x5: [DEBUG] Registering Data Sources for "Data Share"..
2026-09-01T18:19:45.225+0700 [DEBUG] provider.terraform-provider-azurerm_v5.0.0_x5: [DEBUG] Registering Resources for "Data Share"..
2026-09-01T18:19:45.225+0700 [DEBUG] provider.terraform-provider-azurerm_v5.0.0_x5: [DEBUG] Registering Data Sources for "Desktop Virtualization"..
2026-09-01T18:19:45.225+0700 [DEBUG] provider.terraform-provider-azurerm_v5.0.0_x5: [DEBUG] Registering Resources for "Desktop Virtualization"..
2026-09-01T18:19:45.225+0700 [DEBUG] provider.terraform-provider-azurerm_v5.0.0_x5: [DEBUG] Registering Data Sources for "Dev Test"..
2026-09-01T18:19:45.225+0700 [DEBUG] provider.terraform-provider-azurerm_v5.0.0_x5: [DEBUG] Registering Resources for "Dev Test"..
2026-09-01T18:19:45.226+0700 [DEBUG] provider.terraform-provider-azurerm_v5.0.0_x5: [DEBUG] Registering Data Sources for "Digital Twins"..
2026-09-01T18:19:45.226+0700 [DEBUG] provider.terraform-provider-azurerm_v5.0.0_x5: [DEBUG] Registering Resources for "Digital Twins"..
2026-09-01T18:19:45.226+0700 [DEBUG] provider.terraform-provider-azurerm_v5.0.0_x5: [DEBUG] Registering Data Sources for "DNS"..
2026-09-01T18:19:45.226+0700 [DEBUG] provider.terraform-provider-azurerm_v5.0.0_x5: [DEBUG] Registering Resources for "DNS"..
2026-09-01T18:19:45.226+0700 [DEBUG] provider.terraform-provider-azurerm_v5.0.0_x5: [DEBUG] Registering Data Sources for "DomainServices"..
2026-09-01T18:19:45.226+0700 [DEBUG] provider.terraform-provider-azurerm_v5.0.0_x5: [DEBUG] Registering Resources for "DomainServices"..
2026-09-01T18:19:45.226+0700 [DEBUG] provider.terraform-provider-azurerm_v5.0.0_x5: [DEBUG] Registering Data Sources for "Elastic"..
2026-09-01T18:19:45.226+0700 [DEBUG] provider.terraform-provider-azurerm_v5.0.0_x5: [DEBUG] Registering Resources for "Elastic"..
2026-09-01T18:19:45.226+0700 [DEBUG] provider.terraform-provider-azurerm_v5.0.0_x5: [DEBUG] Registering Data Sources for "EventGrid"..
2026-09-01T18:19:45.226+0700 [DEBUG] provider.terraform-provider-azurerm_v5.0.0_x5: [DEBUG] Registering Resources for "EventGrid"..
2026-09-01T18:19:45.226+0700 [DEBUG] provider.terraform-provider-azurerm_v5.0.0_x5: [DEBUG] Registering Data Sources for "EventHub"..
2026-09-01T18:19:45.226+0700 [DEBUG] provider.terraform-provider-azurerm_v5.0.0_x5: [DEBUG] Registering Resources for "EventHub"..
2026-09-01T18:19:45.227+0700 [DEBUG] provider.terraform-provider-azurerm_v5.0.0_x5: [DEBUG] Registering Data Sources for "Firewall"..
2026-09-01T18:19:45.227+0700 [DEBUG] provider.terraform-provider-azurerm_v5.0.0_x5: [DEBUG] Registering Resources for "Firewall"..
2026-09-01T18:19:45.228+0700 [DEBUG] provider.terraform-provider-azurerm_v5.0.0_x5: [DEBUG] Registering Data Sources for "FrontDoor"..
2026-09-01T18:19:45.228+0700 [DEBUG] provider.terraform-provider-azurerm_v5.0.0_x5: [DEBUG] Registering Resources for "FrontDoor"..
2026-09-01T18:19:45.228+0700 [DEBUG] provider.terraform-provider-azurerm_v5.0.0_x5: [DEBUG] Registering Data Sources for "HDInsight"..
2026-09-01T18:19:45.228+0700 [DEBUG] provider.terraform-provider-azurerm_v5.0.0_x5: [DEBUG] Registering Resources for "HDInsight"..
2026-09-01T18:19:45.228+0700 [DEBUG] provider.terraform-provider-azurerm_v5.0.0_x5: [DEBUG] Registering Data Sources for "Health Care"..
2026-09-01T18:19:45.228+0700 [DEBUG] provider.terraform-provider-azurerm_v5.0.0_x5: [DEBUG] Registering Resources for "Health Care"..
2026-09-01T18:19:45.229+0700 [DEBUG] provider.terraform-provider-azurerm_v5.0.0_x5: [DEBUG] Registering Data Sources for "Hardware Security Module"..
2026-09-01T18:19:45.229+0700 [DEBUG] provider.terraform-provider-azurerm_v5.0.0_x5: [DEBUG] Registering Resources for "Hardware Security Module"..
2026-09-01T18:19:45.229+0700 [DEBUG] provider.terraform-provider-azurerm_v5.0.0_x5: [DEBUG] Registering Data Sources for "IoT Central"..
2026-09-01T18:19:45.229+0700 [DEBUG] provider.terraform-provider-azurerm_v5.0.0_x5: [DEBUG] Registering Resources for "IoT Central"..
2026-09-01T18:19:45.229+0700 [DEBUG] provider.terraform-provider-azurerm_v5.0.0_x5: [DEBUG] Registering Data Sources for "IoT Hub"..
2026-09-01T18:19:45.229+0700 [DEBUG] provider.terraform-provider-azurerm_v5.0.0_x5: [DEBUG] Registering Resources for "IoT Hub"..
2026-09-01T18:19:45.230+0700 [DEBUG] provider.terraform-provider-azurerm_v5.0.0_x5: [DEBUG] Registering Data Sources for "KeyVault"..
2026-09-01T18:19:45.230+0700 [DEBUG] provider.terraform-provider-azurerm_v5.0.0_x5: [DEBUG] Registering Resources for "KeyVault"..
2026-09-01T18:19:45.230+0700 [DEBUG] provider.terraform-provider-azurerm_v5.0.0_x5: [DEBUG] Registering Data Sources for "Kusto"..
2026-09-01T18:19:45.230+0700 [DEBUG] provider.terraform-provider-azurerm_v5.0.0_x5: [DEBUG] Registering Resources for "Kusto"..
2026-09-01T18:19:45.230+0700 [DEBUG] provider.terraform-provider-azurerm_v5.0.0_x5: [DEBUG] Registering Data Sources for "Legacy"..
2026-09-01T18:19:45.230+0700 [DEBUG] provider.terraform-provider-azurerm_v5.0.0_x5: [DEBUG] Registering Resources for "Legacy"..
2026-09-01T18:19:45.230+0700 [DEBUG] provider.terraform-provider-azurerm_v5.0.0_x5: [DEBUG] Registering Data Sources for "Lighthouse"..
2026-09-01T18:19:45.230+0700 [DEBUG] provider.terraform-provider-azurerm_v5.0.0_x5: [DEBUG] Registering Resources for "Lighthouse"..
2026-09-01T18:19:45.230+0700 [DEBUG] provider.terraform-provider-azurerm_v5.0.0_x5: [DEBUG] Registering Data Sources for "Load Balancer"..
2026-09-01T18:19:45.230+0700 [DEBUG] provider.terraform-provider-azurerm_v5.0.0_x5: [DEBUG] Registering Resources for "Load Balancer"..
2026-09-01T18:19:45.231+0700 [DEBUG] provider.terraform-provider-azurerm_v5.0.0_x5: [DEBUG] Registering Data Sources for "Log Analytics"..
2026-09-01T18:19:45.231+0700 [DEBUG] provider.terraform-provider-azurerm_v5.0.0_x5: [DEBUG] Registering Resources for "Log Analytics"..
2026-09-01T18:19:45.231+0700 [DEBUG] provider.terraform-provider-azurerm_v5.0.0_x5: [DEBUG] Registering Data Sources for "Logic"..
2026-09-01T18:19:45.231+0700 [DEBUG] provider.terraform-provider-azurerm_v5.0.0_x5: [DEBUG] Registering Resources for "Logic"..
2026-09-01T18:19:45.231+0700 [DEBUG] provider.terraform-provider-azurerm_v5.0.0_x5: [DEBUG] Registering Data Sources for "Machine Learning"..
2026-09-01T18:19:45.231+0700 [DEBUG] provider.terraform-provider-azurerm_v5.0.0_x5: [DEBUG] Registering Resources for "Machine Learning"..
2026-09-01T18:19:45.231+0700 [DEBUG] provider.terraform-provider-azurerm_v5.0.0_x5: [DEBUG] Registering Data Sources for "Maintenance"..
2026-09-01T18:19:45.231+0700 [DEBUG] provider.terraform-provider-azurerm_v5.0.0_x5: [DEBUG] Registering Resources for "Maintenance"..
2026-09-01T18:19:45.231+0700 [DEBUG] provider.terraform-provider-azurerm_v5.0.0_x5: [DEBUG] Registering Data Sources for "Managed Applications"..
2026-09-01T18:19:45.231+0700 [DEBUG] provider.terraform-provider-azurerm_v5.0.0_x5: [DEBUG] Registering Resources for "Managed Applications"..
2026-09-01T18:19:45.231+0700 [DEBUG] provider.terraform-provider-azurerm_v5.0.0_x5: [DEBUG] Registering Data Sources for "Managed HSM"..
2026-09-01T18:19:45.231+0700 [DEBUG] provider.terraform-provider-azurerm_v5.0.0_x5: [DEBUG] Registering Resources for "Managed HSM"..
2026-09-01T18:19:45.231+0700 [DEBUG] provider.terraform-provider-azurerm_v5.0.0_x5: [DEBUG] Registering Data Sources for "ManagedIdentity"..
2026-09-01T18:19:45.231+0700 [DEBUG] provider.terraform-provider-azurerm_v5.0.0_x5: [DEBUG] Registering Resources for "ManagedIdentity"..
2026-09-01T18:19:45.231+0700 [DEBUG] provider.terraform-provider-azurerm_v5.0.0_x5: [DEBUG] Registering Data Sources for "Management Group"..
2026-09-01T18:19:45.231+0700 [DEBUG] provider.terraform-provider-azurerm_v5.0.0_x5: [DEBUG] Registering Resources for "Management Group"..
2026-09-01T18:19:45.231+0700 [DEBUG] provider.terraform-provider-azurerm_v5.0.0_x5: [DEBUG] Registering Data Sources for "Maps"..
2026-09-01T18:19:45.231+0700 [DEBUG] provider.terraform-provider-azurerm_v5.0.0_x5: [DEBUG] Registering Resources for "Maps"..
2026-09-01T18:19:45.231+0700 [DEBUG] provider.terraform-provider-azurerm_v5.0.0_x5: [DEBUG] Registering Data Sources for "Monitor"..
2026-09-01T18:19:45.232+0700 [DEBUG] provider.terraform-provider-azurerm_v5.0.0_x5: [DEBUG] Registering Resources for "Monitor"..
2026-09-01T18:19:45.232+0700 [DEBUG] provider.terraform-provider-azurerm_v5.0.0_x5: [DEBUG] Registering Data Sources for "Microsoft SQL Server / Azure SQL"..
2026-09-01T18:19:45.232+0700 [DEBUG] provider.terraform-provider-azurerm_v5.0.0_x5: [DEBUG] Registering Resources for "Microsoft SQL Server / Azure SQL"..
2026-09-01T18:19:45.232+0700 [DEBUG] provider.terraform-provider-azurerm_v5.0.0_x5: [DEBUG] Registering Data Sources for "Microsoft SQL Server Managed Instances"..
2026-09-01T18:19:45.232+0700 [DEBUG] provider.terraform-provider-azurerm_v5.0.0_x5: [DEBUG] Registering Resources for "Microsoft SQL Server Managed Instances"..
2026-09-01T18:19:45.232+0700 [DEBUG] provider.terraform-provider-azurerm_v5.0.0_x5: [DEBUG] Registering Data Sources for "MySQL"..
2026-09-01T18:19:45.232+0700 [DEBUG] provider.terraform-provider-azurerm_v5.0.0_x5: [DEBUG] Registering Resources for "MySQL"..
2026-09-01T18:19:45.232+0700 [DEBUG] provider.terraform-provider-azurerm_v5.0.0_x5: [DEBUG] Registering Data Sources for "NetApp"..
2026-09-01T18:19:45.232+0700 [DEBUG] provider.terraform-provider-azurerm_v5.0.0_x5: [DEBUG] Registering Resources for "NetApp"..
2026-09-01T18:19:45.233+0700 [DEBUG] provider.terraform-provider-azurerm_v5.0.0_x5: [DEBUG] Registering Data Sources for "Network"..
2026-09-01T18:19:45.233+0700 [DEBUG] provider.terraform-provider-azurerm_v5.0.0_x5: [DEBUG] Registering Resources for "Network"..
2026-09-01T18:19:45.234+0700 [DEBUG] provider.terraform-provider-azurerm_v5.0.0_x5: [DEBUG] Registering Data Sources for "Notification Hub"..
2026-09-01T18:19:45.234+0700 [DEBUG] provider.terraform-provider-azurerm_v5.0.0_x5: [DEBUG] Registering Resources for "Notification Hub"..
2026-09-01T18:19:45.234+0700 [DEBUG] provider.terraform-provider-azurerm_v5.0.0_x5: [DEBUG] Registering Data Sources for "Policy"..
2026-09-01T18:19:45.234+0700 [DEBUG] provider.terraform-provider-azurerm_v5.0.0_x5: [DEBUG] Registering Resources for "Policy"..
2026-09-01T18:19:45.234+0700 [DEBUG] provider.terraform-provider-azurerm_v5.0.0_x5: [DEBUG] Registering Data Sources for "Portal"..
2026-09-01T18:19:45.234+0700 [DEBUG] provider.terraform-provider-azurerm_v5.0.0_x5: [DEBUG] Registering Resources for "Portal"..
2026-09-01T18:19:45.234+0700 [DEBUG] provider.terraform-provider-azurerm_v5.0.0_x5: [DEBUG] Registering Data Sources for "PostgreSQL"..
2026-09-01T18:19:45.234+0700 [DEBUG] provider.terraform-provider-azurerm_v5.0.0_x5: [DEBUG] Registering Resources for "PostgreSQL"..
2026-09-01T18:19:45.234+0700 [DEBUG] provider.terraform-provider-azurerm_v5.0.0_x5: [DEBUG] Registering Data Sources for "PowerBI"..
2026-09-01T18:19:45.234+0700 [DEBUG] provider.terraform-provider-azurerm_v5.0.0_x5: [DEBUG] Registering Resources for "PowerBI"..
2026-09-01T18:19:45.234+0700 [DEBUG] provider.terraform-provider-azurerm_v5.0.0_x5: [DEBUG] Registering Data Sources for "Private DNS"..
2026-09-01T18:19:45.234+0700 [DEBUG] provider.terraform-provider-azurerm_v5.0.0_x5: [DEBUG] Registering Resources for "Private DNS"..
2026-09-01T18:19:45.234+0700 [DEBUG] provider.terraform-provider-azurerm_v5.0.0_x5: [DEBUG] Registering Data Sources for "Purview"..
2026-09-01T18:19:45.234+0700 [DEBUG] provider.terraform-provider-azurerm_v5.0.0_x5: [DEBUG] Registering Resources for "Purview"..
2026-09-01T18:19:45.234+0700 [DEBUG] provider.terraform-provider-azurerm_v5.0.0_x5: [DEBUG] Registering Data Sources for "Recovery Services"..
2026-09-01T18:19:45.235+0700 [DEBUG] provider.terraform-provider-azurerm_v5.0.0_x5: [DEBUG] Registering Resources for "Recovery Services"..
2026-09-01T18:19:45.235+0700 [DEBUG] provider.terraform-provider-azurerm_v5.0.0_x5: [DEBUG] Registering Data Sources for "Redis"..
2026-09-01T18:19:45.235+0700 [DEBUG] provider.terraform-provider-azurerm_v5.0.0_x5: [DEBUG] Registering Resources for "Redis"..
2026-09-01T18:19:45.235+0700 [DEBUG] provider.terraform-provider-azurerm_v5.0.0_x5: [DEBUG] Registering Data Sources for "Redis Enterprise"..
2026-09-01T18:19:45.235+0700 [DEBUG] provider.terraform-provider-azurerm_v5.0.0_x5: [DEBUG] Registering Resources for "Redis Enterprise"..
2026-09-01T18:19:45.235+0700 [DEBUG] provider.terraform-provider-azurerm_v5.0.0_x5: [DEBUG] Registering Data Sources for "Relay"..
2026-09-01T18:19:45.235+0700 [DEBUG] provider.terraform-provider-azurerm_v5.0.0_x5: [DEBUG] Registering Resources for "Relay"..
2026-09-01T18:19:45.235+0700 [DEBUG] provider.terraform-provider-azurerm_v5.0.0_x5: [DEBUG] Registering Data Sources for "Resources"..
2026-09-01T18:19:45.235+0700 [DEBUG] provider.terraform-provider-azurerm_v5.0.0_x5: [DEBUG] Registering Resources for "Resources"..
2026-09-01T18:19:45.235+0700 [DEBUG] provider.terraform-provider-azurerm_v5.0.0_x5: [DEBUG] Registering Data Sources for "Search"..
2026-09-01T18:19:45.235+0700 [DEBUG] provider.terraform-provider-azurerm_v5.0.0_x5: [DEBUG] Registering Resources for "Search"..
2026-09-01T18:19:45.235+0700 [DEBUG] provider.terraform-provider-azurerm_v5.0.0_x5: [DEBUG] Registering Data Sources for "Security Center"..
2026-09-01T18:19:45.235+0700 [DEBUG] provider.terraform-provider-azurerm_v5.0.0_x5: [DEBUG] Registering Resources for "Security Center"..
2026-09-01T18:19:45.235+0700 [DEBUG] provider.terraform-provider-azurerm_v5.0.0_x5: [DEBUG] Registering Data Sources for "Sentinel"..
2026-09-01T18:19:45.235+0700 [DEBUG] provider.terraform-provider-azurerm_v5.0.0_x5: [DEBUG] Registering Resources for "Sentinel"..
2026-09-01T18:19:45.235+0700 [DEBUG] provider.terraform-provider-azurerm_v5.0.0_x5: [DEBUG] Registering Data Sources for "ServiceBus"..
2026-09-01T18:19:45.236+0700 [DEBUG] provider.terraform-provider-azurerm_v5.0.0_x5: [DEBUG] Registering Resources for "ServiceBus"..
2026-09-01T18:19:45.236+0700 [DEBUG] provider.terraform-provider-azurerm_v5.0.0_x5: [DEBUG] Registering Data Sources for "Service Fabric"..
2026-09-01T18:19:45.236+0700 [DEBUG] provider.terraform-provider-azurerm_v5.0.0_x5: [DEBUG] Registering Resources for "Service Fabric"..
2026-09-01T18:19:45.236+0700 [DEBUG] provider.terraform-provider-azurerm_v5.0.0_x5: [DEBUG] Registering Data Sources for "SignalR"..
2026-09-01T18:19:45.236+0700 [DEBUG] provider.terraform-provider-azurerm_v5.0.0_x5: [DEBUG] Registering Resources for "SignalR"..
2026-09-01T18:19:45.236+0700 [DEBUG] provider.terraform-provider-azurerm_v5.0.0_x5: [DEBUG] Registering Data Sources for "Spring Cloud"..
2026-09-01T18:19:45.236+0700 [DEBUG] provider.terraform-provider-azurerm_v5.0.0_x5: [DEBUG] Registering Resources for "Spring Cloud"..
2026-09-01T18:19:45.237+0700 [DEBUG] provider.terraform-provider-azurerm_v5.0.0_x5: [DEBUG] Registering Data Sources for "Storage"..
2026-09-01T18:19:45.237+0700 [DEBUG] provider.terraform-provider-azurerm_v5.0.0_x5: [DEBUG] Registering Resources for "Storage"..
2026-09-01T18:19:45.237+0700 [DEBUG] provider.terraform-provider-azurerm_v5.0.0_x5: [DEBUG] Registering Data Sources for "Storage Cache"..
2026-09-01T18:19:45.237+0700 [DEBUG] provider.terraform-provider-azurerm_v5.0.0_x5: [DEBUG] Registering Resources for "Storage Cache"..
2026-09-01T18:19:45.237+0700 [DEBUG] provider.terraform-provider-azurerm_v5.0.0_x5: [DEBUG] Registering Data Sources for "Stream Analytics"..
2026-09-01T18:19:45.237+0700 [DEBUG] provider.terraform-provider-azurerm_v5.0.0_x5: [DEBUG] Registering Resources for "Stream Analytics"..
2026-09-01T18:19:45.237+0700 [DEBUG] provider.terraform-provider-azurerm_v5.0.0_x5: [DEBUG] Registering Data Sources for "Subscription"..
2026-09-01T18:19:45.237+0700 [DEBUG] provider.terraform-provider-azurerm_v5.0.0_x5: [DEBUG] Registering Resources for "Subscription"..
2026-09-01T18:19:45.237+0700 [DEBUG] provider.terraform-provider-azurerm_v5.0.0_x5: [DEBUG] Registering Data Sources for "Synapse"..
2026-09-01T18:19:45.237+0700 [DEBUG] provider.terraform-provider-azurerm_v5.0.0_x5: [DEBUG] Registering Resources for "Synapse"..
2026-09-01T18:19:45.238+0700 [DEBUG] provider.terraform-provider-azurerm_v5.0.0_x5: [DEBUG] Registering Data Sources for "Traffic Manager"..
2026-09-01T18:19:45.238+0700 [DEBUG] provider.terraform-provider-azurerm_v5.0.0_x5: [DEBUG] Registering Resources for "Traffic Manager"..
2026-09-01T18:19:45.238+0700 [DEBUG] provider.terraform-provider-azurerm_v5.0.0_x5: [DEBUG] Registering Data Sources for "VMware"..
2026-09-01T18:19:45.238+0700 [DEBUG] provider.terraform-provider-azurerm_v5.0.0_x5: [DEBUG] Registering Resources for "VMware"..
2026-09-01T18:19:45.238+0700 [DEBUG] provider.terraform-provider-azurerm_v5.0.0_x5: [DEBUG] Registering Data Sources for "Web"..
2026-09-01T18:19:45.238+0700 [DEBUG] provider.terraform-provider-azurerm_v5.0.0_x5: [DEBUG] Registering Resources for "Web"..
2026-09-01T18:19:45.239+0700 [INFO]  provider.terraform-provider-azurerm_v5.0.0_x5: configuring server automatic mTLS: timestamp="2026-09-01T18:19:45.239+0700"
2026-09-01T18:19:45.245+0700 [DEBUG] provider: using plugin: version=5
2026-09-01T18:19:45.245+0700 [DEBUG] provider.terraform-provider-azurerm_v5.0.0_x5: plugin address: address=/var/folders/dc/71w9ly4s1z5b3mp02_3x4pmm0000gn/T/plugin2971376208 network=unix timestamp="2026-09-01T18:19:45.245+0700"
2026-09-01T18:19:45.373+0700 [DEBUG] provider.stdio: received EOF, stopping recv loop: err="rpc error: code = Unavailable desc = error reading from server: EOF"
2026-09-01T18:19:45.376+0700 [INFO]  provider: plugin process exited: plugin=.terraform/providers/registry.terraform.io/hashicorp/azurerm/5.0.0/darwin_arm64/terraform-provider-azurerm_v5.0.0_x5 id=80334
2026-09-01T18:19:45.376+0700 [DEBUG] provider: plugin exited
2026-09-01T18:19:45.376+0700 [DEBUG] created provider logger: level=debug
2026-09-01T18:19:45.376+0700 [INFO]  provider: configuring client automatic mTLS
2026-09-01T18:19:45.378+0700 [DEBUG] provider: starting plugin: path=.terraform/providers/registry.terraform.io/hashicorp/local/2.9.0/darwin_arm64/terraform-provider-local_v2.9.0_x5 args=[".terraform/providers/registry.terraform.io/hashicorp/local/2.9.0/darwin_arm64/terraform-provider-local_v2.9.0_x5"]
2026-09-01T18:19:45.381+0700 [DEBUG] provider: plugin started: path=.terraform/providers/registry.terraform.io/hashicorp/local/2.9.0/darwin_arm64/terraform-provider-local_v2.9.0_x5 pid=80346
2026-09-01T18:19:45.381+0700 [DEBUG] provider: waiting for RPC address: plugin=.terraform/providers/registry.terraform.io/hashicorp/local/2.9.0/darwin_arm64/terraform-provider-local_v2.9.0_x5
2026-09-01T18:19:45.408+0700 [INFO]  provider.terraform-provider-local_v2.9.0_x5: configuring server automatic mTLS: timestamp="2026-09-01T18:19:45.408+0700"
2026-09-01T18:19:45.415+0700 [DEBUG] provider.terraform-provider-local_v2.9.0_x5: plugin address: address=/var/folders/dc/71w9ly4s1z5b3mp02_3x4pmm0000gn/T/plugin3573878239 network=unix timestamp="2026-09-01T18:19:45.415+0700"
2026-09-01T18:19:45.415+0700 [DEBUG] provider: using plugin: version=5
2026-09-01T18:19:45.422+0700 [DEBUG] No provider meta schema returned
2026-09-01T18:19:45.423+0700 [DEBUG] provider.stdio: received EOF, stopping recv loop: err="rpc error: code = Unavailable desc = error reading from server: EOF"
2026-09-01T18:19:45.423+0700 [INFO]  provider: plugin process exited: plugin=.terraform/providers/registry.terraform.io/hashicorp/local/2.9.0/darwin_arm64/terraform-provider-local_v2.9.0_x5 id=80346
2026-09-01T18:19:45.423+0700 [DEBUG] provider: plugin exited
2026-09-01T18:19:45.424+0700 [DEBUG] Building and walking validate graph
2026-09-01T18:19:45.426+0700 [DEBUG] ProviderTransformer: "data.aws_caller_identity.current" (*terraform.NodeValidatableResource) needs provider["registry.terraform.io/hashicorp/aws"]
2026-09-01T18:19:45.426+0700 [DEBUG] pruning unused provider["registry.terraform.io/hashicorp/azurerm"]
2026-09-01T18:19:45.426+0700 [DEBUG] pruning unused provider["registry.terraform.io/hashicorp/local"]
2026-09-01T18:19:45.426+0700 [DEBUG] ReferenceTransformer: "output.caller_arn (expand)" references: [data.aws_caller_identity.current]
2026-09-01T18:19:45.427+0700 [DEBUG] ReferenceTransformer: "output.caller_arn (expand)" references: data.aws_caller_identity.current
2026-09-01T18:19:45.427+0700 [DEBUG] ReferenceTransformer: "output.caller_user (expand)" references: [data.aws_caller_identity.current]
2026-09-01T18:19:45.427+0700 [DEBUG] ReferenceTransformer: "output.caller_user (expand)" references: data.aws_caller_identity.current
2026-09-01T18:19:45.427+0700 [DEBUG] ReferenceTransformer: "provider[\"registry.terraform.io/hashicorp/aws\"]" references: []
2026-09-01T18:19:45.427+0700 [DEBUG] ReferenceTransformer: "data.aws_caller_identity.current" references: []
2026-09-01T18:19:45.427+0700 [DEBUG] ReferenceTransformer: "output.account_id (expand)" references: [data.aws_caller_identity.current]
2026-09-01T18:19:45.427+0700 [DEBUG] ReferenceTransformer: "output.account_id (expand)" references: data.aws_caller_identity.current
2026-09-01T18:19:45.427+0700 [DEBUG] Starting graph walk: walkValidate
2026-09-01T18:19:45.428+0700 [DEBUG] created provider logger: level=debug
2026-09-01T18:19:45.428+0700 [INFO]  provider: configuring client automatic mTLS
2026-09-01T18:19:45.432+0700 [DEBUG] provider: starting plugin: path=.terraform/providers/registry.terraform.io/hashicorp/aws/6.62.0/darwin_arm64/terraform-provider-aws_v6.62.0_x5 args=[".terraform/providers/registry.terraform.io/hashicorp/aws/6.62.0/darwin_arm64/terraform-provider-aws_v6.62.0_x5"]
2026-09-01T18:19:45.442+0700 [DEBUG] provider: plugin started: path=.terraform/providers/registry.terraform.io/hashicorp/aws/6.62.0/darwin_arm64/terraform-provider-aws_v6.62.0_x5 pid=80348
2026-09-01T18:19:45.442+0700 [DEBUG] provider: waiting for RPC address: plugin=.terraform/providers/registry.terraform.io/hashicorp/aws/6.62.0/darwin_arm64/terraform-provider-aws_v6.62.0_x5
2026-09-01T18:19:45.636+0700 [DEBUG] provider.terraform-provider-aws_v6.62.0_x5: Starting github.com/hashicorp/terraform-provider-aws@6.62.0 (go1.26.6)...
2026-09-01T18:19:45.637+0700 [DEBUG] provider.terraform-provider-aws_v6.62.0_x5: Creating Terraform AWS Provider (SDKv2-style)...
2026-09-01T18:19:45.637+0700 [DEBUG] provider.terraform-provider-aws_v6.62.0_x5: Initializing Terraform AWS Provider (SDKv2-style)...
2026-09-01T18:19:45.658+0700 [DEBUG] provider.terraform-provider-aws_v6.62.0_x5: Creating Terraform AWS Provider (Framework-style)...
2026-09-01T18:19:45.658+0700 [DEBUG] provider.terraform-provider-aws_v6.62.0_x5: Initializing Terraform AWS Provider (Framework-style)...
2026-09-01T18:19:45.660+0700 [INFO]  provider.terraform-provider-aws_v6.62.0_x5: configuring server automatic mTLS: timestamp="2026-09-01T18:19:45.659+0700"
2026-09-01T18:19:45.666+0700 [DEBUG] provider: using plugin: version=5
2026-09-01T18:19:45.666+0700 [DEBUG] provider.terraform-provider-aws_v6.62.0_x5: plugin address: network=unix address=/var/folders/dc/71w9ly4s1z5b3mp02_3x4pmm0000gn/T/plugin3716038642 timestamp="2026-09-01T18:19:45.666+0700"
2026-09-01T18:19:45.753+0700 [DEBUG] provider.stdio: received EOF, stopping recv loop: err="rpc error: code = Unavailable desc = error reading from server: EOF"
2026-09-01T18:19:45.759+0700 [INFO]  provider: plugin process exited: plugin=.terraform/providers/registry.terraform.io/hashicorp/aws/6.62.0/darwin_arm64/terraform-provider-aws_v6.62.0_x5 id=80348
2026-09-01T18:19:45.759+0700 [DEBUG] provider: plugin exited
2026-09-01T18:19:45.760+0700 [INFO]  backend/local: apply calling Plan
2026-09-01T18:19:45.760+0700 [DEBUG] Building and walking plan graph for NormalMode
2026-09-01T18:19:45.760+0700 [DEBUG] ProviderTransformer: "data.aws_caller_identity.current (expand)" (*terraform.nodeExpandPlannableResource) needs provider["registry.terraform.io/hashicorp/aws"]
2026-09-01T18:19:45.760+0700 [DEBUG] pruning unused provider["registry.terraform.io/hashicorp/azurerm"]
2026-09-01T18:19:45.760+0700 [DEBUG] pruning unused provider["registry.terraform.io/hashicorp/local"]
2026-09-01T18:19:45.760+0700 [DEBUG] ReferenceTransformer: "data.aws_caller_identity.current (expand)" references: []
2026-09-01T18:19:45.760+0700 [DEBUG] ReferenceTransformer: "output.account_id (expand)" references: [data.aws_caller_identity.current (expand)]
2026-09-01T18:19:45.760+0700 [DEBUG] ReferenceTransformer: "output.account_id (expand)" references: data.aws_caller_identity.current (expand)
2026-09-01T18:19:45.760+0700 [DEBUG] ReferenceTransformer: "output.caller_arn (expand)" references: [data.aws_caller_identity.current (expand)]
2026-09-01T18:19:45.760+0700 [DEBUG] ReferenceTransformer: "output.caller_arn (expand)" references: data.aws_caller_identity.current (expand)
2026-09-01T18:19:45.760+0700 [DEBUG] ReferenceTransformer: "output.caller_user (expand)" references: [data.aws_caller_identity.current (expand)]
2026-09-01T18:19:45.760+0700 [DEBUG] ReferenceTransformer: "output.caller_user (expand)" references: data.aws_caller_identity.current (expand)
2026-09-01T18:19:45.760+0700 [DEBUG] ReferenceTransformer: "provider[\"registry.terraform.io/hashicorp/aws\"]" references: []
2026-09-01T18:19:45.760+0700 [DEBUG] Starting graph walk: walkPlan
2026-09-01T18:19:45.760+0700 [DEBUG] created provider logger: level=debug
2026-09-01T18:19:45.760+0700 [INFO]  provider: configuring client automatic mTLS
2026-09-01T18:19:45.763+0700 [DEBUG] provider: starting plugin: path=.terraform/providers/registry.terraform.io/hashicorp/aws/6.62.0/darwin_arm64/terraform-provider-aws_v6.62.0_x5 args=[".terraform/providers/registry.terraform.io/hashicorp/aws/6.62.0/darwin_arm64/terraform-provider-aws_v6.62.0_x5"]
2026-09-01T18:19:45.790+0700 [DEBUG] provider: plugin started: path=.terraform/providers/registry.terraform.io/hashicorp/aws/6.62.0/darwin_arm64/terraform-provider-aws_v6.62.0_x5 pid=80353
2026-09-01T18:19:45.790+0700 [DEBUG] provider: waiting for RPC address: plugin=.terraform/providers/registry.terraform.io/hashicorp/aws/6.62.0/darwin_arm64/terraform-provider-aws_v6.62.0_x5
2026-09-01T18:19:45.915+0700 [DEBUG] provider.terraform-provider-aws_v6.62.0_x5: Starting github.com/hashicorp/terraform-provider-aws@6.62.0 (go1.26.6)...
2026-09-01T18:19:45.915+0700 [DEBUG] provider.terraform-provider-aws_v6.62.0_x5: Creating Terraform AWS Provider (SDKv2-style)...
2026-09-01T18:19:45.915+0700 [DEBUG] provider.terraform-provider-aws_v6.62.0_x5: Initializing Terraform AWS Provider (SDKv2-style)...
2026-09-01T18:19:45.933+0700 [DEBUG] provider.terraform-provider-aws_v6.62.0_x5: Creating Terraform AWS Provider (Framework-style)...
2026-09-01T18:19:45.933+0700 [DEBUG] provider.terraform-provider-aws_v6.62.0_x5: Initializing Terraform AWS Provider (Framework-style)...
2026-09-01T18:19:45.934+0700 [INFO]  provider.terraform-provider-aws_v6.62.0_x5: configuring server automatic mTLS: timestamp="2026-09-01T18:19:45.934+0700"
2026-09-01T18:19:45.941+0700 [DEBUG] provider: using plugin: version=5
2026-09-01T18:19:45.941+0700 [DEBUG] provider.terraform-provider-aws_v6.62.0_x5: plugin address: address=/var/folders/dc/71w9ly4s1z5b3mp02_3x4pmm0000gn/T/plugin2444623280 network=unix timestamp="2026-09-01T18:19:45.941+0700"
2026-09-01T18:19:46.010+0700 [DEBUG] provider.terraform-provider-aws_v6.62.0_x5: Configuring Terraform AWS Provider: @caller=github.com/hashicorp/terraform-provider-aws/internal/conns/config.go:150 tf_mux_provider="*schema.GRPCProviderServer" tf_provider_addr=registry.terraform.io/hashicorp/aws tf_req_id=8c9aab3b-e599-f881-a316-145f0a5e0988 tf_rpc=ConfigureProvider @module=aws timestamp="2026-09-01T18:19:46.010+0700"
2026-09-01T18:19:46.010+0700 [DEBUG] provider.terraform-provider-aws_v6.62.0_x5: Resolving credentials provider: tf_provider_addr=registry.terraform.io/hashicorp/aws tf_req_id=8c9aab3b-e599-f881-a316-145f0a5e0988 tf_mux_provider="*schema.GRPCProviderServer" tf_rpc=ConfigureProvider @caller=github.com/hashicorp/aws-sdk-go-base/v2@v2.0.0-beta.73/logging/tf_logger.go:47 @module=aws.aws-base timestamp="2026-09-01T18:19:46.010+0700"
2026-09-01T18:19:46.010+0700 [DEBUG] provider.terraform-provider-aws_v6.62.0_x5: Setting profile: tf_aws.profile.source=provider tf_provider_addr=registry.terraform.io/hashicorp/aws tf_req_id=8c9aab3b-e599-f881-a316-145f0a5e0988 tf_rpc=ConfigureProvider @caller=github.com/hashicorp/aws-sdk-go-base/v2@v2.0.0-beta.73/logging/tf_logger.go:47 tf_aws.profile=master-programmatic-admin-role tf_mux_provider="*schema.GRPCProviderServer" @module=aws.aws-base timestamp="2026-09-01T18:19:46.010+0700"
2026-09-01T18:19:46.010+0700 [DEBUG] provider.terraform-provider-aws_v6.62.0_x5: Loading configuration: @caller=github.com/hashicorp/aws-sdk-go-base/v2@v2.0.0-beta.73/logging/tf_logger.go:47 tf_mux_provider="*schema.GRPCProviderServer" tf_provider_addr=registry.terraform.io/hashicorp/aws tf_req_id=8c9aab3b-e599-f881-a316-145f0a5e0988 tf_rpc=ConfigureProvider @module=aws.aws-base timestamp="2026-09-01T18:19:46.010+0700"
2026-09-01T18:19:46.012+0700 [DEBUG] provider.terraform-provider-aws_v6.62.0_x5: Retrieving credentials: @module=aws.aws-base tf_mux_provider="*schema.GRPCProviderServer" tf_provider_addr=registry.terraform.io/hashicorp/aws @caller=github.com/hashicorp/aws-sdk-go-base/v2@v2.0.0-beta.73/logging/tf_logger.go:47 tf_req_id=8c9aab3b-e599-f881-a316-145f0a5e0988 tf_rpc=ConfigureProvider timestamp="2026-09-01T18:19:46.012+0700"
2026-09-01T18:19:46.013+0700 [DEBUG] provider.terraform-provider-aws_v6.62.0_x5: HTTP Request Sent: aws.region=ap-southeast-1
  http.request.body=
  | Action=AssumeRole&DurationSeconds=900&RoleArn=arn%3Aaws%3Aiam%3A%3A767397956626%3Arole%2Fmaster-programmatic-admin-role&RoleSessionName=aws-go-sdk-1788261586012626000&Version=2011-06-15
   http.request.header.amz_sdk_request="attempt=1; max=3" http.request_content_length=185 tf_provider_addr=registry.terraform.io/hashicorp/aws http.request.header.authorization="AWS4-HMAC-SHA256 Credential=AKIA************QVVS/20260901/ap-southeast-1/sts/aws4_request, SignedHeaders=amz-sdk-invocation-id;amz-sdk-request;content-length;content-type;host;x-amz-date, Signature=*****" http.user_agent="APN/1.0 HashiCorp/1.0 Terraform/1.16.0 (+https://www.terraform.io) terraform-provider-aws/6.62.0 (+https://registry.terraform.io/providers/hashicorp/aws) aws-sdk-go-v2/1.43.7 ua/2.1 os/macos lang/go#1.26.6 md/GOOS#darwin md/GOARCH#arm64 api/sts#1.45.7 m/n,o" rpc.system.name=aws-api tf_mux_provider="*schema.GRPCProviderServer" @module=aws.aws-base http.method=POST http.request.header.content_type=application/x-www-form-urlencoded http.request.header.x_amz_date=20260901T111946Z http.url=https://sts.ap-southeast-1.amazonaws.com/ rpc.method=STS/AssumeRole tf_req_id=8c9aab3b-e599-f881-a316-145f0a5e0988 @caller=github.com/hashicorp/aws-sdk-go-base/v2@v2.0.0-beta.73/logging/tf_logger.go:47 http.request.header.amz_sdk_invocation_id=ff3783dc-20fb-4c7c-92e1-552611bc9ecb net.peer.name=sts.ap-southeast-1.amazonaws.com tf_aws.sdk=aws-sdk-go-v2 tf_aws.signing_region="" tf_rpc=ConfigureProvider timestamp="2026-09-01T18:19:46.013+0700"
2026-09-01T18:19:49.429+0700 [DEBUG] provider.terraform-provider-aws_v6.62.0_x5: HTTP Response Received: tf_aws.sdk=aws-sdk-go-v2 tf_aws.signing_region="" tf_provider_addr=registry.terraform.io/hashicorp/aws tf_req_id=8c9aab3b-e599-f881-a316-145f0a5e0988 tf_rpc=ConfigureProvider http.response.header.date="Tue, 01 Sep 2026 11:19:49 GMT" http.response.header.x_amzn_requestid=1da88914-62be-43c1-ac2a-303d55157d82 rpc.system.name=aws-api @module=aws.aws-base aws.region=ap-southeast-1
  http.response.body=
  | <AssumeRoleResponse xmlns="https://sts.amazonaws.com/doc/2011-06-15/">
  |   <AssumeRoleResult>
  |     <AssumedRoleUser>
  |       <AssumedRoleId>AROA*************CJFM:aws-go-sdk-1788261586012626000</AssumedRoleId>
  |       <Arn>arn:aws:sts::767397956626:assumed-role/master-programmatic-admin-role/aws-go-sdk-1788261586012626000</Arn>
  |     </AssumedRoleUser>
  |     <Credentials>
  |       <AccessKeyId>ASIA************DIDD</AccessKeyId>
  |       <SecretAccessKey>RdH0********************************p5YY</SecretAccessKey>
  |       <SessionToken>IQoJb3JpZ2luX2VjEOP//////////wEaDmFwLXNvdXRoZWFzdC0xIkYwRAIgRhtVK4ZFjQWhYOvu7kU/fb7amliW+Zl3jHprQUwAdsACIFFgALU0GqQJQLDT1qIQmS11s8w2Q3rQl31BHlG6pycZKrQCCKz//////////wEQABoMNzY3Mzk3OTU2NjI2IgxXYTiTVU8aQfHdG5YqiAICLhZ9JHsZMHNZoBYgJQjfWqVY7vwyuE6f6EptjCa0DV7/WQjtA7bxadx1GmwvE8SnBa5ATgIVY4z6FqyXqmT7Cx8Cc1PX+5ricAa0c5uk4/xtfduduc54U9UMbKoMuKT4crAcB5mu8O9trEvy0GFQyJdA/Q2Ur8SeIakEmPGeTG+b1Hy9cnUrwFM6AWxPOmRtxhzIAF1i0jYYbLlLm087s8tR0D38//smC5QOEegg29SgKR2iBQptpOoG4WT+iDBt7NKn6Z0zlJDtl7xR9u/ZZIGnI3ciCIx1NS9NdLqeMD3nW8M4ger0wiUt+cxHqvjyIrN1w0vQQNVfRLp/nBeh4SBmD1ZqsMow1ena1AY6ngFN0mQzxRZw06e97jF2AyJA+wHCBZ2FEYpJC5Jj2O67Ed170wA2IRTFj9bOfBfmkvbdacrLdGFoT0BzcjWY50/IGH5CS4ELNyWmON3RSwAvc/uBBQjEs4ENFSbuNHXR0MgMB3v10Uwi5+rd5ztFvw6UTe7+BKwQhUVLJlnIy0R6LVyJX1eoCEpZ/Ej1IXWzNrJFihBGtM9NoO966JxDdw==</SessionToken>
  |       <Expiration>2026-09-01T11:34:49Z</Expiration>
  |     </Credentials>
  |   </AssumeRoleResult>
  |   <ResponseMetadata>
  |     <RequestId>1da88914-62be-43c1-ac2a-303d55157d82</RequestId>
  |   </ResponseMetadata>
  | </AssumeRoleResponse>
   http.response.header.content_type=text/xml http.status_code=200 tf_mux_provider="*schema.GRPCProviderServer" @caller=github.com/hashicorp/aws-sdk-go-base/v2@v2.0.0-beta.73/logging/tf_logger.go:47 http.duration=3414 http.response.header.x_amz_sts_extended_request_id=MTphcC1zb3V0aGVhc3QtMTpTOjE3ODgyNjE1ODk0NjI6Ujo0dk5OaXdpZw== rpc.method=STS/AssumeRole http.response_content_length=1545 timestamp="2026-09-01T18:19:49.428+0700"
2026-09-01T18:19:49.429+0700 [INFO]  provider.terraform-provider-aws_v6.62.0_x5: Retrieved credentials: tf_req_id=8c9aab3b-e599-f881-a316-145f0a5e0988 tf_aws.credentials_source=AssumeRoleProvider tf_rpc=ConfigureProvider @caller=github.com/hashicorp/aws-sdk-go-base/v2@v2.0.0-beta.73/logging/tf_logger.go:39 @module=aws.aws-base tf_mux_provider="*schema.GRPCProviderServer" tf_provider_addr=registry.terraform.io/hashicorp/aws timestamp="2026-09-01T18:19:49.429+0700"
2026-09-01T18:19:49.429+0700 [DEBUG] provider.terraform-provider-aws_v6.62.0_x5: Loading configuration: tf_provider_addr=registry.terraform.io/hashicorp/aws tf_rpc=ConfigureProvider @module=aws.aws-base tf_req_id=8c9aab3b-e599-f881-a316-145f0a5e0988 @caller=github.com/hashicorp/aws-sdk-go-base/v2@v2.0.0-beta.73/logging/tf_logger.go:47 tf_mux_provider="*schema.GRPCProviderServer" timestamp="2026-09-01T18:19:49.429+0700"
2026-09-01T18:19:49.430+0700 [DEBUG] provider.terraform-provider-aws_v6.62.0_x5: Retrieving AWS account details: @caller=github.com/hashicorp/terraform-provider-aws/internal/conns/config.go:188 @module=aws tf_mux_provider="*schema.GRPCProviderServer" tf_req_id=8c9aab3b-e599-f881-a316-145f0a5e0988 tf_rpc=ConfigureProvider tf_provider_addr=registry.terraform.io/hashicorp/aws timestamp="2026-09-01T18:19:49.430+0700"
2026-09-01T18:19:49.430+0700 [DEBUG] provider.terraform-provider-aws_v6.62.0_x5: Retrieving caller identity from STS: @module=aws.aws-base tf_req_id=8c9aab3b-e599-f881-a316-145f0a5e0988 tf_rpc=ConfigureProvider tf_mux_provider="*schema.GRPCProviderServer" tf_provider_addr=registry.terraform.io/hashicorp/aws @caller=github.com/hashicorp/aws-sdk-go-base/v2@v2.0.0-beta.73/logging/tf_logger.go:47 timestamp="2026-09-01T18:19:49.430+0700"
2026-09-01T18:19:49.432+0700 [DEBUG] provider.terraform-provider-aws_v6.62.0_x5: HTTP Request Sent: http.method=POST http.request.header.amz_sdk_invocation_id=dc98f3e1-36e6-40b8-8a94-d1853bfb69c0 http.request.header.amz_sdk_request="attempt=1; max=25" http.request.header.x_amz_date=20260901T111949Z http.request_content_length=43 tf_req_id=8c9aab3b-e599-f881-a316-145f0a5e0988 aws.region=ap-southeast-1
  http.request.body=
  | Action=GetCallerIdentity&Version=2011-06-15
   http.request.header.authorization="AWS4-HMAC-SHA256 Credential=ASIA************DIDD/20260901/ap-southeast-1/sts/aws4_request, SignedHeaders=amz-sdk-invocation-id;amz-sdk-request;content-length;content-type;host;x-amz-date;x-amz-security-token, Signature=*****" http.url=https://sts.ap-southeast-1.amazonaws.com/ http.user_agent="APN/1.0 HashiCorp/1.0 Terraform/1.16.0 (+https://www.terraform.io) terraform-provider-aws/6.62.0 (+https://registry.terraform.io/providers/hashicorp/aws) aws-sdk-go-v2/1.43.7 ua/2.1 os/macos lang/go#1.26.6 md/GOOS#darwin md/GOARCH#arm64 api/sts#1.45.7 m/i,n,o" tf_aws.signing_region="" http.request.header.content_type=application/x-www-form-urlencoded http.request.header.x_amz_security_token="*****" rpc.method=STS/GetCallerIdentity rpc.system.name=aws-api tf_aws.sdk=aws-sdk-go-v2 tf_rpc=ConfigureProvider @caller=github.com/hashicorp/aws-sdk-go-base/v2@v2.0.0-beta.73/logging/tf_logger.go:47 @module=aws.aws-base net.peer.name=sts.ap-southeast-1.amazonaws.com tf_mux_provider="*schema.GRPCProviderServer" tf_provider_addr=registry.terraform.io/hashicorp/aws timestamp="2026-09-01T18:19:49.432+0700"
2026-09-01T18:19:49.718+0700 [DEBUG] provider.terraform-provider-aws_v6.62.0_x5: HTTP Response Received: tf_aws.sdk=aws-sdk-go-v2 tf_aws.signing_region="" tf_mux_provider="*schema.GRPCProviderServer" tf_provider_addr=registry.terraform.io/hashicorp/aws @module=aws.aws-base http.response.header.date="Tue, 01 Sep 2026 11:19:49 GMT" http.response_content_length=497 rpc.system.name=aws-api tf_rpc=ConfigureProvider http.duration=285 tf_req_id=8c9aab3b-e599-f881-a316-145f0a5e0988 @caller=github.com/hashicorp/aws-sdk-go-base/v2@v2.0.0-beta.73/logging/tf_logger.go:47
  http.response.body=
  | <GetCallerIdentityResponse xmlns="https://sts.amazonaws.com/doc/2011-06-15/">
  |   <GetCallerIdentityResult>
  |     <Arn>arn:aws:sts::767397956626:assumed-role/master-programmatic-admin-role/aws-go-sdk-1788261586012626000</Arn>
  |     <UserId>AROA*************CJFM:aws-go-sdk-1788261586012626000</UserId>
  |     <Account>767397956626</Account>
  |   </GetCallerIdentityResult>
  |   <ResponseMetadata>
  |     <RequestId>ea30d400-22e9-4361-b8da-365ef2fa3a7d</RequestId>
  |   </ResponseMetadata>
  | </GetCallerIdentityResponse>
   http.response.header.content_type=text/xml http.response.header.x_amz_sts_extended_request_id=MTphcC1zb3V0aGVhc3QtMTpTOjE3ODgyNjE1ODk3NTk6UjoxMlRIQTlCag== http.response.header.x_amzn_requestid=ea30d400-22e9-4361-b8da-365ef2fa3a7d http.status_code=200 rpc.method=STS/GetCallerIdentity aws.region=ap-southeast-1 timestamp="2026-09-01T18:19:49.718+0700"
2026-09-01T18:19:49.719+0700 [INFO]  provider.terraform-provider-aws_v6.62.0_x5: Retrieved caller identity from STS: @caller=github.com/hashicorp/aws-sdk-go-base/v2@v2.0.0-beta.73/logging/tf_logger.go:39 @module=aws.aws-base tf_mux_provider="*schema.GRPCProviderServer" tf_provider_addr=registry.terraform.io/hashicorp/aws tf_req_id=8c9aab3b-e599-f881-a316-145f0a5e0988 tf_rpc=ConfigureProvider timestamp="2026-09-01T18:19:49.718+0700"
2026-09-01T18:19:49.721+0700 [DEBUG] No policy client configured, skipping policy evaluation for provider["registry.terraform.io/hashicorp/aws"]
2026-09-01T18:19:49.724+0700 [DEBUG] Resource instance state not found for node "data.aws_caller_identity.current", instance data.aws_caller_identity.current
2026-09-01T18:19:49.755+0700 [DEBUG] provider.terraform-provider-aws_v6.62.0_x5: HTTP Request Sent: http.request.header.authorization="AWS4-HMAC-SHA256 Credential=ASIA************DIDD/20260901/ap-southeast-1/sts/aws4_request, SignedHeaders=amz-sdk-invocation-id;amz-sdk-request;content-length;content-type;host;x-amz-date;x-amz-security-token, Signature=*****" net.peer.name=sts.ap-southeast-1.amazonaws.com @caller=github.com/hashicorp/aws-sdk-go-base/v2@v2.0.0-beta.73/logging/tf_logger.go:45 @module=aws aws.region=ap-southeast-1 http.request.header.amz_sdk_invocation_id=8739d017-1cf2-461e-b8b9-8a0b039efe74 rpc.method=STS/GetCallerIdentity rpc.system.name=aws-api tf_mux_provider="*proto5server.Server" tf_rpc=ReadDataSource http.request.header.amz_sdk_request="attempt=1; max=25" http.request.header.x_amz_security_token="*****" http.request_content_length=43 http.user_agent="APN/1.0 HashiCorp/1.0 Terraform/1.16.0 (+https://www.terraform.io) terraform-provider-aws/6.62.0 (+https://registry.terraform.io/providers/hashicorp/aws) aws-sdk-go-v2/1.43.7 ua/2.1 os/macos lang/go#1.26.6 md/GOOS#darwin md/GOARCH#arm64 api/sts#1.45.7 m/i,n,o" tf_aws.sdk=aws-sdk-go-v2 tf_aws.signing_region="" tf_data_source_type=aws_caller_identity http.request.header.x_amz_date=20260901T111949Z http.method=POST
  http.request.body=
  | Action=GetCallerIdentity&Version=2011-06-15
   http.request.header.content_type=application/x-www-form-urlencoded http.url=https://sts.ap-southeast-1.amazonaws.com/ tf_provider_addr=registry.terraform.io/hashicorp/aws tf_req_id=5afc292f-0dd4-d9c2-9862-92ff92b940cb timestamp="2026-09-01T18:19:49.755+0700"
2026-09-01T18:19:49.797+0700 [DEBUG] provider.terraform-provider-aws_v6.62.0_x5: HTTP Response Received: tf_req_id=5afc292f-0dd4-d9c2-9862-92ff92b940cb aws.region=ap-southeast-1
  http.response.body=
  | <GetCallerIdentityResponse xmlns="https://sts.amazonaws.com/doc/2011-06-15/">
  |   <GetCallerIdentityResult>
  |     <Arn>arn:aws:sts::767397956626:assumed-role/master-programmatic-admin-role/aws-go-sdk-1788261586012626000</Arn>
  |     <UserId>AROA*************CJFM:aws-go-sdk-1788261586012626000</UserId>
  |     <Account>767397956626</Account>
  |   </GetCallerIdentityResult>
  |   <ResponseMetadata>
  |     <RequestId>e9770002-3668-4b2c-830d-db332d1e75ef</RequestId>
  |   </ResponseMetadata>
  | </GetCallerIdentityResponse>
   http.response.header.content_type=text/xml http.response.header.x_amzn_requestid=e9770002-3668-4b2c-830d-db332d1e75ef tf_aws.signing_region="" tf_mux_provider="*proto5server.Server" tf_provider_addr=registry.terraform.io/hashicorp/aws @module=aws http.response.header.x_amz_sts_extended_request_id=MTphcC1zb3V0aGVhc3QtMTpTOjE3ODgyNjE1ODk4NDQ6UjphYWNZQ0VZMw== tf_data_source_type=aws_caller_identity tf_rpc=ReadDataSource @caller=github.com/hashicorp/aws-sdk-go-base/v2@v2.0.0-beta.73/logging/tf_logger.go:45 http.response.header.date="Tue, 01 Sep 2026 11:19:49 GMT" http.response_content_length=497 http.duration=41 http.status_code=200 rpc.method=STS/GetCallerIdentity rpc.system.name=aws-api tf_aws.sdk=aws-sdk-go-v2 timestamp="2026-09-01T18:19:49.797+0700"
2026-09-01T18:19:49.798+0700 [DEBUG] provider.stdio: received EOF, stopping recv loop: err="rpc error: code = Unavailable desc = error reading from server: EOF"
2026-09-01T18:19:49.806+0700 [INFO]  provider: plugin process exited: plugin=.terraform/providers/registry.terraform.io/hashicorp/aws/6.62.0/darwin_arm64/terraform-provider-aws_v6.62.0_x5 id=80353
2026-09-01T18:19:49.806+0700 [DEBUG] provider: plugin exited
2026-09-01T18:19:49.806+0700 [DEBUG] building apply graph to check for errors
2026-09-01T18:19:49.807+0700 [DEBUG] ProviderTransformer: "data.aws_caller_identity.current (expand)" (*terraform.nodeExpandApplyableResource) needs provider["registry.terraform.io/hashicorp/aws"]
2026-09-01T18:19:49.807+0700 [DEBUG] pruning unused provider["registry.terraform.io/hashicorp/azurerm"]
2026-09-01T18:19:49.807+0700 [DEBUG] pruning unused provider["registry.terraform.io/hashicorp/local"]
2026-09-01T18:19:49.807+0700 [DEBUG] ReferenceTransformer: "output.account_id (expand)" references: [data.aws_caller_identity.current (expand)]
2026-09-01T18:19:49.807+0700 [DEBUG] ReferenceTransformer: "output.account_id (expand)" references: data.aws_caller_identity.current (expand)
2026-09-01T18:19:49.807+0700 [DEBUG] ReferenceTransformer: "output.caller_arn (expand)" references: [data.aws_caller_identity.current (expand)]
2026-09-01T18:19:49.807+0700 [DEBUG] ReferenceTransformer: "output.caller_arn (expand)" references: data.aws_caller_identity.current (expand)
2026-09-01T18:19:49.807+0700 [DEBUG] ReferenceTransformer: "output.caller_user (expand)" references: [data.aws_caller_identity.current (expand)]
2026-09-01T18:19:49.807+0700 [DEBUG] ReferenceTransformer: "output.caller_user (expand)" references: data.aws_caller_identity.current (expand)
2026-09-01T18:19:49.807+0700 [DEBUG] ReferenceTransformer: "provider[\"registry.terraform.io/hashicorp/aws\"]" references: []
2026-09-01T18:19:49.807+0700 [DEBUG] ReferenceTransformer: "data.aws_caller_identity.current (expand)" references: []
2026-09-01T18:19:49.913+0700 [DEBUG] command: asking for input: "\nDo you want to perform these actions?"
2026-09-01T18:19:55.459+0700 [INFO]  backend/local: apply calling Apply
2026-09-01T18:19:55.460+0700 [DEBUG] Building and walking apply graph for NormalMode plan
2026-09-01T18:19:55.461+0700 [DEBUG] ProviderTransformer: "data.aws_caller_identity.current (expand)" (*terraform.nodeExpandApplyableResource) needs provider["registry.terraform.io/hashicorp/aws"]
2026-09-01T18:19:55.461+0700 [DEBUG] pruning unused provider["registry.terraform.io/hashicorp/azurerm"]
2026-09-01T18:19:55.461+0700 [DEBUG] pruning unused provider["registry.terraform.io/hashicorp/local"]
2026-09-01T18:19:55.461+0700 [DEBUG] ReferenceTransformer: "data.aws_caller_identity.current (expand)" references: []
2026-09-01T18:19:55.461+0700 [DEBUG] ReferenceTransformer: "output.account_id (expand)" references: [data.aws_caller_identity.current (expand)]
2026-09-01T18:19:55.461+0700 [DEBUG] ReferenceTransformer: "output.account_id (expand)" references: data.aws_caller_identity.current (expand)
2026-09-01T18:19:55.461+0700 [DEBUG] ReferenceTransformer: "output.caller_arn (expand)" references: [data.aws_caller_identity.current (expand)]
2026-09-01T18:19:55.461+0700 [DEBUG] ReferenceTransformer: "output.caller_arn (expand)" references: data.aws_caller_identity.current (expand)
2026-09-01T18:19:55.461+0700 [DEBUG] ReferenceTransformer: "output.caller_user (expand)" references: [data.aws_caller_identity.current (expand)]
2026-09-01T18:19:55.461+0700 [DEBUG] ReferenceTransformer: "output.caller_user (expand)" references: data.aws_caller_identity.current (expand)
2026-09-01T18:19:55.461+0700 [DEBUG] ReferenceTransformer: "provider[\"registry.terraform.io/hashicorp/aws\"]" references: []
2026-09-01T18:19:55.462+0700 [DEBUG] Starting graph walk: walkApply
2026-09-01T18:19:55.462+0700 [DEBUG] created provider logger: level=debug
2026-09-01T18:19:55.462+0700 [INFO]  provider: configuring client automatic mTLS
2026-09-01T18:19:55.469+0700 [DEBUG] provider: starting plugin: path=.terraform/providers/registry.terraform.io/hashicorp/aws/6.62.0/darwin_arm64/terraform-provider-aws_v6.62.0_x5 args=[".terraform/providers/registry.terraform.io/hashicorp/aws/6.62.0/darwin_arm64/terraform-provider-aws_v6.62.0_x5"]
2026-09-01T18:19:55.488+0700 [DEBUG] provider: plugin started: path=.terraform/providers/registry.terraform.io/hashicorp/aws/6.62.0/darwin_arm64/terraform-provider-aws_v6.62.0_x5 pid=80438
2026-09-01T18:19:55.488+0700 [DEBUG] provider: waiting for RPC address: plugin=.terraform/providers/registry.terraform.io/hashicorp/aws/6.62.0/darwin_arm64/terraform-provider-aws_v6.62.0_x5
2026-09-01T18:19:55.633+0700 [DEBUG] provider.terraform-provider-aws_v6.62.0_x5: Starting github.com/hashicorp/terraform-provider-aws@6.62.0 (go1.26.6)...
2026-09-01T18:19:55.633+0700 [DEBUG] provider.terraform-provider-aws_v6.62.0_x5: Creating Terraform AWS Provider (SDKv2-style)...
2026-09-01T18:19:55.633+0700 [DEBUG] provider.terraform-provider-aws_v6.62.0_x5: Initializing Terraform AWS Provider (SDKv2-style)...
2026-09-01T18:19:55.650+0700 [DEBUG] provider.terraform-provider-aws_v6.62.0_x5: Creating Terraform AWS Provider (Framework-style)...
2026-09-01T18:19:55.650+0700 [DEBUG] provider.terraform-provider-aws_v6.62.0_x5: Initializing Terraform AWS Provider (Framework-style)...
2026-09-01T18:19:55.652+0700 [INFO]  provider.terraform-provider-aws_v6.62.0_x5: configuring server automatic mTLS: timestamp="2026-09-01T18:19:55.651+0700"
2026-09-01T18:19:55.658+0700 [DEBUG] provider: using plugin: version=5
2026-09-01T18:19:55.658+0700 [DEBUG] provider.terraform-provider-aws_v6.62.0_x5: plugin address: address=/var/folders/dc/71w9ly4s1z5b3mp02_3x4pmm0000gn/T/plugin2105048825 network=unix timestamp="2026-09-01T18:19:55.657+0700"
2026-09-01T18:19:55.721+0700 [DEBUG] provider.terraform-provider-aws_v6.62.0_x5: Configuring Terraform AWS Provider: @caller=github.com/hashicorp/terraform-provider-aws/internal/conns/config.go:150 @module=aws tf_provider_addr=registry.terraform.io/hashicorp/aws tf_req_id=eefd8d56-c5e7-88ba-ce15-375d9cc6adca tf_rpc=ConfigureProvider tf_mux_provider="*schema.GRPCProviderServer" timestamp="2026-09-01T18:19:55.721+0700"
2026-09-01T18:19:55.721+0700 [DEBUG] provider.terraform-provider-aws_v6.62.0_x5: Resolving credentials provider: tf_provider_addr=registry.terraform.io/hashicorp/aws tf_req_id=eefd8d56-c5e7-88ba-ce15-375d9cc6adca tf_rpc=ConfigureProvider @caller=github.com/hashicorp/aws-sdk-go-base/v2@v2.0.0-beta.73/logging/tf_logger.go:47 @module=aws.aws-base tf_mux_provider="*schema.GRPCProviderServer" timestamp="2026-09-01T18:19:55.721+0700"
2026-09-01T18:19:55.721+0700 [DEBUG] provider.terraform-provider-aws_v6.62.0_x5: Setting profile: tf_mux_provider="*schema.GRPCProviderServer" tf_provider_addr=registry.terraform.io/hashicorp/aws tf_req_id=eefd8d56-c5e7-88ba-ce15-375d9cc6adca tf_rpc=ConfigureProvider tf_aws.profile=master-programmatic-admin-role tf_aws.profile.source=provider @caller=github.com/hashicorp/aws-sdk-go-base/v2@v2.0.0-beta.73/logging/tf_logger.go:47 @module=aws.aws-base timestamp="2026-09-01T18:19:55.721+0700"
2026-09-01T18:19:55.721+0700 [DEBUG] provider.terraform-provider-aws_v6.62.0_x5: Loading configuration: @caller=github.com/hashicorp/aws-sdk-go-base/v2@v2.0.0-beta.73/logging/tf_logger.go:47 @module=aws.aws-base tf_mux_provider="*schema.GRPCProviderServer" tf_provider_addr=registry.terraform.io/hashicorp/aws tf_req_id=eefd8d56-c5e7-88ba-ce15-375d9cc6adca tf_rpc=ConfigureProvider timestamp="2026-09-01T18:19:55.721+0700"
2026-09-01T18:19:55.721+0700 [DEBUG] provider.terraform-provider-aws_v6.62.0_x5: Retrieving credentials: tf_mux_provider="*schema.GRPCProviderServer" tf_provider_addr=registry.terraform.io/hashicorp/aws tf_rpc=ConfigureProvider @caller=github.com/hashicorp/aws-sdk-go-base/v2@v2.0.0-beta.73/logging/tf_logger.go:47 @module=aws.aws-base tf_req_id=eefd8d56-c5e7-88ba-ce15-375d9cc6adca timestamp="2026-09-01T18:19:55.721+0700"
2026-09-01T18:19:55.722+0700 [DEBUG] provider.terraform-provider-aws_v6.62.0_x5: HTTP Request Sent: http.user_agent="APN/1.0 HashiCorp/1.0 Terraform/1.16.0 (+https://www.terraform.io) terraform-provider-aws/6.62.0 (+https://registry.terraform.io/providers/hashicorp/aws) aws-sdk-go-v2/1.43.7 ua/2.1 os/macos lang/go#1.26.6 md/GOOS#darwin md/GOARCH#arm64 api/sts#1.45.7 m/n,o" net.peer.name=sts.ap-southeast-1.amazonaws.com rpc.system.name=aws-api tf_req_id=eefd8d56-c5e7-88ba-ce15-375d9cc6adca tf_rpc=ConfigureProvider @caller=github.com/hashicorp/aws-sdk-go-base/v2@v2.0.0-beta.73/logging/tf_logger.go:47 aws.region=ap-southeast-1 http.method=POST
  http.request.body=
  | Action=AssumeRole&DurationSeconds=900&RoleArn=arn%3Aaws%3Aiam%3A%3A767397956626%3Arole%2Fmaster-programmatic-admin-role&RoleSessionName=aws-go-sdk-1788261595721852000&Version=2011-06-15
   rpc.method=STS/AssumeRole tf_aws.sdk=aws-sdk-go-v2 tf_provider_addr=registry.terraform.io/hashicorp/aws @module=aws.aws-base http.request.header.content_type=application/x-www-form-urlencoded http.request_content_length=185 http.url=https://sts.ap-southeast-1.amazonaws.com/ tf_aws.signing_region="" http.request.header.amz_sdk_invocation_id=561ef49f-2cd7-46e0-a8fc-67eb5ed3ed93 http.request.header.amz_sdk_request="attempt=1; max=3" http.request.header.x_amz_date=20260901T111955Z tf_mux_provider="*schema.GRPCProviderServer" http.request.header.authorization="AWS4-HMAC-SHA256 Credential=AKIA************QVVS/20260901/ap-southeast-1/sts/aws4_request, SignedHeaders=amz-sdk-invocation-id;amz-sdk-request;content-length;content-type;host;x-amz-date, Signature=*****" timestamp="2026-09-01T18:19:55.722+0700"
2026-09-01T18:19:55.965+0700 [DEBUG] provider.terraform-provider-aws_v6.62.0_x5: HTTP Response Received: http.response.header.date="Tue, 01 Sep 2026 11:19:56 GMT" http.response.header.x_amzn_requestid=28c6af04-2da7-49bc-a6f9-1916d9f17312 rpc.system.name=aws-api tf_aws.signing_region="" tf_provider_addr=registry.terraform.io/hashicorp/aws @module=aws.aws-base aws.region=ap-southeast-1
  http.response.body=
  | <AssumeRoleResponse xmlns="https://sts.amazonaws.com/doc/2011-06-15/">
  |   <AssumeRoleResult>
  |     <AssumedRoleUser>
  |       <AssumedRoleId>AROA*************CJFM:aws-go-sdk-1788261595721852000</AssumedRoleId>
  |       <Arn>arn:aws:sts::767397956626:assumed-role/master-programmatic-admin-role/aws-go-sdk-1788261595721852000</Arn>
  |     </AssumedRoleUser>
  |     <Credentials>
  |       <AccessKeyId>ASIA************I3PI</AccessKeyId>
  |       <SecretAccessKey>7k0d********************************SWCN</SecretAccessKey>
  |       <SessionToken>IQoJb3JpZ2luX2VjEOP//////////wEaDmFwLXNvdXRoZWFzdC0xIkcwRQIgJfuZji+RRVWq3XeP+m856rKav0B5DV98Erml8w6hhZYCIQDa+TkKZf9pBVw3EpZsXs0rD2YN0LkMz5XrS7HrYWJ5Piq0Agis//////////8BEAAaDDc2NzM5Nzk1NjYyNiIMpF3zgMN+CHclv/j4KogCvrI4E4hOzcl2QDFWM003oOgdeIsdrxK5bRccKD1b6QZ3oI6bUu77i70p4inVSzYklL62CyhhQneCgvvpNamd6zc87P1GOWeaZPDbaCp/vQ7hrOUJ/r0sC8yMWqBni3FptTjNUCF+B5cG3K/9ysMOT1z/esbzsfhqgZZ5+0a8lD0SSigsM9EN/nvKmQMZIy/C/vXFTPZLJSM51YhnI1sm1pf53YWgrRzkvoAMnlxqJDDiQneIKl5xY+V2z0rv6Is9fqzUCNWOaDQzwlYhOq0xcxEokHOiB2DOeG9n+7EEef3oNCPfkMAhfyZlHIeiRqpGRbKxfhuxVN+L9n8Krk21O5vX54sfVj0MMNzp2tQGOp0BQXvtxXnyamruEBdbdLtI/FVKg9DdBVolsdM9f1Jx0LO9T1y88CIz3AyeHy5P+m1xv0JHChaLUHrfNo1gtku9A8IeS4shKkceajTEc04H3u4WwXBEl6bq7K474AWy07zBuDC5QXW9XMQ0fiF/TgYgaloTkQ/3GWvmOKQPEGExnq1fIAZsBOLyuf+JoBRL13l4G0y4e+hkvpK5P8B6hQ==</SessionToken>
  |       <Expiration>2026-09-01T11:34:56Z</Expiration>
  |     </Credentials>
  |   </AssumeRoleResult>
  |   <ResponseMetadata>
  |     <RequestId>28c6af04-2da7-49bc-a6f9-1916d9f17312</RequestId>
  |   </ResponseMetadata>
  | </AssumeRoleResponse>
   http.response.header.content_type=text/xml http.response.header.x_amz_sts_extended_request_id=MTphcC1zb3V0aGVhc3QtMTpTOjE3ODgyNjE1OTU5OTg6UjplU2ZMSG16Yg== http.response_content_length=1545 tf_req_id=eefd8d56-c5e7-88ba-ce15-375d9cc6adca @caller=github.com/hashicorp/aws-sdk-go-base/v2@v2.0.0-beta.73/logging/tf_logger.go:47 tf_aws.sdk=aws-sdk-go-v2 tf_mux_provider="*schema.GRPCProviderServer" http.duration=243 http.status_code=200 rpc.method=STS/AssumeRole tf_rpc=ConfigureProvider timestamp="2026-09-01T18:19:55.965+0700"
2026-09-01T18:19:55.965+0700 [INFO]  provider.terraform-provider-aws_v6.62.0_x5: Retrieved credentials: tf_mux_provider="*schema.GRPCProviderServer" tf_provider_addr=registry.terraform.io/hashicorp/aws tf_req_id=eefd8d56-c5e7-88ba-ce15-375d9cc6adca @module=aws.aws-base tf_aws.credentials_source=AssumeRoleProvider tf_rpc=ConfigureProvider @caller=github.com/hashicorp/aws-sdk-go-base/v2@v2.0.0-beta.73/logging/tf_logger.go:39 timestamp="2026-09-01T18:19:55.965+0700"
2026-09-01T18:19:55.965+0700 [DEBUG] provider.terraform-provider-aws_v6.62.0_x5: Loading configuration: @module=aws.aws-base tf_mux_provider="*schema.GRPCProviderServer" tf_provider_addr=registry.terraform.io/hashicorp/aws tf_rpc=ConfigureProvider @caller=github.com/hashicorp/aws-sdk-go-base/v2@v2.0.0-beta.73/logging/tf_logger.go:47 tf_req_id=eefd8d56-c5e7-88ba-ce15-375d9cc6adca timestamp="2026-09-01T18:19:55.965+0700"
2026-09-01T18:19:55.965+0700 [DEBUG] provider.terraform-provider-aws_v6.62.0_x5: Retrieving AWS account details: @caller=github.com/hashicorp/terraform-provider-aws/internal/conns/config.go:188 @module=aws tf_req_id=eefd8d56-c5e7-88ba-ce15-375d9cc6adca tf_rpc=ConfigureProvider tf_mux_provider="*schema.GRPCProviderServer" tf_provider_addr=registry.terraform.io/hashicorp/aws timestamp="2026-09-01T18:19:55.965+0700"
2026-09-01T18:19:55.966+0700 [DEBUG] provider.terraform-provider-aws_v6.62.0_x5: Retrieving caller identity from STS: tf_provider_addr=registry.terraform.io/hashicorp/aws tf_req_id=eefd8d56-c5e7-88ba-ce15-375d9cc6adca tf_rpc=ConfigureProvider @caller=github.com/hashicorp/aws-sdk-go-base/v2@v2.0.0-beta.73/logging/tf_logger.go:47 @module=aws.aws-base tf_mux_provider="*schema.GRPCProviderServer" timestamp="2026-09-01T18:19:55.965+0700"
2026-09-01T18:19:55.966+0700 [DEBUG] provider.terraform-provider-aws_v6.62.0_x5: HTTP Request Sent: http.request.header.x_amz_security_token="*****" @module=aws.aws-base
  http.request.body=
  | Action=GetCallerIdentity&Version=2011-06-15
   net.peer.name=sts.ap-southeast-1.amazonaws.com rpc.system.name=aws-api tf_aws.signing_region="" tf_mux_provider="*schema.GRPCProviderServer" tf_provider_addr=registry.terraform.io/hashicorp/aws aws.region=ap-southeast-1 tf_req_id=eefd8d56-c5e7-88ba-ce15-375d9cc6adca @caller=github.com/hashicorp/aws-sdk-go-base/v2@v2.0.0-beta.73/logging/tf_logger.go:47 http.method=POST http.request.header.amz_sdk_invocation_id=44853e0b-b571-440b-a3c4-58032ce3bd08 http.request.header.amz_sdk_request="attempt=1; max=25" http.request.header.content_type=application/x-www-form-urlencoded http.request.header.x_amz_date=20260901T111955Z http.request_content_length=43 http.user_agent="APN/1.0 HashiCorp/1.0 Terraform/1.16.0 (+https://www.terraform.io) terraform-provider-aws/6.62.0 (+https://registry.terraform.io/providers/hashicorp/aws) aws-sdk-go-v2/1.43.7 ua/2.1 os/macos lang/go#1.26.6 md/GOOS#darwin md/GOARCH#arm64 api/sts#1.45.7 m/i,n,o" http.request.header.authorization="AWS4-HMAC-SHA256 Credential=ASIA************I3PI/20260901/ap-southeast-1/sts/aws4_request, SignedHeaders=amz-sdk-invocation-id;amz-sdk-request;content-length;content-type;host;x-amz-date;x-amz-security-token, Signature=*****" http.url=https://sts.ap-southeast-1.amazonaws.com/ rpc.method=STS/GetCallerIdentity tf_aws.sdk=aws-sdk-go-v2 tf_rpc=ConfigureProvider timestamp="2026-09-01T18:19:55.966+0700"
2026-09-01T18:19:56.124+0700 [DEBUG] provider.terraform-provider-aws_v6.62.0_x5: HTTP Response Received: rpc.method=STS/GetCallerIdentity tf_aws.signing_region="" tf_mux_provider="*schema.GRPCProviderServer"
  http.response.body=
  | <GetCallerIdentityResponse xmlns="https://sts.amazonaws.com/doc/2011-06-15/">
  |   <GetCallerIdentityResult>
  |     <Arn>arn:aws:sts::767397956626:assumed-role/master-programmatic-admin-role/aws-go-sdk-1788261595721852000</Arn>
  |     <UserId>AROA*************CJFM:aws-go-sdk-1788261595721852000</UserId>
  |     <Account>767397956626</Account>
  |   </GetCallerIdentityResult>
  |   <ResponseMetadata>
  |     <RequestId>52932100-6d2a-4b8a-a076-f383b7d5d521</RequestId>
  |   </ResponseMetadata>
  | </GetCallerIdentityResponse>
   http.response.header.content_type=text/xml http.response.header.x_amz_sts_extended_request_id=MTphcC1zb3V0aGVhc3QtMTpTOjE3ODgyNjE1OTYxNzI6UjoxN1B4MWRsRQ== http.status_code=200 tf_req_id=eefd8d56-c5e7-88ba-ce15-375d9cc6adca http.response_content_length=497 aws.region=ap-southeast-1 rpc.system.name=aws-api tf_rpc=ConfigureProvider http.response.header.x_amzn_requestid=52932100-6d2a-4b8a-a076-f383b7d5d521 tf_aws.sdk=aws-sdk-go-v2 tf_provider_addr=registry.terraform.io/hashicorp/aws @caller=github.com/hashicorp/aws-sdk-go-base/v2@v2.0.0-beta.73/logging/tf_logger.go:47 @module=aws.aws-base http.duration=157 http.response.header.date="Tue, 01 Sep 2026 11:19:56 GMT" timestamp="2026-09-01T18:19:56.124+0700"
2026-09-01T18:19:56.124+0700 [INFO]  provider.terraform-provider-aws_v6.62.0_x5: Retrieved caller identity from STS: @module=aws.aws-base tf_mux_provider="*schema.GRPCProviderServer" tf_provider_addr=registry.terraform.io/hashicorp/aws @caller=github.com/hashicorp/aws-sdk-go-base/v2@v2.0.0-beta.73/logging/tf_logger.go:39 tf_req_id=eefd8d56-c5e7-88ba-ce15-375d9cc6adca tf_rpc=ConfigureProvider timestamp="2026-09-01T18:19:56.124+0700"
2026-09-01T18:19:56.126+0700 [DEBUG] No policy client configured, skipping policy evaluation for provider["registry.terraform.io/hashicorp/aws"]
2026-09-01T18:19:56.128+0700 [DEBUG] provider.stdio: received EOF, stopping recv loop: err="rpc error: code = Unavailable desc = error reading from server: EOF"
2026-09-01T18:19:56.138+0700 [INFO]  provider: plugin process exited: plugin=.terraform/providers/registry.terraform.io/hashicorp/aws/6.62.0/darwin_arm64/terraform-provider-aws_v6.62.0_x5 id=80438
2026-09-01T18:19:56.138+0700 [DEBUG] provider: plugin exited
2026-09-01T18:26:04.319+0700 [INFO]  Terraform version: 1.16.0
2026-09-01T18:26:04.320+0700 [DEBUG] using github.com/hashicorp/go-tfe v1.108.0
2026-09-01T18:26:04.320+0700 [DEBUG] using github.com/hashicorp/hcl/v2 v2.24.0
2026-09-01T18:26:04.320+0700 [DEBUG] using github.com/hashicorp/terraform-svchost v0.2.1
2026-09-01T18:26:04.320+0700 [DEBUG] using github.com/zclconf/go-cty v1.18.1
2026-09-01T18:26:04.320+0700 [INFO]  Go runtime version: go1.26.4
2026-09-01T18:26:04.320+0700 [INFO]  CLI args: []string{"terraform", "apply", "-auto-approve"}
2026-09-01T18:26:04.320+0700 [DEBUG] Attempting to open CLI config file: /Users/thettun/.terraformrc
2026-09-01T18:26:04.320+0700 [DEBUG] File doesn't exist, but doesn't need to. Ignoring.
2026-09-01T18:26:04.321+0700 [DEBUG] ignoring non-existing provider search directory terraform.d/plugins
2026-09-01T18:26:04.321+0700 [DEBUG] ignoring non-existing provider search directory /Users/thettun/.terraform.d/plugins
2026-09-01T18:26:04.321+0700 [DEBUG] ignoring non-existing provider search directory /Users/thettun/Library/Application Support/io.terraform/plugins
2026-09-01T18:26:04.321+0700 [DEBUG] ignoring non-existing provider search directory /Library/Application Support/io.terraform/plugins
2026-09-01T18:26:04.322+0700 [INFO]  CLI command args: []string{"apply", "-auto-approve"}
2026-09-01T18:26:05.091+0700 [DEBUG] checking for provisioner in "."
2026-09-01T18:26:05.097+0700 [DEBUG] checking for provisioner in "/opt/homebrew/bin"
2026-09-01T18:26:05.102+0700 [INFO]  backend/local: starting Apply operation
2026-09-01T18:26:05.111+0700 [DEBUG] Starting graph walk: walkInit
2026-09-01T18:26:05.116+0700 [DEBUG] created provider logger: level=debug
2026-09-01T18:26:05.116+0700 [INFO]  provider: configuring client automatic mTLS
2026-09-01T18:26:05.128+0700 [DEBUG] provider: starting plugin: path=.terraform/providers/registry.terraform.io/hashicorp/aws/6.62.0/darwin_arm64/terraform-provider-aws_v6.62.0_x5 args=[".terraform/providers/registry.terraform.io/hashicorp/aws/6.62.0/darwin_arm64/terraform-provider-aws_v6.62.0_x5"]
2026-09-01T18:26:05.138+0700 [DEBUG] provider: plugin started: path=.terraform/providers/registry.terraform.io/hashicorp/aws/6.62.0/darwin_arm64/terraform-provider-aws_v6.62.0_x5 pid=83766
2026-09-01T18:26:05.138+0700 [DEBUG] provider: waiting for RPC address: plugin=.terraform/providers/registry.terraform.io/hashicorp/aws/6.62.0/darwin_arm64/terraform-provider-aws_v6.62.0_x5
2026-09-01T18:26:05.362+0700 [DEBUG] provider.terraform-provider-aws_v6.62.0_x5: Starting github.com/hashicorp/terraform-provider-aws@6.62.0 (go1.26.6)...
2026-09-01T18:26:05.362+0700 [DEBUG] provider.terraform-provider-aws_v6.62.0_x5: Creating Terraform AWS Provider (SDKv2-style)...
2026-09-01T18:26:05.362+0700 [DEBUG] provider.terraform-provider-aws_v6.62.0_x5: Initializing Terraform AWS Provider (SDKv2-style)...
2026-09-01T18:26:05.401+0700 [DEBUG] provider.terraform-provider-aws_v6.62.0_x5: Creating Terraform AWS Provider (Framework-style)...
2026-09-01T18:26:05.401+0700 [DEBUG] provider.terraform-provider-aws_v6.62.0_x5: Initializing Terraform AWS Provider (Framework-style)...
2026-09-01T18:26:05.404+0700 [INFO]  provider.terraform-provider-aws_v6.62.0_x5: configuring server automatic mTLS: timestamp="2026-09-01T18:26:05.403+0700"
2026-09-01T18:26:05.410+0700 [DEBUG] provider: using plugin: version=5
2026-09-01T18:26:05.410+0700 [DEBUG] provider.terraform-provider-aws_v6.62.0_x5: plugin address: address=/var/folders/dc/71w9ly4s1z5b3mp02_3x4pmm0000gn/T/plugin298011257 network=unix timestamp="2026-09-01T18:26:05.410+0700"
2026-09-01T18:26:06.754+0700 [DEBUG] provider.stdio: received EOF, stopping recv loop: err="rpc error: code = Unavailable desc = error reading from server: EOF"
2026-09-01T18:26:06.767+0700 [INFO]  provider: plugin process exited: plugin=.terraform/providers/registry.terraform.io/hashicorp/aws/6.62.0/darwin_arm64/terraform-provider-aws_v6.62.0_x5 id=83766
2026-09-01T18:26:06.767+0700 [DEBUG] provider: plugin exited
2026-09-01T18:26:06.767+0700 [DEBUG] created provider logger: level=debug
2026-09-01T18:26:06.767+0700 [INFO]  provider: configuring client automatic mTLS
2026-09-01T18:26:06.770+0700 [DEBUG] provider: starting plugin: path=.terraform/providers/registry.terraform.io/hashicorp/azurerm/5.0.0/darwin_arm64/terraform-provider-azurerm_v5.0.0_x5 args=[".terraform/providers/registry.terraform.io/hashicorp/azurerm/5.0.0/darwin_arm64/terraform-provider-azurerm_v5.0.0_x5"]
2026-09-01T18:26:06.776+0700 [DEBUG] provider: plugin started: path=.terraform/providers/registry.terraform.io/hashicorp/azurerm/5.0.0/darwin_arm64/terraform-provider-azurerm_v5.0.0_x5 pid=83785
2026-09-01T18:26:06.776+0700 [DEBUG] provider: waiting for RPC address: plugin=.terraform/providers/registry.terraform.io/hashicorp/azurerm/5.0.0/darwin_arm64/terraform-provider-azurerm_v5.0.0_x5
2026-09-01T18:26:06.857+0700 [DEBUG] provider.terraform-provider-azurerm_v5.0.0_x5: [DEBUG] Registering Data Sources for "AAD B2C"..
2026-09-01T18:26:06.857+0700 [DEBUG] provider.terraform-provider-azurerm_v5.0.0_x5: [DEBUG] Registering Resources for "AAD B2C"..
2026-09-01T18:26:06.857+0700 [DEBUG] provider.terraform-provider-azurerm_v5.0.0_x5: [DEBUG] Registering Data Sources for "API Management"..
2026-09-01T18:26:06.857+0700 [DEBUG] provider.terraform-provider-azurerm_v5.0.0_x5: [DEBUG] Registering Resources for "API Management"..
2026-09-01T18:26:06.858+0700 [DEBUG] provider.terraform-provider-azurerm_v5.0.0_x5: [DEBUG] Registering Data Sources for "App Configuration"..
2026-09-01T18:26:06.859+0700 [DEBUG] provider.terraform-provider-azurerm_v5.0.0_x5: [DEBUG] Registering Resources for "App Configuration"..
2026-09-01T18:26:06.859+0700 [DEBUG] provider.terraform-provider-azurerm_v5.0.0_x5: [DEBUG] Registering Data Sources for "Application Insights"..
2026-09-01T18:26:06.859+0700 [DEBUG] provider.terraform-provider-azurerm_v5.0.0_x5: [DEBUG] Registering Resources for "Application Insights"..
2026-09-01T18:26:06.859+0700 [DEBUG] provider.terraform-provider-azurerm_v5.0.0_x5: [DEBUG] Registering Data Sources for "AppService"..
2026-09-01T18:26:06.860+0700 [DEBUG] provider.terraform-provider-azurerm_v5.0.0_x5: [DEBUG] Registering Resources for "AppService"..
2026-09-01T18:26:06.864+0700 [DEBUG] provider.terraform-provider-azurerm_v5.0.0_x5: [DEBUG] Registering Data Sources for "ArcKubernetes"..
2026-09-01T18:26:06.864+0700 [DEBUG] provider.terraform-provider-azurerm_v5.0.0_x5: [DEBUG] Registering Resources for "ArcKubernetes"..
2026-09-01T18:26:06.865+0700 [DEBUG] provider.terraform-provider-azurerm_v5.0.0_x5: [DEBUG] Registering Data Sources for "Arc Resource Bridge"..
2026-09-01T18:26:06.865+0700 [DEBUG] provider.terraform-provider-azurerm_v5.0.0_x5: [DEBUG] Registering Resources for "Arc Resource Bridge"..
2026-09-01T18:26:06.865+0700 [DEBUG] provider.terraform-provider-azurerm_v5.0.0_x5: [DEBUG] Registering Data Sources for "Authorization"..
2026-09-01T18:26:06.865+0700 [DEBUG] provider.terraform-provider-azurerm_v5.0.0_x5: [DEBUG] Registering Resources for "Authorization"..
2026-09-01T18:26:06.866+0700 [DEBUG] provider.terraform-provider-azurerm_v5.0.0_x5: [DEBUG] Registering Data Sources for "Automanage"..
2026-09-01T18:26:06.866+0700 [DEBUG] provider.terraform-provider-azurerm_v5.0.0_x5: [DEBUG] Registering Resources for "Automanage"..
2026-09-01T18:26:06.866+0700 [DEBUG] provider.terraform-provider-azurerm_v5.0.0_x5: [DEBUG] Registering Data Sources for "Automation"..
2026-09-01T18:26:06.866+0700 [DEBUG] provider.terraform-provider-azurerm_v5.0.0_x5: [DEBUG] Registering Resources for "Automation"..
2026-09-01T18:26:06.866+0700 [DEBUG] provider.terraform-provider-azurerm_v5.0.0_x5: [DEBUG] Registering Data Sources for "Advisor"..
2026-09-01T18:26:06.866+0700 [DEBUG] provider.terraform-provider-azurerm_v5.0.0_x5: [DEBUG] Registering Resources for "Advisor"..
2026-09-01T18:26:06.866+0700 [DEBUG] provider.terraform-provider-azurerm_v5.0.0_x5: [DEBUG] Registering Data Sources for "Azure Stack HCI"..
2026-09-01T18:26:06.866+0700 [DEBUG] provider.terraform-provider-azurerm_v5.0.0_x5: [DEBUG] Registering Resources for "Azure Stack HCI"..
2026-09-01T18:26:06.867+0700 [DEBUG] provider.terraform-provider-azurerm_v5.0.0_x5: [DEBUG] Registering Data Sources for "Batch"..
2026-09-01T18:26:06.867+0700 [DEBUG] provider.terraform-provider-azurerm_v5.0.0_x5: [DEBUG] Registering Resources for "Batch"..
2026-09-01T18:26:06.867+0700 [DEBUG] provider.terraform-provider-azurerm_v5.0.0_x5: [DEBUG] Registering Data Sources for "Bot"..
2026-09-01T18:26:06.867+0700 [DEBUG] provider.terraform-provider-azurerm_v5.0.0_x5: [DEBUG] Registering Resources for "Bot"..
2026-09-01T18:26:06.867+0700 [DEBUG] provider.terraform-provider-azurerm_v5.0.0_x5: [DEBUG] Registering Data Sources for "CDN"..
2026-09-01T18:26:06.867+0700 [DEBUG] provider.terraform-provider-azurerm_v5.0.0_x5: [DEBUG] Registering Resources for "CDN"..
2026-09-01T18:26:06.867+0700 [DEBUG] provider.terraform-provider-azurerm_v5.0.0_x5: [DEBUG] Registering Data Sources for "Trusted Signing"..
2026-09-01T18:26:06.867+0700 [DEBUG] provider.terraform-provider-azurerm_v5.0.0_x5: [DEBUG] Registering Resources for "Trusted Signing"..
2026-09-01T18:26:06.867+0700 [DEBUG] provider.terraform-provider-azurerm_v5.0.0_x5: [DEBUG] Registering Data Sources for "Cognitive Services"..
2026-09-01T18:26:06.867+0700 [DEBUG] provider.terraform-provider-azurerm_v5.0.0_x5: [DEBUG] Registering Resources for "Cognitive Services"..
2026-09-01T18:26:06.868+0700 [DEBUG] provider.terraform-provider-azurerm_v5.0.0_x5: [DEBUG] Registering Data Sources for "Communication"..
2026-09-01T18:26:06.868+0700 [DEBUG] provider.terraform-provider-azurerm_v5.0.0_x5: [DEBUG] Registering Resources for "Communication"..
2026-09-01T18:26:06.868+0700 [DEBUG] provider.terraform-provider-azurerm_v5.0.0_x5: [DEBUG] Registering Data Sources for "Compute"..
2026-09-01T18:26:06.868+0700 [DEBUG] provider.terraform-provider-azurerm_v5.0.0_x5: [DEBUG] Registering Resources for "Compute"..
2026-09-01T18:26:06.868+0700 [DEBUG] provider.terraform-provider-azurerm_v5.0.0_x5: [DEBUG] Registering Data Sources for "Connections"..
2026-09-01T18:26:06.868+0700 [DEBUG] provider.terraform-provider-azurerm_v5.0.0_x5: [DEBUG] Registering Resources for "Connections"..
2026-09-01T18:26:06.868+0700 [DEBUG] provider.terraform-provider-azurerm_v5.0.0_x5: [DEBUG] Registering Data Sources for "Consumption"..
2026-09-01T18:26:06.868+0700 [DEBUG] provider.terraform-provider-azurerm_v5.0.0_x5: [DEBUG] Registering Resources for "Consumption"..
2026-09-01T18:26:06.868+0700 [DEBUG] provider.terraform-provider-azurerm_v5.0.0_x5: [DEBUG] Registering Data Sources for "Container Apps"..
2026-09-01T18:26:06.869+0700 [DEBUG] provider.terraform-provider-azurerm_v5.0.0_x5: [DEBUG] Registering Resources for "Container Apps"..
2026-09-01T18:26:06.869+0700 [DEBUG] provider.terraform-provider-azurerm_v5.0.0_x5: [DEBUG] Registering Data Sources for "CosmosDB"..
2026-09-01T18:26:06.869+0700 [DEBUG] provider.terraform-provider-azurerm_v5.0.0_x5: [DEBUG] Registering Resources for "CosmosDB"..
2026-09-01T18:26:06.869+0700 [DEBUG] provider.terraform-provider-azurerm_v5.0.0_x5: [DEBUG] Registering Data Sources for "Cost Management"..
2026-09-01T18:26:06.870+0700 [DEBUG] provider.terraform-provider-azurerm_v5.0.0_x5: [DEBUG] Registering Resources for "Cost Management"..
2026-09-01T18:26:06.870+0700 [DEBUG] provider.terraform-provider-azurerm_v5.0.0_x5: [DEBUG] Registering Data Sources for "Dashboard"..
2026-09-01T18:26:06.870+0700 [DEBUG] provider.terraform-provider-azurerm_v5.0.0_x5: [DEBUG] Registering Resources for "Dashboard"..
2026-09-01T18:26:06.870+0700 [DEBUG] provider.terraform-provider-azurerm_v5.0.0_x5: [DEBUG] Registering Data Sources for "Databox Edge"..
2026-09-01T18:26:06.870+0700 [DEBUG] provider.terraform-provider-azurerm_v5.0.0_x5: [DEBUG] Registering Resources for "Databox Edge"..
2026-09-01T18:26:06.870+0700 [DEBUG] provider.terraform-provider-azurerm_v5.0.0_x5: [DEBUG] Registering Data Sources for "DataBricks"..
2026-09-01T18:26:06.870+0700 [DEBUG] provider.terraform-provider-azurerm_v5.0.0_x5: [DEBUG] Registering Resources for "DataBricks"..
2026-09-01T18:26:06.870+0700 [DEBUG] provider.terraform-provider-azurerm_v5.0.0_x5: [DEBUG] Registering Data Sources for "Data Factory"..
2026-09-01T18:26:06.870+0700 [DEBUG] provider.terraform-provider-azurerm_v5.0.0_x5: [DEBUG] Registering Resources for "Data Factory"..
2026-09-01T18:26:06.870+0700 [DEBUG] provider.terraform-provider-azurerm_v5.0.0_x5: [DEBUG] Registering Data Sources for "DataProtection"..
2026-09-01T18:26:06.870+0700 [DEBUG] provider.terraform-provider-azurerm_v5.0.0_x5: [DEBUG] Registering Resources for "DataProtection"..
2026-09-01T18:26:06.871+0700 [DEBUG] provider.terraform-provider-azurerm_v5.0.0_x5: [DEBUG] Registering Data Sources for "Desktop Virtualization"..
2026-09-01T18:26:06.871+0700 [DEBUG] provider.terraform-provider-azurerm_v5.0.0_x5: [DEBUG] Registering Resources for "Desktop Virtualization"..
2026-09-01T18:26:06.871+0700 [DEBUG] provider.terraform-provider-azurerm_v5.0.0_x5: [DEBUG] Registering Data Sources for "Digital Twins"..
2026-09-01T18:26:06.871+0700 [DEBUG] provider.terraform-provider-azurerm_v5.0.0_x5: [DEBUG] Registering Resources for "Digital Twins"..
2026-09-01T18:26:06.871+0700 [DEBUG] provider.terraform-provider-azurerm_v5.0.0_x5: [DEBUG] Registering Data Sources for "DNS"..
2026-09-01T18:26:06.871+0700 [DEBUG] provider.terraform-provider-azurerm_v5.0.0_x5: [DEBUG] Registering Resources for "DNS"..
2026-09-01T18:26:06.871+0700 [DEBUG] provider.terraform-provider-azurerm_v5.0.0_x5: [DEBUG] Registering Data Sources for "DomainServices"..
2026-09-01T18:26:06.871+0700 [DEBUG] provider.terraform-provider-azurerm_v5.0.0_x5: [DEBUG] Registering Resources for "DomainServices"..
2026-09-01T18:26:06.871+0700 [DEBUG] provider.terraform-provider-azurerm_v5.0.0_x5: [DEBUG] Registering Data Sources for "Dynatrace"..
2026-09-01T18:26:06.871+0700 [DEBUG] provider.terraform-provider-azurerm_v5.0.0_x5: [DEBUG] Registering Resources for "Dynatrace"..
2026-09-01T18:26:06.871+0700 [DEBUG] provider.terraform-provider-azurerm_v5.0.0_x5: [DEBUG] Registering Data Sources for "ElasticSan"..
2026-09-01T18:26:06.871+0700 [DEBUG] provider.terraform-provider-azurerm_v5.0.0_x5: [DEBUG] Registering Resources for "ElasticSan"..
2026-09-01T18:26:06.871+0700 [DEBUG] provider.terraform-provider-azurerm_v5.0.0_x5: [DEBUG] Registering Data Sources for "EventGrid"..
2026-09-01T18:26:06.872+0700 [DEBUG] provider.terraform-provider-azurerm_v5.0.0_x5: [DEBUG] Registering Resources for "EventGrid"..
2026-09-01T18:26:06.872+0700 [DEBUG] provider.terraform-provider-azurerm_v5.0.0_x5: [DEBUG] Registering Data Sources for "EventHub"..
2026-09-01T18:26:06.872+0700 [DEBUG] provider.terraform-provider-azurerm_v5.0.0_x5: [DEBUG] Registering Resources for "EventHub"..
2026-09-01T18:26:06.872+0700 [DEBUG] provider.terraform-provider-azurerm_v5.0.0_x5: [DEBUG] Registering Data Sources for "ExtendedLocation"..
2026-09-01T18:26:06.872+0700 [DEBUG] provider.terraform-provider-azurerm_v5.0.0_x5: [DEBUG] Registering Resources for "ExtendedLocation"..
2026-09-01T18:26:06.872+0700 [DEBUG] provider.terraform-provider-azurerm_v5.0.0_x5: [DEBUG] Registering Data Sources for "Fabric"..
2026-09-01T18:26:06.872+0700 [DEBUG] provider.terraform-provider-azurerm_v5.0.0_x5: [DEBUG] Registering Resources for "Fabric"..
2026-09-01T18:26:06.872+0700 [DEBUG] provider.terraform-provider-azurerm_v5.0.0_x5: [DEBUG] Registering Data Sources for "Fluid Relay"..
2026-09-01T18:26:06.872+0700 [DEBUG] provider.terraform-provider-azurerm_v5.0.0_x5: [DEBUG] Registering Resources for "Fluid Relay"..
2026-09-01T18:26:06.872+0700 [DEBUG] provider.terraform-provider-azurerm_v5.0.0_x5: [DEBUG] Registering Data Sources for "Graph Services"..
2026-09-01T18:26:06.872+0700 [DEBUG] provider.terraform-provider-azurerm_v5.0.0_x5: [DEBUG] Registering Resources for "Graph Services"..
2026-09-01T18:26:06.872+0700 [DEBUG] provider.terraform-provider-azurerm_v5.0.0_x5: [DEBUG] Registering Data Sources for "Hybrid Compute"..
2026-09-01T18:26:06.872+0700 [DEBUG] provider.terraform-provider-azurerm_v5.0.0_x5: [DEBUG] Registering Resources for "Hybrid Compute"..
2026-09-01T18:26:06.872+0700 [DEBUG] provider.terraform-provider-azurerm_v5.0.0_x5: [DEBUG] Registering Data Sources for "IoT Central"..
2026-09-01T18:26:06.872+0700 [DEBUG] provider.terraform-provider-azurerm_v5.0.0_x5: [DEBUG] Registering Resources for "IoT Central"..
2026-09-01T18:26:06.872+0700 [DEBUG] provider.terraform-provider-azurerm_v5.0.0_x5: [DEBUG] Registering Data Sources for "IoT Hub"..
2026-09-01T18:26:06.872+0700 [DEBUG] provider.terraform-provider-azurerm_v5.0.0_x5: [DEBUG] Registering Resources for "IoT Hub"..
2026-09-01T18:26:06.872+0700 [DEBUG] provider.terraform-provider-azurerm_v5.0.0_x5: [DEBUG] Registering Data Sources for "KeyVault"..
2026-09-01T18:26:06.872+0700 [DEBUG] provider.terraform-provider-azurerm_v5.0.0_x5: [DEBUG] Registering Resources for "KeyVault"..
2026-09-01T18:26:06.872+0700 [DEBUG] provider.terraform-provider-azurerm_v5.0.0_x5: [DEBUG] Registering Data Sources for "Kusto"..
2026-09-01T18:26:06.872+0700 [DEBUG] provider.terraform-provider-azurerm_v5.0.0_x5: [DEBUG] Registering Resources for "Kusto"..
2026-09-01T18:26:06.872+0700 [DEBUG] provider.terraform-provider-azurerm_v5.0.0_x5: [DEBUG] Registering Data Sources for "Load Balancer"..
2026-09-01T18:26:06.872+0700 [DEBUG] provider.terraform-provider-azurerm_v5.0.0_x5: [DEBUG] Registering Resources for "Load Balancer"..
2026-09-01T18:26:06.873+0700 [DEBUG] provider.terraform-provider-azurerm_v5.0.0_x5: [DEBUG] Registering Data Sources for "LoadTestService"..
2026-09-01T18:26:06.873+0700 [DEBUG] provider.terraform-provider-azurerm_v5.0.0_x5: [DEBUG] Registering Resources for "LoadTestService"..
2026-09-01T18:26:06.873+0700 [DEBUG] provider.terraform-provider-azurerm_v5.0.0_x5: [DEBUG] Registering Data Sources for "Log Analytics"..
2026-09-01T18:26:06.873+0700 [DEBUG] provider.terraform-provider-azurerm_v5.0.0_x5: [DEBUG] Registering Resources for "Log Analytics"..
2026-09-01T18:26:06.873+0700 [DEBUG] provider.terraform-provider-azurerm_v5.0.0_x5: [DEBUG] Registering Data Sources for "Logic"..
2026-09-01T18:26:06.873+0700 [DEBUG] provider.terraform-provider-azurerm_v5.0.0_x5: [DEBUG] Registering Resources for "Logic"..
2026-09-01T18:26:06.873+0700 [DEBUG] provider.terraform-provider-azurerm_v5.0.0_x5: [DEBUG] Registering Data Sources for "Machine Learning"..
2026-09-01T18:26:06.873+0700 [DEBUG] provider.terraform-provider-azurerm_v5.0.0_x5: [DEBUG] Registering Resources for "Machine Learning"..
2026-09-01T18:26:06.873+0700 [DEBUG] provider.terraform-provider-azurerm_v5.0.0_x5: [DEBUG] Registering Data Sources for "Maintenance"..
2026-09-01T18:26:06.873+0700 [DEBUG] provider.terraform-provider-azurerm_v5.0.0_x5: [DEBUG] Registering Resources for "Maintenance"..
2026-09-01T18:26:06.873+0700 [DEBUG] provider.terraform-provider-azurerm_v5.0.0_x5: [DEBUG] Registering Data Sources for "Managed DevOps Pools"..
2026-09-01T18:26:06.873+0700 [DEBUG] provider.terraform-provider-azurerm_v5.0.0_x5: [DEBUG] Registering Resources for "Managed DevOps Pools"..
2026-09-01T18:26:06.873+0700 [DEBUG] provider.terraform-provider-azurerm_v5.0.0_x5: [DEBUG] Registering Data Sources for "Managed HSM"..
2026-09-01T18:26:06.873+0700 [DEBUG] provider.terraform-provider-azurerm_v5.0.0_x5: [DEBUG] Registering Resources for "Managed HSM"..
2026-09-01T18:26:06.874+0700 [DEBUG] provider.terraform-provider-azurerm_v5.0.0_x5: [DEBUG] Registering Data Sources for "Managed Redis"..
2026-09-01T18:26:06.874+0700 [DEBUG] provider.terraform-provider-azurerm_v5.0.0_x5: [DEBUG] Registering Resources for "Managed Redis"..
2026-09-01T18:26:06.874+0700 [DEBUG] provider.terraform-provider-azurerm_v5.0.0_x5: [DEBUG] Registering Data Sources for "Mongo Cluster"..
2026-09-01T18:26:06.874+0700 [DEBUG] provider.terraform-provider-azurerm_v5.0.0_x5: [DEBUG] Registering Resources for "Mongo Cluster"..
2026-09-01T18:26:06.874+0700 [DEBUG] provider.terraform-provider-azurerm_v5.0.0_x5: [DEBUG] Registering Data Sources for "Monitor"..
2026-09-01T18:26:06.874+0700 [DEBUG] provider.terraform-provider-azurerm_v5.0.0_x5: [DEBUG] Registering Resources for "Monitor"..
2026-09-01T18:26:06.874+0700 [DEBUG] provider.terraform-provider-azurerm_v5.0.0_x5: [DEBUG] Registering Data Sources for "Microsoft SQL Server / Azure SQL"..
2026-09-01T18:26:06.874+0700 [DEBUG] provider.terraform-provider-azurerm_v5.0.0_x5: [DEBUG] Registering Resources for "Microsoft SQL Server / Azure SQL"..
2026-09-01T18:26:06.874+0700 [DEBUG] provider.terraform-provider-azurerm_v5.0.0_x5: [DEBUG] Registering Data Sources for "Microsoft SQL Server Managed Instances"..
2026-09-01T18:26:06.875+0700 [DEBUG] provider.terraform-provider-azurerm_v5.0.0_x5: [DEBUG] Registering Resources for "Microsoft SQL Server Managed Instances"..
2026-09-01T18:26:06.875+0700 [DEBUG] provider.terraform-provider-azurerm_v5.0.0_x5: [DEBUG] Registering Data Sources for "MySQL"..
2026-09-01T18:26:06.875+0700 [DEBUG] provider.terraform-provider-azurerm_v5.0.0_x5: [DEBUG] Registering Resources for "MySQL"..
2026-09-01T18:26:06.875+0700 [DEBUG] provider.terraform-provider-azurerm_v5.0.0_x5: [DEBUG] Registering Data Sources for "NetApp"..
2026-09-01T18:26:06.875+0700 [DEBUG] provider.terraform-provider-azurerm_v5.0.0_x5: [DEBUG] Registering Resources for "NetApp"..
2026-09-01T18:26:06.876+0700 [DEBUG] provider.terraform-provider-azurerm_v5.0.0_x5: [DEBUG] Registering Data Sources for "Network"..
2026-09-01T18:26:06.876+0700 [DEBUG] provider.terraform-provider-azurerm_v5.0.0_x5: [DEBUG] Registering Resources for "Network"..
2026-09-01T18:26:06.876+0700 [DEBUG] provider.terraform-provider-azurerm_v5.0.0_x5: [DEBUG] Registering Data Sources for "Network Function"..
2026-09-01T18:26:06.876+0700 [DEBUG] provider.terraform-provider-azurerm_v5.0.0_x5: [DEBUG] Registering Resources for "Network Function"..
2026-09-01T18:26:06.877+0700 [DEBUG] provider.terraform-provider-azurerm_v5.0.0_x5: [DEBUG] Registering Data Sources for "New Relic"..
2026-09-01T18:26:06.877+0700 [DEBUG] provider.terraform-provider-azurerm_v5.0.0_x5: [DEBUG] Registering Resources for "New Relic"..
2026-09-01T18:26:06.877+0700 [DEBUG] provider.terraform-provider-azurerm_v5.0.0_x5: [DEBUG] Registering Data Sources for "Nginx"..
2026-09-01T18:26:06.877+0700 [DEBUG] provider.terraform-provider-azurerm_v5.0.0_x5: [DEBUG] Registering Resources for "Nginx"..
2026-09-01T18:26:06.877+0700 [DEBUG] provider.terraform-provider-azurerm_v5.0.0_x5: [DEBUG] Registering Data Sources for "Oracle"..
2026-09-01T18:26:06.878+0700 [DEBUG] provider.terraform-provider-azurerm_v5.0.0_x5: [DEBUG] Registering Resources for "Oracle"..
2026-09-01T18:26:06.878+0700 [DEBUG] provider.terraform-provider-azurerm_v5.0.0_x5: [DEBUG] Registering Data Sources for "Orbital"..
2026-09-01T18:26:06.878+0700 [DEBUG] provider.terraform-provider-azurerm_v5.0.0_x5: [DEBUG] Registering Resources for "Orbital"..
2026-09-01T18:26:06.878+0700 [DEBUG] provider.terraform-provider-azurerm_v5.0.0_x5: [DEBUG] Registering Data Sources for "Palo Alto"..
2026-09-01T18:26:06.878+0700 [DEBUG] provider.terraform-provider-azurerm_v5.0.0_x5: [DEBUG] Registering Resources for "Palo Alto"..
2026-09-01T18:26:06.879+0700 [DEBUG] provider.terraform-provider-azurerm_v5.0.0_x5: [DEBUG] Registering Data Sources for "Policy"..
2026-09-01T18:26:06.879+0700 [DEBUG] provider.terraform-provider-azurerm_v5.0.0_x5: [DEBUG] Registering Resources for "Policy"..
2026-09-01T18:26:06.879+0700 [DEBUG] provider.terraform-provider-azurerm_v5.0.0_x5: [DEBUG] Registering Data Sources for "PostgreSQL"..
2026-09-01T18:26:06.879+0700 [DEBUG] provider.terraform-provider-azurerm_v5.0.0_x5: [DEBUG] Registering Resources for "PostgreSQL"..
2026-09-01T18:26:06.879+0700 [DEBUG] provider.terraform-provider-azurerm_v5.0.0_x5: [DEBUG] Registering Data Sources for "Private DNS Resolver"..
2026-09-01T18:26:06.879+0700 [DEBUG] provider.terraform-provider-azurerm_v5.0.0_x5: [DEBUG] Registering Resources for "Private DNS Resolver"..
2026-09-01T18:26:06.879+0700 [DEBUG] provider.terraform-provider-azurerm_v5.0.0_x5: [DEBUG] Registering Data Sources for "Qumulo"..
2026-09-01T18:26:06.879+0700 [DEBUG] provider.terraform-provider-azurerm_v5.0.0_x5: [DEBUG] Registering Resources for "Qumulo"..
2026-09-01T18:26:06.879+0700 [DEBUG] provider.terraform-provider-azurerm_v5.0.0_x5: [DEBUG] Registering Data Sources for "Recovery Services"..
2026-09-01T18:26:06.880+0700 [DEBUG] provider.terraform-provider-azurerm_v5.0.0_x5: [DEBUG] Registering Resources for "Recovery Services"..
2026-09-01T18:26:06.880+0700 [DEBUG] provider.terraform-provider-azurerm_v5.0.0_x5: [DEBUG] Registering Data Sources for "Red Hat OpenShift"..
2026-09-01T18:26:06.880+0700 [DEBUG] provider.terraform-provider-azurerm_v5.0.0_x5: [DEBUG] Registering Resources for "Red Hat OpenShift"..
2026-09-01T18:26:06.880+0700 [DEBUG] provider.terraform-provider-azurerm_v5.0.0_x5: [DEBUG] Registering Data Sources for "Redis"..
2026-09-01T18:26:06.880+0700 [DEBUG] provider.terraform-provider-azurerm_v5.0.0_x5: [DEBUG] Registering Resources for "Redis"..
2026-09-01T18:26:06.880+0700 [DEBUG] provider.terraform-provider-azurerm_v5.0.0_x5: [DEBUG] Registering Data Sources for "Resources"..
2026-09-01T18:26:06.880+0700 [DEBUG] provider.terraform-provider-azurerm_v5.0.0_x5: [DEBUG] Registering Resources for "Resources"..
2026-09-01T18:26:06.880+0700 [DEBUG] provider.terraform-provider-azurerm_v5.0.0_x5: [DEBUG] Registering Data Sources for "Search"..
2026-09-01T18:26:06.880+0700 [DEBUG] provider.terraform-provider-azurerm_v5.0.0_x5: [DEBUG] Registering Resources for "Search"..
2026-09-01T18:26:06.880+0700 [DEBUG] provider.terraform-provider-azurerm_v5.0.0_x5: [DEBUG] Registering Data Sources for "Security Center"..
2026-09-01T18:26:06.880+0700 [DEBUG] provider.terraform-provider-azurerm_v5.0.0_x5: [DEBUG] Registering Resources for "Security Center"..
2026-09-01T18:26:06.880+0700 [DEBUG] provider.terraform-provider-azurerm_v5.0.0_x5: [DEBUG] Registering Data Sources for "Sentinel"..
2026-09-01T18:26:06.880+0700 [DEBUG] provider.terraform-provider-azurerm_v5.0.0_x5: [DEBUG] Registering Resources for "Sentinel"..
2026-09-01T18:26:06.881+0700 [DEBUG] provider.terraform-provider-azurerm_v5.0.0_x5: [DEBUG] Registering Data Sources for "ServiceBus"..
2026-09-01T18:26:06.881+0700 [DEBUG] provider.terraform-provider-azurerm_v5.0.0_x5: [DEBUG] Registering Resources for "ServiceBus"..
2026-09-01T18:26:06.881+0700 [DEBUG] provider.terraform-provider-azurerm_v5.0.0_x5: [DEBUG] Registering Data Sources for "ServiceConnector"..
2026-09-01T18:26:06.881+0700 [DEBUG] provider.terraform-provider-azurerm_v5.0.0_x5: [DEBUG] Registering Resources for "ServiceConnector"..
2026-09-01T18:26:06.881+0700 [DEBUG] provider.terraform-provider-azurerm_v5.0.0_x5: [DEBUG] Registering Data Sources for "Service Fabric Managed Clusters"..
2026-09-01T18:26:06.881+0700 [DEBUG] provider.terraform-provider-azurerm_v5.0.0_x5: [DEBUG] Registering Resources for "Service Fabric Managed Clusters"..
2026-09-01T18:26:06.881+0700 [DEBUG] provider.terraform-provider-azurerm_v5.0.0_x5: [DEBUG] Registering Data Sources for "Service Networking"..
2026-09-01T18:26:06.881+0700 [DEBUG] provider.terraform-provider-azurerm_v5.0.0_x5: [DEBUG] Registering Resources for "Service Networking"..
2026-09-01T18:26:06.881+0700 [DEBUG] provider.terraform-provider-azurerm_v5.0.0_x5: [DEBUG] Registering Data Sources for "SignalR"..
2026-09-01T18:26:06.881+0700 [DEBUG] provider.terraform-provider-azurerm_v5.0.0_x5: [DEBUG] Registering Resources for "SignalR"..
2026-09-01T18:26:06.881+0700 [DEBUG] provider.terraform-provider-azurerm_v5.0.0_x5: [DEBUG] Registering Data Sources for "Spring Cloud"..
2026-09-01T18:26:06.881+0700 [DEBUG] provider.terraform-provider-azurerm_v5.0.0_x5: [DEBUG] Registering Resources for "Spring Cloud"..
2026-09-01T18:26:06.881+0700 [DEBUG] provider.terraform-provider-azurerm_v5.0.0_x5: [DEBUG] Registering Data Sources for "Storage"..
2026-09-01T18:26:06.881+0700 [DEBUG] provider.terraform-provider-azurerm_v5.0.0_x5: [DEBUG] Registering Resources for "Storage"..
2026-09-01T18:26:06.882+0700 [DEBUG] provider.terraform-provider-azurerm_v5.0.0_x5: [DEBUG] Registering Data Sources for "Storage Cache"..
2026-09-01T18:26:06.882+0700 [DEBUG] provider.terraform-provider-azurerm_v5.0.0_x5: [DEBUG] Registering Resources for "Storage Cache"..
2026-09-01T18:26:06.882+0700 [DEBUG] provider.terraform-provider-azurerm_v5.0.0_x5: [DEBUG] Registering Data Sources for "Storage Mover"..
2026-09-01T18:26:06.882+0700 [DEBUG] provider.terraform-provider-azurerm_v5.0.0_x5: [DEBUG] Registering Resources for "Storage Mover"..
2026-09-01T18:26:06.882+0700 [DEBUG] provider.terraform-provider-azurerm_v5.0.0_x5: [DEBUG] Registering Data Sources for "Stream Analytics"..
2026-09-01T18:26:06.882+0700 [DEBUG] provider.terraform-provider-azurerm_v5.0.0_x5: [DEBUG] Registering Resources for "Stream Analytics"..
2026-09-01T18:26:06.882+0700 [DEBUG] provider.terraform-provider-azurerm_v5.0.0_x5: [DEBUG] Registering Data Sources for "Subscription"..
2026-09-01T18:26:06.882+0700 [DEBUG] provider.terraform-provider-azurerm_v5.0.0_x5: [DEBUG] Registering Resources for "Subscription"..
2026-09-01T18:26:06.882+0700 [DEBUG] provider.terraform-provider-azurerm_v5.0.0_x5: [DEBUG] Registering Data Sources for "System Center Virtual Machine Manager"..
2026-09-01T18:26:06.882+0700 [DEBUG] provider.terraform-provider-azurerm_v5.0.0_x5: [DEBUG] Registering Resources for "System Center Virtual Machine Manager"..
2026-09-01T18:26:06.882+0700 [DEBUG] provider.terraform-provider-azurerm_v5.0.0_x5: [DEBUG] Registering Data Sources for "VideoIndexer"..
2026-09-01T18:26:06.882+0700 [DEBUG] provider.terraform-provider-azurerm_v5.0.0_x5: [DEBUG] Registering Resources for "VideoIndexer"..
2026-09-01T18:26:06.882+0700 [DEBUG] provider.terraform-provider-azurerm_v5.0.0_x5: [DEBUG] Registering Data Sources for "VMware"..
2026-09-01T18:26:06.882+0700 [DEBUG] provider.terraform-provider-azurerm_v5.0.0_x5: [DEBUG] Registering Resources for "VMware"..
2026-09-01T18:26:06.882+0700 [DEBUG] provider.terraform-provider-azurerm_v5.0.0_x5: [DEBUG] Registering Data Sources for "Web"..
2026-09-01T18:26:06.882+0700 [DEBUG] provider.terraform-provider-azurerm_v5.0.0_x5: [DEBUG] Registering Resources for "Web"..
2026-09-01T18:26:06.882+0700 [DEBUG] provider.terraform-provider-azurerm_v5.0.0_x5: [DEBUG] Registering Data Sources for "Workloads"..
2026-09-01T18:26:06.882+0700 [DEBUG] provider.terraform-provider-azurerm_v5.0.0_x5: [DEBUG] Registering Resources for "Workloads"..
2026-09-01T18:26:06.883+0700 [DEBUG] provider.terraform-provider-azurerm_v5.0.0_x5: [DEBUG] Registering Data Sources for "ChaosStudio"..
2026-09-01T18:26:06.883+0700 [DEBUG] provider.terraform-provider-azurerm_v5.0.0_x5: [DEBUG] Registering Resources for "ChaosStudio"..
2026-09-01T18:26:06.883+0700 [DEBUG] provider.terraform-provider-azurerm_v5.0.0_x5: [DEBUG] Registering Data Sources for "Container Services"..
2026-09-01T18:26:06.883+0700 [DEBUG] provider.terraform-provider-azurerm_v5.0.0_x5: [DEBUG] Registering Resources for "Container Services"..
2026-09-01T18:26:06.883+0700 [DEBUG] provider.terraform-provider-azurerm_v5.0.0_x5: [DEBUG] Registering Data Sources for "Dev Center"..
2026-09-01T18:26:06.883+0700 [DEBUG] provider.terraform-provider-azurerm_v5.0.0_x5: [DEBUG] Registering Resources for "Dev Center"..
2026-09-01T18:26:06.884+0700 [DEBUG] provider.terraform-provider-azurerm_v5.0.0_x5: [DEBUG] Registering Data Sources for "ManagedIdentity"..
2026-09-01T18:26:06.884+0700 [DEBUG] provider.terraform-provider-azurerm_v5.0.0_x5: [DEBUG] Registering Resources for "ManagedIdentity"..
2026-09-01T18:26:06.884+0700 [DEBUG] provider.terraform-provider-azurerm_v5.0.0_x5: [DEBUG] Registering Data Sources for "Advisor"..
2026-09-01T18:26:06.884+0700 [DEBUG] provider.terraform-provider-azurerm_v5.0.0_x5: [DEBUG] Registering Resources for "Advisor"..
2026-09-01T18:26:06.884+0700 [DEBUG] provider.terraform-provider-azurerm_v5.0.0_x5: [DEBUG] Registering Data Sources for "Analysis Services"..
2026-09-01T18:26:06.884+0700 [DEBUG] provider.terraform-provider-azurerm_v5.0.0_x5: [DEBUG] Registering Resources for "Analysis Services"..
2026-09-01T18:26:06.884+0700 [DEBUG] provider.terraform-provider-azurerm_v5.0.0_x5: [DEBUG] Registering Data Sources for "API Management"..
2026-09-01T18:26:06.884+0700 [DEBUG] provider.terraform-provider-azurerm_v5.0.0_x5: [DEBUG] Registering Resources for "API Management"..
2026-09-01T18:26:06.884+0700 [DEBUG] provider.terraform-provider-azurerm_v5.0.0_x5: [DEBUG] Registering Data Sources for "App Configuration"..
2026-09-01T18:26:06.884+0700 [DEBUG] provider.terraform-provider-azurerm_v5.0.0_x5: [DEBUG] Registering Resources for "App Configuration"..
2026-09-01T18:26:06.884+0700 [DEBUG] provider.terraform-provider-azurerm_v5.0.0_x5: [DEBUG] Registering Data Sources for "Application Insights"..
2026-09-01T18:26:06.884+0700 [DEBUG] provider.terraform-provider-azurerm_v5.0.0_x5: [DEBUG] Registering Resources for "Application Insights"..
2026-09-01T18:26:06.884+0700 [DEBUG] provider.terraform-provider-azurerm_v5.0.0_x5: [DEBUG] Registering Data Sources for "ArcKubernetes"..
2026-09-01T18:26:06.884+0700 [DEBUG] provider.terraform-provider-azurerm_v5.0.0_x5: [DEBUG] Registering Resources for "ArcKubernetes"..
2026-09-01T18:26:06.884+0700 [DEBUG] provider.terraform-provider-azurerm_v5.0.0_x5: [DEBUG] Registering Data Sources for "Attestation"..
2026-09-01T18:26:06.884+0700 [DEBUG] provider.terraform-provider-azurerm_v5.0.0_x5: [DEBUG] Registering Resources for "Attestation"..
2026-09-01T18:26:06.885+0700 [DEBUG] provider.terraform-provider-azurerm_v5.0.0_x5: [DEBUG] Registering Data Sources for "Authorization"..
2026-09-01T18:26:06.885+0700 [DEBUG] provider.terraform-provider-azurerm_v5.0.0_x5: [DEBUG] Registering Resources for "Authorization"..
2026-09-01T18:26:06.885+0700 [DEBUG] provider.terraform-provider-azurerm_v5.0.0_x5: [DEBUG] Registering Data Sources for "Automation"..
2026-09-01T18:26:06.885+0700 [DEBUG] provider.terraform-provider-azurerm_v5.0.0_x5: [DEBUG] Registering Resources for "Automation"..
2026-09-01T18:26:06.885+0700 [DEBUG] provider.terraform-provider-azurerm_v5.0.0_x5: [DEBUG] Registering Data Sources for "Azure Stack HCI"..
2026-09-01T18:26:06.885+0700 [DEBUG] provider.terraform-provider-azurerm_v5.0.0_x5: [DEBUG] Registering Resources for "Azure Stack HCI"..
2026-09-01T18:26:06.885+0700 [DEBUG] provider.terraform-provider-azurerm_v5.0.0_x5: [DEBUG] Registering Data Sources for "Batch"..
2026-09-01T18:26:06.885+0700 [DEBUG] provider.terraform-provider-azurerm_v5.0.0_x5: [DEBUG] Registering Resources for "Batch"..
2026-09-01T18:26:06.885+0700 [DEBUG] provider.terraform-provider-azurerm_v5.0.0_x5: [DEBUG] Registering Data Sources for "Billing"..
2026-09-01T18:26:06.885+0700 [DEBUG] provider.terraform-provider-azurerm_v5.0.0_x5: [DEBUG] Registering Resources for "Billing"..
2026-09-01T18:26:06.885+0700 [DEBUG] provider.terraform-provider-azurerm_v5.0.0_x5: [DEBUG] Registering Data Sources for "Blueprints"..
2026-09-01T18:26:06.885+0700 [DEBUG] provider.terraform-provider-azurerm_v5.0.0_x5: [DEBUG] Registering Resources for "Blueprints"..
2026-09-01T18:26:06.885+0700 [DEBUG] provider.terraform-provider-azurerm_v5.0.0_x5: [DEBUG] Registering Data Sources for "Bot"..
2026-09-01T18:26:06.885+0700 [DEBUG] provider.terraform-provider-azurerm_v5.0.0_x5: [DEBUG] Registering Resources for "Bot"..
2026-09-01T18:26:06.886+0700 [DEBUG] provider.terraform-provider-azurerm_v5.0.0_x5: [DEBUG] Registering Data Sources for "CDN"..
2026-09-01T18:26:06.886+0700 [DEBUG] provider.terraform-provider-azurerm_v5.0.0_x5: [DEBUG] Registering Resources for "CDN"..
2026-09-01T18:26:06.888+0700 [DEBUG] provider.terraform-provider-azurerm_v5.0.0_x5: [DEBUG] Registering Data Sources for "Cognitive Services"..
2026-09-01T18:26:06.888+0700 [DEBUG] provider.terraform-provider-azurerm_v5.0.0_x5: [DEBUG] Registering Resources for "Cognitive Services"..
2026-09-01T18:26:06.888+0700 [DEBUG] provider.terraform-provider-azurerm_v5.0.0_x5: [DEBUG] Registering Data Sources for "Compute"..
2026-09-01T18:26:06.888+0700 [DEBUG] provider.terraform-provider-azurerm_v5.0.0_x5: [DEBUG] Registering Resources for "Compute"..
2026-09-01T18:26:06.889+0700 [DEBUG] provider.terraform-provider-azurerm_v5.0.0_x5: [DEBUG] Registering Data Sources for "Confidential Ledger"..
2026-09-01T18:26:06.889+0700 [DEBUG] provider.terraform-provider-azurerm_v5.0.0_x5: [DEBUG] Registering Resources for "Confidential Ledger"..
2026-09-01T18:26:06.889+0700 [DEBUG] provider.terraform-provider-azurerm_v5.0.0_x5: [DEBUG] Registering Data Sources for "Connections"..
2026-09-01T18:26:06.889+0700 [DEBUG] provider.terraform-provider-azurerm_v5.0.0_x5: [DEBUG] Registering Resources for "Connections"..
2026-09-01T18:26:06.889+0700 [DEBUG] provider.terraform-provider-azurerm_v5.0.0_x5: [DEBUG] Registering Data Sources for "Consumption"..
2026-09-01T18:26:06.889+0700 [DEBUG] provider.terraform-provider-azurerm_v5.0.0_x5: [DEBUG] Registering Resources for "Consumption"..
2026-09-01T18:26:06.889+0700 [DEBUG] provider.terraform-provider-azurerm_v5.0.0_x5: [DEBUG] Registering Data Sources for "Container Services"..
2026-09-01T18:26:06.889+0700 [DEBUG] provider.terraform-provider-azurerm_v5.0.0_x5: [DEBUG] Registering Resources for "Container Services"..
2026-09-01T18:26:06.890+0700 [DEBUG] provider.terraform-provider-azurerm_v5.0.0_x5: [DEBUG] Registering Data Sources for "CosmosDB"..
2026-09-01T18:26:06.890+0700 [DEBUG] provider.terraform-provider-azurerm_v5.0.0_x5: [DEBUG] Registering Resources for "CosmosDB"..
2026-09-01T18:26:06.890+0700 [DEBUG] provider.terraform-provider-azurerm_v5.0.0_x5: [DEBUG] Registering Data Sources for "Custom Providers"..
2026-09-01T18:26:06.890+0700 [DEBUG] provider.terraform-provider-azurerm_v5.0.0_x5: [DEBUG] Registering Resources for "Custom Providers"..
2026-09-01T18:26:06.890+0700 [DEBUG] provider.terraform-provider-azurerm_v5.0.0_x5: [DEBUG] Registering Data Sources for "Dashboard"..
2026-09-01T18:26:06.890+0700 [DEBUG] provider.terraform-provider-azurerm_v5.0.0_x5: [DEBUG] Registering Resources for "Dashboard"..
2026-09-01T18:26:06.890+0700 [DEBUG] provider.terraform-provider-azurerm_v5.0.0_x5: [DEBUG] Registering Data Sources for "Database Migration"..
2026-09-01T18:26:06.890+0700 [DEBUG] provider.terraform-provider-azurerm_v5.0.0_x5: [DEBUG] Registering Resources for "Database Migration"..
2026-09-01T18:26:06.890+0700 [DEBUG] provider.terraform-provider-azurerm_v5.0.0_x5: [DEBUG] Registering Data Sources for "Databox Edge"..
2026-09-01T18:26:06.890+0700 [DEBUG] provider.terraform-provider-azurerm_v5.0.0_x5: [DEBUG] Registering Resources for "Databox Edge"..
2026-09-01T18:26:06.890+0700 [DEBUG] provider.terraform-provider-azurerm_v5.0.0_x5: [DEBUG] Registering Data Sources for "DataBricks"..
2026-09-01T18:26:06.890+0700 [DEBUG] provider.terraform-provider-azurerm_v5.0.0_x5: [DEBUG] Registering Resources for "DataBricks"..
2026-09-01T18:26:06.890+0700 [DEBUG] provider.terraform-provider-azurerm_v5.0.0_x5: [DEBUG] Registering Data Sources for "Datadog"..
2026-09-01T18:26:06.890+0700 [DEBUG] provider.terraform-provider-azurerm_v5.0.0_x5: [DEBUG] Registering Resources for "Datadog"..
2026-09-01T18:26:06.890+0700 [DEBUG] provider.terraform-provider-azurerm_v5.0.0_x5: [DEBUG] Registering Data Sources for "Data Factory"..
2026-09-01T18:26:06.890+0700 [DEBUG] provider.terraform-provider-azurerm_v5.0.0_x5: [DEBUG] Registering Resources for "Data Factory"..
2026-09-01T18:26:06.891+0700 [DEBUG] provider.terraform-provider-azurerm_v5.0.0_x5: [DEBUG] Registering Data Sources for "DataProtection"..
2026-09-01T18:26:06.891+0700 [DEBUG] provider.terraform-provider-azurerm_v5.0.0_x5: [DEBUG] Registering Resources for "DataProtection"..
2026-09-01T18:26:06.891+0700 [DEBUG] provider.terraform-provider-azurerm_v5.0.0_x5: [DEBUG] Registering Data Sources for "Data Share"..
2026-09-01T18:26:06.891+0700 [DEBUG] provider.terraform-provider-azurerm_v5.0.0_x5: [DEBUG] Registering Resources for "Data Share"..
2026-09-01T18:26:06.892+0700 [DEBUG] provider.terraform-provider-azurerm_v5.0.0_x5: [DEBUG] Registering Data Sources for "Desktop Virtualization"..
2026-09-01T18:26:06.892+0700 [DEBUG] provider.terraform-provider-azurerm_v5.0.0_x5: [DEBUG] Registering Resources for "Desktop Virtualization"..
2026-09-01T18:26:06.892+0700 [DEBUG] provider.terraform-provider-azurerm_v5.0.0_x5: [DEBUG] Registering Data Sources for "Dev Test"..
2026-09-01T18:26:06.892+0700 [DEBUG] provider.terraform-provider-azurerm_v5.0.0_x5: [DEBUG] Registering Resources for "Dev Test"..
2026-09-01T18:26:06.892+0700 [DEBUG] provider.terraform-provider-azurerm_v5.0.0_x5: [DEBUG] Registering Data Sources for "Digital Twins"..
2026-09-01T18:26:06.892+0700 [DEBUG] provider.terraform-provider-azurerm_v5.0.0_x5: [DEBUG] Registering Resources for "Digital Twins"..
2026-09-01T18:26:06.892+0700 [DEBUG] provider.terraform-provider-azurerm_v5.0.0_x5: [DEBUG] Registering Data Sources for "DNS"..
2026-09-01T18:26:06.892+0700 [DEBUG] provider.terraform-provider-azurerm_v5.0.0_x5: [DEBUG] Registering Resources for "DNS"..
2026-09-01T18:26:06.892+0700 [DEBUG] provider.terraform-provider-azurerm_v5.0.0_x5: [DEBUG] Registering Data Sources for "DomainServices"..
2026-09-01T18:26:06.892+0700 [DEBUG] provider.terraform-provider-azurerm_v5.0.0_x5: [DEBUG] Registering Resources for "DomainServices"..
2026-09-01T18:26:06.892+0700 [DEBUG] provider.terraform-provider-azurerm_v5.0.0_x5: [DEBUG] Registering Data Sources for "Elastic"..
2026-09-01T18:26:06.892+0700 [DEBUG] provider.terraform-provider-azurerm_v5.0.0_x5: [DEBUG] Registering Resources for "Elastic"..
2026-09-01T18:26:06.892+0700 [DEBUG] provider.terraform-provider-azurerm_v5.0.0_x5: [DEBUG] Registering Data Sources for "EventGrid"..
2026-09-01T18:26:06.892+0700 [DEBUG] provider.terraform-provider-azurerm_v5.0.0_x5: [DEBUG] Registering Resources for "EventGrid"..
2026-09-01T18:26:06.893+0700 [DEBUG] provider.terraform-provider-azurerm_v5.0.0_x5: [DEBUG] Registering Data Sources for "EventHub"..
2026-09-01T18:26:06.893+0700 [DEBUG] provider.terraform-provider-azurerm_v5.0.0_x5: [DEBUG] Registering Resources for "EventHub"..
2026-09-01T18:26:06.893+0700 [DEBUG] provider.terraform-provider-azurerm_v5.0.0_x5: [DEBUG] Registering Data Sources for "Firewall"..
2026-09-01T18:26:06.893+0700 [DEBUG] provider.terraform-provider-azurerm_v5.0.0_x5: [DEBUG] Registering Resources for "Firewall"..
2026-09-01T18:26:06.893+0700 [DEBUG] provider.terraform-provider-azurerm_v5.0.0_x5: [DEBUG] Registering Data Sources for "FrontDoor"..
2026-09-01T18:26:06.893+0700 [DEBUG] provider.terraform-provider-azurerm_v5.0.0_x5: [DEBUG] Registering Resources for "FrontDoor"..
2026-09-01T18:26:06.894+0700 [DEBUG] provider.terraform-provider-azurerm_v5.0.0_x5: [DEBUG] Registering Data Sources for "HDInsight"..
2026-09-01T18:26:06.894+0700 [DEBUG] provider.terraform-provider-azurerm_v5.0.0_x5: [DEBUG] Registering Resources for "HDInsight"..
2026-09-01T18:26:06.894+0700 [DEBUG] provider.terraform-provider-azurerm_v5.0.0_x5: [DEBUG] Registering Data Sources for "Health Care"..
2026-09-01T18:26:06.894+0700 [DEBUG] provider.terraform-provider-azurerm_v5.0.0_x5: [DEBUG] Registering Resources for "Health Care"..
2026-09-01T18:26:06.894+0700 [DEBUG] provider.terraform-provider-azurerm_v5.0.0_x5: [DEBUG] Registering Data Sources for "Hardware Security Module"..
2026-09-01T18:26:06.894+0700 [DEBUG] provider.terraform-provider-azurerm_v5.0.0_x5: [DEBUG] Registering Resources for "Hardware Security Module"..
2026-09-01T18:26:06.894+0700 [DEBUG] provider.terraform-provider-azurerm_v5.0.0_x5: [DEBUG] Registering Data Sources for "IoT Central"..
2026-09-01T18:26:06.894+0700 [DEBUG] provider.terraform-provider-azurerm_v5.0.0_x5: [DEBUG] Registering Resources for "IoT Central"..
2026-09-01T18:26:06.894+0700 [DEBUG] provider.terraform-provider-azurerm_v5.0.0_x5: [DEBUG] Registering Data Sources for "IoT Hub"..
2026-09-01T18:26:06.894+0700 [DEBUG] provider.terraform-provider-azurerm_v5.0.0_x5: [DEBUG] Registering Resources for "IoT Hub"..
2026-09-01T18:26:06.896+0700 [DEBUG] provider.terraform-provider-azurerm_v5.0.0_x5: [DEBUG] Registering Data Sources for "KeyVault"..
2026-09-01T18:26:06.896+0700 [DEBUG] provider.terraform-provider-azurerm_v5.0.0_x5: [DEBUG] Registering Resources for "KeyVault"..
2026-09-01T18:26:06.896+0700 [DEBUG] provider.terraform-provider-azurerm_v5.0.0_x5: [DEBUG] Registering Data Sources for "Kusto"..
2026-09-01T18:26:06.896+0700 [DEBUG] provider.terraform-provider-azurerm_v5.0.0_x5: [DEBUG] Registering Resources for "Kusto"..
2026-09-01T18:26:06.897+0700 [DEBUG] provider.terraform-provider-azurerm_v5.0.0_x5: [DEBUG] Registering Data Sources for "Legacy"..
2026-09-01T18:26:06.897+0700 [DEBUG] provider.terraform-provider-azurerm_v5.0.0_x5: [DEBUG] Registering Resources for "Legacy"..
2026-09-01T18:26:06.897+0700 [DEBUG] provider.terraform-provider-azurerm_v5.0.0_x5: [DEBUG] Registering Data Sources for "Lighthouse"..
2026-09-01T18:26:06.897+0700 [DEBUG] provider.terraform-provider-azurerm_v5.0.0_x5: [DEBUG] Registering Resources for "Lighthouse"..
2026-09-01T18:26:06.897+0700 [DEBUG] provider.terraform-provider-azurerm_v5.0.0_x5: [DEBUG] Registering Data Sources for "Load Balancer"..
2026-09-01T18:26:06.897+0700 [DEBUG] provider.terraform-provider-azurerm_v5.0.0_x5: [DEBUG] Registering Resources for "Load Balancer"..
2026-09-01T18:26:06.897+0700 [DEBUG] provider.terraform-provider-azurerm_v5.0.0_x5: [DEBUG] Registering Data Sources for "Log Analytics"..
2026-09-01T18:26:06.897+0700 [DEBUG] provider.terraform-provider-azurerm_v5.0.0_x5: [DEBUG] Registering Resources for "Log Analytics"..
2026-09-01T18:26:06.897+0700 [DEBUG] provider.terraform-provider-azurerm_v5.0.0_x5: [DEBUG] Registering Data Sources for "Logic"..
2026-09-01T18:26:06.897+0700 [DEBUG] provider.terraform-provider-azurerm_v5.0.0_x5: [DEBUG] Registering Resources for "Logic"..
2026-09-01T18:26:06.898+0700 [DEBUG] provider.terraform-provider-azurerm_v5.0.0_x5: [DEBUG] Registering Data Sources for "Machine Learning"..
2026-09-01T18:26:06.898+0700 [DEBUG] provider.terraform-provider-azurerm_v5.0.0_x5: [DEBUG] Registering Resources for "Machine Learning"..
2026-09-01T18:26:06.898+0700 [DEBUG] provider.terraform-provider-azurerm_v5.0.0_x5: [DEBUG] Registering Data Sources for "Maintenance"..
2026-09-01T18:26:06.898+0700 [DEBUG] provider.terraform-provider-azurerm_v5.0.0_x5: [DEBUG] Registering Resources for "Maintenance"..
2026-09-01T18:26:06.898+0700 [DEBUG] provider.terraform-provider-azurerm_v5.0.0_x5: [DEBUG] Registering Data Sources for "Managed Applications"..
2026-09-01T18:26:06.898+0700 [DEBUG] provider.terraform-provider-azurerm_v5.0.0_x5: [DEBUG] Registering Resources for "Managed Applications"..
2026-09-01T18:26:06.898+0700 [DEBUG] provider.terraform-provider-azurerm_v5.0.0_x5: [DEBUG] Registering Data Sources for "Managed HSM"..
2026-09-01T18:26:06.898+0700 [DEBUG] provider.terraform-provider-azurerm_v5.0.0_x5: [DEBUG] Registering Resources for "Managed HSM"..
2026-09-01T18:26:06.898+0700 [DEBUG] provider.terraform-provider-azurerm_v5.0.0_x5: [DEBUG] Registering Data Sources for "ManagedIdentity"..
2026-09-01T18:26:06.898+0700 [DEBUG] provider.terraform-provider-azurerm_v5.0.0_x5: [DEBUG] Registering Resources for "ManagedIdentity"..
2026-09-01T18:26:06.898+0700 [DEBUG] provider.terraform-provider-azurerm_v5.0.0_x5: [DEBUG] Registering Data Sources for "Management Group"..
2026-09-01T18:26:06.898+0700 [DEBUG] provider.terraform-provider-azurerm_v5.0.0_x5: [DEBUG] Registering Resources for "Management Group"..
2026-09-01T18:26:06.898+0700 [DEBUG] provider.terraform-provider-azurerm_v5.0.0_x5: [DEBUG] Registering Data Sources for "Maps"..
2026-09-01T18:26:06.898+0700 [DEBUG] provider.terraform-provider-azurerm_v5.0.0_x5: [DEBUG] Registering Resources for "Maps"..
2026-09-01T18:26:06.898+0700 [DEBUG] provider.terraform-provider-azurerm_v5.0.0_x5: [DEBUG] Registering Data Sources for "Monitor"..
2026-09-01T18:26:06.898+0700 [DEBUG] provider.terraform-provider-azurerm_v5.0.0_x5: [DEBUG] Registering Resources for "Monitor"..
2026-09-01T18:26:06.898+0700 [DEBUG] provider.terraform-provider-azurerm_v5.0.0_x5: [DEBUG] Registering Data Sources for "Microsoft SQL Server / Azure SQL"..
2026-09-01T18:26:06.898+0700 [DEBUG] provider.terraform-provider-azurerm_v5.0.0_x5: [DEBUG] Registering Resources for "Microsoft SQL Server / Azure SQL"..
2026-09-01T18:26:06.899+0700 [DEBUG] provider.terraform-provider-azurerm_v5.0.0_x5: [DEBUG] Registering Data Sources for "Microsoft SQL Server Managed Instances"..
2026-09-01T18:26:06.899+0700 [DEBUG] provider.terraform-provider-azurerm_v5.0.0_x5: [DEBUG] Registering Resources for "Microsoft SQL Server Managed Instances"..
2026-09-01T18:26:06.899+0700 [DEBUG] provider.terraform-provider-azurerm_v5.0.0_x5: [DEBUG] Registering Data Sources for "MySQL"..
2026-09-01T18:26:06.899+0700 [DEBUG] provider.terraform-provider-azurerm_v5.0.0_x5: [DEBUG] Registering Resources for "MySQL"..
2026-09-01T18:26:06.899+0700 [DEBUG] provider.terraform-provider-azurerm_v5.0.0_x5: [DEBUG] Registering Data Sources for "NetApp"..
2026-09-01T18:26:06.899+0700 [DEBUG] provider.terraform-provider-azurerm_v5.0.0_x5: [DEBUG] Registering Resources for "NetApp"..
2026-09-01T18:26:06.899+0700 [DEBUG] provider.terraform-provider-azurerm_v5.0.0_x5: [DEBUG] Registering Data Sources for "Network"..
2026-09-01T18:26:06.900+0700 [DEBUG] provider.terraform-provider-azurerm_v5.0.0_x5: [DEBUG] Registering Resources for "Network"..
2026-09-01T18:26:06.901+0700 [DEBUG] provider.terraform-provider-azurerm_v5.0.0_x5: [DEBUG] Registering Data Sources for "Notification Hub"..
2026-09-01T18:26:06.901+0700 [DEBUG] provider.terraform-provider-azurerm_v5.0.0_x5: [DEBUG] Registering Resources for "Notification Hub"..
2026-09-01T18:26:06.901+0700 [DEBUG] provider.terraform-provider-azurerm_v5.0.0_x5: [DEBUG] Registering Data Sources for "Policy"..
2026-09-01T18:26:06.901+0700 [DEBUG] provider.terraform-provider-azurerm_v5.0.0_x5: [DEBUG] Registering Resources for "Policy"..
2026-09-01T18:26:06.901+0700 [DEBUG] provider.terraform-provider-azurerm_v5.0.0_x5: [DEBUG] Registering Data Sources for "Portal"..
2026-09-01T18:26:06.901+0700 [DEBUG] provider.terraform-provider-azurerm_v5.0.0_x5: [DEBUG] Registering Resources for "Portal"..
2026-09-01T18:26:06.901+0700 [DEBUG] provider.terraform-provider-azurerm_v5.0.0_x5: [DEBUG] Registering Data Sources for "PostgreSQL"..
2026-09-01T18:26:06.901+0700 [DEBUG] provider.terraform-provider-azurerm_v5.0.0_x5: [DEBUG] Registering Resources for "PostgreSQL"..
2026-09-01T18:26:06.901+0700 [DEBUG] provider.terraform-provider-azurerm_v5.0.0_x5: [DEBUG] Registering Data Sources for "PowerBI"..
2026-09-01T18:26:06.901+0700 [DEBUG] provider.terraform-provider-azurerm_v5.0.0_x5: [DEBUG] Registering Resources for "PowerBI"..
2026-09-01T18:26:06.901+0700 [DEBUG] provider.terraform-provider-azurerm_v5.0.0_x5: [DEBUG] Registering Data Sources for "Private DNS"..
2026-09-01T18:26:06.901+0700 [DEBUG] provider.terraform-provider-azurerm_v5.0.0_x5: [DEBUG] Registering Resources for "Private DNS"..
2026-09-01T18:26:06.901+0700 [DEBUG] provider.terraform-provider-azurerm_v5.0.0_x5: [DEBUG] Registering Data Sources for "Purview"..
2026-09-01T18:26:06.901+0700 [DEBUG] provider.terraform-provider-azurerm_v5.0.0_x5: [DEBUG] Registering Resources for "Purview"..
2026-09-01T18:26:06.901+0700 [DEBUG] provider.terraform-provider-azurerm_v5.0.0_x5: [DEBUG] Registering Data Sources for "Recovery Services"..
2026-09-01T18:26:06.901+0700 [DEBUG] provider.terraform-provider-azurerm_v5.0.0_x5: [DEBUG] Registering Resources for "Recovery Services"..
2026-09-01T18:26:06.901+0700 [DEBUG] provider.terraform-provider-azurerm_v5.0.0_x5: [DEBUG] Registering Data Sources for "Redis"..
2026-09-01T18:26:06.901+0700 [DEBUG] provider.terraform-provider-azurerm_v5.0.0_x5: [DEBUG] Registering Resources for "Redis"..
2026-09-01T18:26:06.901+0700 [DEBUG] provider.terraform-provider-azurerm_v5.0.0_x5: [DEBUG] Registering Data Sources for "Redis Enterprise"..
2026-09-01T18:26:06.901+0700 [DEBUG] provider.terraform-provider-azurerm_v5.0.0_x5: [DEBUG] Registering Resources for "Redis Enterprise"..
2026-09-01T18:26:06.901+0700 [DEBUG] provider.terraform-provider-azurerm_v5.0.0_x5: [DEBUG] Registering Data Sources for "Relay"..
2026-09-01T18:26:06.901+0700 [DEBUG] provider.terraform-provider-azurerm_v5.0.0_x5: [DEBUG] Registering Resources for "Relay"..
2026-09-01T18:26:06.901+0700 [DEBUG] provider.terraform-provider-azurerm_v5.0.0_x5: [DEBUG] Registering Data Sources for "Resources"..
2026-09-01T18:26:06.901+0700 [DEBUG] provider.terraform-provider-azurerm_v5.0.0_x5: [DEBUG] Registering Resources for "Resources"..
2026-09-01T18:26:06.901+0700 [DEBUG] provider.terraform-provider-azurerm_v5.0.0_x5: [DEBUG] Registering Data Sources for "Search"..
2026-09-01T18:26:06.902+0700 [DEBUG] provider.terraform-provider-azurerm_v5.0.0_x5: [DEBUG] Registering Resources for "Search"..
2026-09-01T18:26:06.902+0700 [DEBUG] provider.terraform-provider-azurerm_v5.0.0_x5: [DEBUG] Registering Data Sources for "Security Center"..
2026-09-01T18:26:06.902+0700 [DEBUG] provider.terraform-provider-azurerm_v5.0.0_x5: [DEBUG] Registering Resources for "Security Center"..
2026-09-01T18:26:06.902+0700 [DEBUG] provider.terraform-provider-azurerm_v5.0.0_x5: [DEBUG] Registering Data Sources for "Sentinel"..
2026-09-01T18:26:06.902+0700 [DEBUG] provider.terraform-provider-azurerm_v5.0.0_x5: [DEBUG] Registering Resources for "Sentinel"..
2026-09-01T18:26:06.902+0700 [DEBUG] provider.terraform-provider-azurerm_v5.0.0_x5: [DEBUG] Registering Data Sources for "ServiceBus"..
2026-09-01T18:26:06.902+0700 [DEBUG] provider.terraform-provider-azurerm_v5.0.0_x5: [DEBUG] Registering Resources for "ServiceBus"..
2026-09-01T18:26:06.903+0700 [DEBUG] provider.terraform-provider-azurerm_v5.0.0_x5: [DEBUG] Registering Data Sources for "Service Fabric"..
2026-09-01T18:26:06.903+0700 [DEBUG] provider.terraform-provider-azurerm_v5.0.0_x5: [DEBUG] Registering Resources for "Service Fabric"..
2026-09-01T18:26:06.903+0700 [DEBUG] provider.terraform-provider-azurerm_v5.0.0_x5: [DEBUG] Registering Data Sources for "SignalR"..
2026-09-01T18:26:06.903+0700 [DEBUG] provider.terraform-provider-azurerm_v5.0.0_x5: [DEBUG] Registering Resources for "SignalR"..
2026-09-01T18:26:06.903+0700 [DEBUG] provider.terraform-provider-azurerm_v5.0.0_x5: [DEBUG] Registering Data Sources for "Spring Cloud"..
2026-09-01T18:26:06.903+0700 [DEBUG] provider.terraform-provider-azurerm_v5.0.0_x5: [DEBUG] Registering Resources for "Spring Cloud"..
2026-09-01T18:26:06.903+0700 [DEBUG] provider.terraform-provider-azurerm_v5.0.0_x5: [DEBUG] Registering Data Sources for "Storage"..
2026-09-01T18:26:06.903+0700 [DEBUG] provider.terraform-provider-azurerm_v5.0.0_x5: [DEBUG] Registering Resources for "Storage"..
2026-09-01T18:26:06.904+0700 [DEBUG] provider.terraform-provider-azurerm_v5.0.0_x5: [DEBUG] Registering Data Sources for "Storage Cache"..
2026-09-01T18:26:06.904+0700 [DEBUG] provider.terraform-provider-azurerm_v5.0.0_x5: [DEBUG] Registering Resources for "Storage Cache"..
2026-09-01T18:26:06.904+0700 [DEBUG] provider.terraform-provider-azurerm_v5.0.0_x5: [DEBUG] Registering Data Sources for "Stream Analytics"..
2026-09-01T18:26:06.904+0700 [DEBUG] provider.terraform-provider-azurerm_v5.0.0_x5: [DEBUG] Registering Resources for "Stream Analytics"..
2026-09-01T18:26:06.904+0700 [DEBUG] provider.terraform-provider-azurerm_v5.0.0_x5: [DEBUG] Registering Data Sources for "Subscription"..
2026-09-01T18:26:06.904+0700 [DEBUG] provider.terraform-provider-azurerm_v5.0.0_x5: [DEBUG] Registering Resources for "Subscription"..
2026-09-01T18:26:06.904+0700 [DEBUG] provider.terraform-provider-azurerm_v5.0.0_x5: [DEBUG] Registering Data Sources for "Synapse"..
2026-09-01T18:26:06.904+0700 [DEBUG] provider.terraform-provider-azurerm_v5.0.0_x5: [DEBUG] Registering Resources for "Synapse"..
2026-09-01T18:26:06.904+0700 [DEBUG] provider.terraform-provider-azurerm_v5.0.0_x5: [DEBUG] Registering Data Sources for "Traffic Manager"..
2026-09-01T18:26:06.904+0700 [DEBUG] provider.terraform-provider-azurerm_v5.0.0_x5: [DEBUG] Registering Resources for "Traffic Manager"..
2026-09-01T18:26:06.904+0700 [DEBUG] provider.terraform-provider-azurerm_v5.0.0_x5: [DEBUG] Registering Data Sources for "VMware"..
2026-09-01T18:26:06.904+0700 [DEBUG] provider.terraform-provider-azurerm_v5.0.0_x5: [DEBUG] Registering Resources for "VMware"..
2026-09-01T18:26:06.904+0700 [DEBUG] provider.terraform-provider-azurerm_v5.0.0_x5: [DEBUG] Registering Data Sources for "Web"..
2026-09-01T18:26:06.904+0700 [DEBUG] provider.terraform-provider-azurerm_v5.0.0_x5: [DEBUG] Registering Resources for "Web"..
2026-09-01T18:26:06.906+0700 [INFO]  provider.terraform-provider-azurerm_v5.0.0_x5: configuring server automatic mTLS: timestamp="2026-09-01T18:26:06.906+0700"
2026-09-01T18:26:06.913+0700 [DEBUG] provider: using plugin: version=5
2026-09-01T18:26:06.913+0700 [DEBUG] provider.terraform-provider-azurerm_v5.0.0_x5: plugin address: network=unix address=/var/folders/dc/71w9ly4s1z5b3mp02_3x4pmm0000gn/T/plugin3526297542 timestamp="2026-09-01T18:26:06.913+0700"
2026-09-01T18:26:07.048+0700 [DEBUG] provider.stdio: received EOF, stopping recv loop: err="rpc error: code = Unavailable desc = error reading from server: EOF"
2026-09-01T18:26:07.051+0700 [INFO]  provider: plugin process exited: plugin=.terraform/providers/registry.terraform.io/hashicorp/azurerm/5.0.0/darwin_arm64/terraform-provider-azurerm_v5.0.0_x5 id=83785
2026-09-01T18:26:07.051+0700 [DEBUG] provider: plugin exited
2026-09-01T18:26:07.051+0700 [DEBUG] created provider logger: level=debug
2026-09-01T18:26:07.051+0700 [INFO]  provider: configuring client automatic mTLS
2026-09-01T18:26:07.054+0700 [DEBUG] provider: starting plugin: path=.terraform/providers/registry.terraform.io/hashicorp/local/2.9.0/darwin_arm64/terraform-provider-local_v2.9.0_x5 args=[".terraform/providers/registry.terraform.io/hashicorp/local/2.9.0/darwin_arm64/terraform-provider-local_v2.9.0_x5"]
2026-09-01T18:26:07.056+0700 [DEBUG] provider: plugin started: path=.terraform/providers/registry.terraform.io/hashicorp/local/2.9.0/darwin_arm64/terraform-provider-local_v2.9.0_x5 pid=83786
2026-09-01T18:26:07.056+0700 [DEBUG] provider: waiting for RPC address: plugin=.terraform/providers/registry.terraform.io/hashicorp/local/2.9.0/darwin_arm64/terraform-provider-local_v2.9.0_x5
2026-09-01T18:26:07.081+0700 [INFO]  provider.terraform-provider-local_v2.9.0_x5: configuring server automatic mTLS: timestamp="2026-09-01T18:26:07.081+0700"
2026-09-01T18:26:07.087+0700 [DEBUG] provider: using plugin: version=5
2026-09-01T18:26:07.087+0700 [DEBUG] provider.terraform-provider-local_v2.9.0_x5: plugin address: address=/var/folders/dc/71w9ly4s1z5b3mp02_3x4pmm0000gn/T/plugin2316016372 network=unix timestamp="2026-09-01T18:26:07.087+0700"
2026-09-01T18:26:07.095+0700 [DEBUG] No provider meta schema returned
2026-09-01T18:26:07.096+0700 [DEBUG] provider.stdio: received EOF, stopping recv loop: err="rpc error: code = Unavailable desc = error reading from server: EOF"
2026-09-01T18:26:07.097+0700 [INFO]  provider: plugin process exited: plugin=.terraform/providers/registry.terraform.io/hashicorp/local/2.9.0/darwin_arm64/terraform-provider-local_v2.9.0_x5 id=83786
2026-09-01T18:26:07.097+0700 [DEBUG] provider: plugin exited
2026-09-01T18:26:07.097+0700 [DEBUG] Building and walking validate graph
2026-09-01T18:26:07.100+0700 [DEBUG] ProviderTransformer: "data.aws_caller_identity.master-aws-account" (*terraform.NodeValidatableResource) needs provider["registry.terraform.io/hashicorp/aws"]
2026-09-01T18:26:07.100+0700 [DEBUG] pruning unused provider["registry.terraform.io/hashicorp/azurerm"]
2026-09-01T18:26:07.100+0700 [DEBUG] pruning unused provider["registry.terraform.io/hashicorp/local"]
2026-09-01T18:26:07.100+0700 [DEBUG] ReferenceTransformer: "output.caller_arn (expand)" references: [data.aws_caller_identity.master-aws-account]
2026-09-01T18:26:07.100+0700 [DEBUG] ReferenceTransformer: "output.caller_arn (expand)" references: data.aws_caller_identity.master-aws-account
2026-09-01T18:26:07.100+0700 [DEBUG] ReferenceTransformer: "output.caller_user (expand)" references: [data.aws_caller_identity.master-aws-account]
2026-09-01T18:26:07.100+0700 [DEBUG] ReferenceTransformer: "output.caller_user (expand)" references: data.aws_caller_identity.master-aws-account
2026-09-01T18:26:07.100+0700 [DEBUG] ReferenceTransformer: "output.arn (expand)" references: [data.aws_caller_identity.master-aws-account]
2026-09-01T18:26:07.100+0700 [DEBUG] ReferenceTransformer: "output.arn (expand)" references: data.aws_caller_identity.master-aws-account
2026-09-01T18:26:07.100+0700 [DEBUG] ReferenceTransformer: "provider[\"registry.terraform.io/hashicorp/aws\"]" references: []
2026-09-01T18:26:07.100+0700 [DEBUG] ReferenceTransformer: "data.aws_caller_identity.master-aws-account" references: []
2026-09-01T18:26:07.100+0700 [DEBUG] ReferenceTransformer: "output.account_id (expand)" references: [data.aws_caller_identity.master-aws-account]
2026-09-01T18:26:07.100+0700 [DEBUG] ReferenceTransformer: "output.account_id (expand)" references: data.aws_caller_identity.master-aws-account
2026-09-01T18:26:07.101+0700 [DEBUG] Starting graph walk: walkValidate
2026-09-01T18:26:07.102+0700 [DEBUG] created provider logger: level=debug
2026-09-01T18:26:07.102+0700 [INFO]  provider: configuring client automatic mTLS
2026-09-01T18:26:07.107+0700 [DEBUG] provider: starting plugin: path=.terraform/providers/registry.terraform.io/hashicorp/aws/6.62.0/darwin_arm64/terraform-provider-aws_v6.62.0_x5 args=[".terraform/providers/registry.terraform.io/hashicorp/aws/6.62.0/darwin_arm64/terraform-provider-aws_v6.62.0_x5"]
2026-09-01T18:26:07.125+0700 [DEBUG] provider: plugin started: path=.terraform/providers/registry.terraform.io/hashicorp/aws/6.62.0/darwin_arm64/terraform-provider-aws_v6.62.0_x5 pid=83787
2026-09-01T18:26:07.125+0700 [DEBUG] provider: waiting for RPC address: plugin=.terraform/providers/registry.terraform.io/hashicorp/aws/6.62.0/darwin_arm64/terraform-provider-aws_v6.62.0_x5
2026-09-01T18:26:07.249+0700 [DEBUG] provider.terraform-provider-aws_v6.62.0_x5: Starting github.com/hashicorp/terraform-provider-aws@6.62.0 (go1.26.6)...
2026-09-01T18:26:07.249+0700 [DEBUG] provider.terraform-provider-aws_v6.62.0_x5: Creating Terraform AWS Provider (SDKv2-style)...
2026-09-01T18:26:07.249+0700 [DEBUG] provider.terraform-provider-aws_v6.62.0_x5: Initializing Terraform AWS Provider (SDKv2-style)...
2026-09-01T18:26:07.266+0700 [DEBUG] provider.terraform-provider-aws_v6.62.0_x5: Creating Terraform AWS Provider (Framework-style)...
2026-09-01T18:26:07.266+0700 [DEBUG] provider.terraform-provider-aws_v6.62.0_x5: Initializing Terraform AWS Provider (Framework-style)...
2026-09-01T18:26:07.268+0700 [INFO]  provider.terraform-provider-aws_v6.62.0_x5: configuring server automatic mTLS: timestamp="2026-09-01T18:26:07.268+0700"
2026-09-01T18:26:07.274+0700 [DEBUG] provider: using plugin: version=5
2026-09-01T18:26:07.274+0700 [DEBUG] provider.terraform-provider-aws_v6.62.0_x5: plugin address: address=/var/folders/dc/71w9ly4s1z5b3mp02_3x4pmm0000gn/T/plugin4090591248 network=unix timestamp="2026-09-01T18:26:07.274+0700"
2026-09-01T18:26:07.359+0700 [DEBUG] provider.stdio: received EOF, stopping recv loop: err="rpc error: code = Unavailable desc = error reading from server: EOF"
2026-09-01T18:26:07.363+0700 [INFO]  provider: plugin process exited: plugin=.terraform/providers/registry.terraform.io/hashicorp/aws/6.62.0/darwin_arm64/terraform-provider-aws_v6.62.0_x5 id=83787
2026-09-01T18:26:07.363+0700 [DEBUG] provider: plugin exited
2026-09-01T18:26:07.364+0700 [INFO]  backend/local: apply calling Plan
2026-09-01T18:26:07.364+0700 [DEBUG] Building and walking plan graph for NormalMode
2026-09-01T18:26:07.364+0700 [DEBUG] ProviderTransformer: "data.aws_caller_identity.master-aws-account (expand)" (*terraform.nodeExpandPlannableResource) needs provider["registry.terraform.io/hashicorp/aws"]
2026-09-01T18:26:07.364+0700 [DEBUG] pruning unused provider["registry.terraform.io/hashicorp/local"]
2026-09-01T18:26:07.364+0700 [DEBUG] pruning unused provider["registry.terraform.io/hashicorp/azurerm"]
2026-09-01T18:26:07.364+0700 [DEBUG] ReferenceTransformer: "data.aws_caller_identity.master-aws-account (expand)" references: []
2026-09-01T18:26:07.364+0700 [DEBUG] ReferenceTransformer: "output.arn (expand)" references: [data.aws_caller_identity.master-aws-account (expand)]
2026-09-01T18:26:07.364+0700 [DEBUG] ReferenceTransformer: "output.arn (expand)" references: data.aws_caller_identity.master-aws-account (expand)
2026-09-01T18:26:07.364+0700 [DEBUG] ReferenceTransformer: "output.caller_arn (expand)" references: [data.aws_caller_identity.master-aws-account (expand)]
2026-09-01T18:26:07.364+0700 [DEBUG] ReferenceTransformer: "output.caller_arn (expand)" references: data.aws_caller_identity.master-aws-account (expand)
2026-09-01T18:26:07.364+0700 [DEBUG] ReferenceTransformer: "output.account_id (expand)" references: [data.aws_caller_identity.master-aws-account (expand)]
2026-09-01T18:26:07.364+0700 [DEBUG] ReferenceTransformer: "output.account_id (expand)" references: data.aws_caller_identity.master-aws-account (expand)
2026-09-01T18:26:07.364+0700 [DEBUG] ReferenceTransformer: "output.caller_user (expand)" references: [data.aws_caller_identity.master-aws-account (expand)]
2026-09-01T18:26:07.364+0700 [DEBUG] ReferenceTransformer: "output.caller_user (expand)" references: data.aws_caller_identity.master-aws-account (expand)
2026-09-01T18:26:07.364+0700 [DEBUG] ReferenceTransformer: "data.aws_caller_identity.current (orphan)" references: []
2026-09-01T18:26:07.364+0700 [DEBUG] ReferenceTransformer: "provider[\"registry.terraform.io/hashicorp/aws\"]" references: []
2026-09-01T18:26:07.365+0700 [DEBUG] Starting graph walk: walkPlan
2026-09-01T18:26:07.365+0700 [DEBUG] created provider logger: level=debug
2026-09-01T18:26:07.365+0700 [INFO]  provider: configuring client automatic mTLS
2026-09-01T18:26:07.367+0700 [DEBUG] provider: starting plugin: path=.terraform/providers/registry.terraform.io/hashicorp/aws/6.62.0/darwin_arm64/terraform-provider-aws_v6.62.0_x5 args=[".terraform/providers/registry.terraform.io/hashicorp/aws/6.62.0/darwin_arm64/terraform-provider-aws_v6.62.0_x5"]
2026-09-01T18:26:07.385+0700 [DEBUG] provider: plugin started: path=.terraform/providers/registry.terraform.io/hashicorp/aws/6.62.0/darwin_arm64/terraform-provider-aws_v6.62.0_x5 pid=83788
2026-09-01T18:26:07.385+0700 [DEBUG] provider: waiting for RPC address: plugin=.terraform/providers/registry.terraform.io/hashicorp/aws/6.62.0/darwin_arm64/terraform-provider-aws_v6.62.0_x5
2026-09-01T18:26:07.518+0700 [DEBUG] provider.terraform-provider-aws_v6.62.0_x5: Starting github.com/hashicorp/terraform-provider-aws@6.62.0 (go1.26.6)...
2026-09-01T18:26:07.518+0700 [DEBUG] provider.terraform-provider-aws_v6.62.0_x5: Creating Terraform AWS Provider (SDKv2-style)...
2026-09-01T18:26:07.518+0700 [DEBUG] provider.terraform-provider-aws_v6.62.0_x5: Initializing Terraform AWS Provider (SDKv2-style)...
2026-09-01T18:26:07.535+0700 [DEBUG] provider.terraform-provider-aws_v6.62.0_x5: Creating Terraform AWS Provider (Framework-style)...
2026-09-01T18:26:07.535+0700 [DEBUG] provider.terraform-provider-aws_v6.62.0_x5: Initializing Terraform AWS Provider (Framework-style)...
2026-09-01T18:26:07.538+0700 [INFO]  provider.terraform-provider-aws_v6.62.0_x5: configuring server automatic mTLS: timestamp="2026-09-01T18:26:07.538+0700"
2026-09-01T18:26:07.544+0700 [DEBUG] provider: using plugin: version=5
2026-09-01T18:26:07.544+0700 [DEBUG] provider.terraform-provider-aws_v6.62.0_x5: plugin address: address=/var/folders/dc/71w9ly4s1z5b3mp02_3x4pmm0000gn/T/plugin2540801641 network=unix timestamp="2026-09-01T18:26:07.544+0700"
2026-09-01T18:26:07.611+0700 [DEBUG] provider.terraform-provider-aws_v6.62.0_x5: Configuring Terraform AWS Provider: tf_req_id=78673f5a-540f-f096-0660-b7bdd354cfd7 tf_rpc=ConfigureProvider @module=aws tf_mux_provider="*schema.GRPCProviderServer" tf_provider_addr=registry.terraform.io/hashicorp/aws @caller=github.com/hashicorp/terraform-provider-aws/internal/conns/config.go:150 timestamp="2026-09-01T18:26:07.611+0700"
2026-09-01T18:26:07.611+0700 [DEBUG] provider.terraform-provider-aws_v6.62.0_x5: Resolving credentials provider: tf_mux_provider="*schema.GRPCProviderServer" tf_req_id=78673f5a-540f-f096-0660-b7bdd354cfd7 @caller=github.com/hashicorp/aws-sdk-go-base/v2@v2.0.0-beta.73/logging/tf_logger.go:47 @module=aws.aws-base tf_provider_addr=registry.terraform.io/hashicorp/aws tf_rpc=ConfigureProvider timestamp="2026-09-01T18:26:07.611+0700"
2026-09-01T18:26:07.611+0700 [DEBUG] provider.terraform-provider-aws_v6.62.0_x5: Setting profile: tf_aws.profile.source=provider tf_mux_provider="*schema.GRPCProviderServer" tf_provider_addr=registry.terraform.io/hashicorp/aws tf_req_id=78673f5a-540f-f096-0660-b7bdd354cfd7 tf_rpc=ConfigureProvider @caller=github.com/hashicorp/aws-sdk-go-base/v2@v2.0.0-beta.73/logging/tf_logger.go:47 @module=aws.aws-base tf_aws.profile=master-programmatic-admin-role timestamp="2026-09-01T18:26:07.611+0700"
2026-09-01T18:26:07.611+0700 [DEBUG] provider.terraform-provider-aws_v6.62.0_x5: Loading configuration: @module=aws.aws-base tf_mux_provider="*schema.GRPCProviderServer" tf_provider_addr=registry.terraform.io/hashicorp/aws tf_req_id=78673f5a-540f-f096-0660-b7bdd354cfd7 tf_rpc=ConfigureProvider @caller=github.com/hashicorp/aws-sdk-go-base/v2@v2.0.0-beta.73/logging/tf_logger.go:47 timestamp="2026-09-01T18:26:07.611+0700"
2026-09-01T18:26:07.613+0700 [DEBUG] provider.terraform-provider-aws_v6.62.0_x5: Retrieving credentials: @module=aws.aws-base tf_provider_addr=registry.terraform.io/hashicorp/aws @caller=github.com/hashicorp/aws-sdk-go-base/v2@v2.0.0-beta.73/logging/tf_logger.go:47 tf_mux_provider="*schema.GRPCProviderServer" tf_req_id=78673f5a-540f-f096-0660-b7bdd354cfd7 tf_rpc=ConfigureProvider timestamp="2026-09-01T18:26:07.613+0700"
2026-09-01T18:26:07.614+0700 [DEBUG] provider.terraform-provider-aws_v6.62.0_x5: HTTP Request Sent: tf_mux_provider="*schema.GRPCProviderServer" @module=aws.aws-base http.request.header.x_amz_date=20260901T112607Z net.peer.name=sts.ap-southeast-1.amazonaws.com tf_aws.sdk=aws-sdk-go-v2 tf_provider_addr=registry.terraform.io/hashicorp/aws http.method=POST http.request.header.amz_sdk_request="attempt=1; max=3" rpc.method=STS/AssumeRole tf_rpc=ConfigureProvider http.request.header.amz_sdk_invocation_id=b28e22ef-c063-4f7a-a042-a5761ffe1bcc http.user_agent="APN/1.0 HashiCorp/1.0 Terraform/1.16.0 (+https://www.terraform.io) terraform-provider-aws/6.62.0 (+https://registry.terraform.io/providers/hashicorp/aws) aws-sdk-go-v2/1.43.7 ua/2.1 os/macos lang/go#1.26.6 md/GOOS#darwin md/GOARCH#arm64 api/sts#1.45.7 m/n,o" rpc.system.name=aws-api tf_aws.signing_region="" tf_req_id=78673f5a-540f-f096-0660-b7bdd354cfd7 @caller=github.com/hashicorp/aws-sdk-go-base/v2@v2.0.0-beta.73/logging/tf_logger.go:47 aws.region=ap-southeast-1
  http.request.body=
  | Action=AssumeRole&DurationSeconds=900&RoleArn=arn%3Aaws%3Aiam%3A%3A767397956626%3Arole%2Fmaster-programmatic-admin-role&RoleSessionName=aws-go-sdk-1788261967613503000&Version=2011-06-15
   http.request.header.authorization="AWS4-HMAC-SHA256 Credential=AKIA************QVVS/20260901/ap-southeast-1/sts/aws4_request, SignedHeaders=amz-sdk-invocation-id;amz-sdk-request;content-length;content-type;host;x-amz-date, Signature=*****" http.request.header.content_type=application/x-www-form-urlencoded http.request_content_length=185 http.url=https://sts.ap-southeast-1.amazonaws.com/ timestamp="2026-09-01T18:26:07.614+0700"
2026-09-01T18:26:11.735+0700 [DEBUG] provider.terraform-provider-aws_v6.62.0_x5: HTTP Response Received: tf_req_id=78673f5a-540f-f096-0660-b7bdd354cfd7 @caller=github.com/hashicorp/aws-sdk-go-base/v2@v2.0.0-beta.73/logging/tf_logger.go:47 http.response.header.x_amzn_requestid=652e828e-52a5-45da-804b-f1d5b64d6a1e http.status_code=200 rpc.system.name=aws-api tf_provider_addr=registry.terraform.io/hashicorp/aws @module=aws.aws-base http.response.header.content_type=text/xml http.response.header.x_amz_sts_extended_request_id=MTphcC1zb3V0aGVhc3QtMTpTOjE3ODgyNjE5NzE3NDA6UjpWRzJFUTNucA== http.response_content_length=1545 rpc.method=STS/AssumeRole tf_aws.sdk=aws-sdk-go-v2 tf_rpc=ConfigureProvider aws.region=ap-southeast-1
  http.response.body=
  | <AssumeRoleResponse xmlns="https://sts.amazonaws.com/doc/2011-06-15/">
  |   <AssumeRoleResult>
  |     <AssumedRoleUser>
  |       <AssumedRoleId>AROA*************CJFM:aws-go-sdk-1788261967613503000</AssumedRoleId>
  |       <Arn>arn:aws:sts::767397956626:assumed-role/master-programmatic-admin-role/aws-go-sdk-1788261967613503000</Arn>
  |     </AssumedRoleUser>
  |     <Credentials>
  |       <AccessKeyId>ASIA************N2CM</AccessKeyId>
  |       <SecretAccessKey>Kgd+********************************dnH7</SecretAccessKey>
  |       <SessionToken>IQoJb3JpZ2luX2VjEOT//////////wEaDmFwLXNvdXRoZWFzdC0xIkcwRQIgNlVOoMSs4gEdv5LAdWvryGfdKB3fdALgyyC1FP0GwWkCIQCKmAZ1M3fIopgkOXknSjITz7A/Vh2GsFU3lBrYEKoXciq0Agit//////////8BEAAaDDc2NzM5Nzk1NjYyNiIMX4HaBSemFwc8F49/KogCfgnSE9lMospUHANHIDLc2/eyIbZVH4jba6yO/YxTyoFatBATU9NOPOTBof6HFqopytiIjKX7z0CtZiAHWQLgry1OqqbeUUKJ+GXEx29AldYfLMnBm6jmX9Z+H05ATr8XZXp5HMzUm+SQfN2Sq64FC/0EbEDFlOyHy3RZe4ByQX1feHL+ZY/efM3dJe12H0IF/vndCx0UYz/rtKIInfOjZVF1uMNYWbjmX3hWCbTDFvsADqyTIxAmfik52Kd4dVRaeI3xS4kuCvc0L7Ts+gvKm9Xn3F3CScG0U+FoEPaxNFvvHnvED2XqnTMRBWe/3F6BD3Mi/JpNHFFM8+Y6p9jRLcFplFrDxD6dMNPs2tQGOp0BSMYOXJ2XTAjFSlqKOwBj4zjY/FAg2OEFpai+pteAhP2dB7U0Dygp9ttEGz9gYF1At1hPuktxKoYTSWDwTz5NJZkImy8JdGJyhkHkzeFocb3alSoGpZciHB28+ck8fnmNT8reu/Vs0X49GLj9246jkv0ii9wGdgBfwNnJAby1U3ihGBxUfs2g/R1No9ERmvGy+OTtylKBN6yYgKpi9Q==</SessionToken>
  |       <Expiration>2026-09-01T11:41:11Z</Expiration>
  |     </Credentials>
  |   </AssumeRoleResult>
  |   <ResponseMetadata>
  |     <RequestId>652e828e-52a5-45da-804b-f1d5b64d6a1e</RequestId>
  |   </ResponseMetadata>
  | </AssumeRoleResponse>
   tf_aws.signing_region="" tf_mux_provider="*schema.GRPCProviderServer" http.duration=4120 http.response.header.date="Tue, 01 Sep 2026 11:26:11 GMT" timestamp="2026-09-01T18:26:11.735+0700"
2026-09-01T18:26:11.736+0700 [INFO]  provider.terraform-provider-aws_v6.62.0_x5: Retrieved credentials: @module=aws.aws-base tf_aws.credentials_source=AssumeRoleProvider tf_mux_provider="*schema.GRPCProviderServer" tf_provider_addr=registry.terraform.io/hashicorp/aws tf_req_id=78673f5a-540f-f096-0660-b7bdd354cfd7 @caller=github.com/hashicorp/aws-sdk-go-base/v2@v2.0.0-beta.73/logging/tf_logger.go:39 tf_rpc=ConfigureProvider timestamp="2026-09-01T18:26:11.736+0700"
2026-09-01T18:26:11.736+0700 [DEBUG] provider.terraform-provider-aws_v6.62.0_x5: Loading configuration: @module=aws.aws-base tf_mux_provider="*schema.GRPCProviderServer" tf_provider_addr=registry.terraform.io/hashicorp/aws tf_req_id=78673f5a-540f-f096-0660-b7bdd354cfd7 tf_rpc=ConfigureProvider @caller=github.com/hashicorp/aws-sdk-go-base/v2@v2.0.0-beta.73/logging/tf_logger.go:47 timestamp="2026-09-01T18:26:11.736+0700"
2026-09-01T18:26:11.736+0700 [DEBUG] provider.terraform-provider-aws_v6.62.0_x5: Retrieving AWS account details: tf_rpc=ConfigureProvider tf_provider_addr=registry.terraform.io/hashicorp/aws tf_req_id=78673f5a-540f-f096-0660-b7bdd354cfd7 @caller=github.com/hashicorp/terraform-provider-aws/internal/conns/config.go:188 @module=aws tf_mux_provider="*schema.GRPCProviderServer" timestamp="2026-09-01T18:26:11.736+0700"
2026-09-01T18:26:11.736+0700 [DEBUG] provider.terraform-provider-aws_v6.62.0_x5: Retrieving caller identity from STS: @caller=github.com/hashicorp/aws-sdk-go-base/v2@v2.0.0-beta.73/logging/tf_logger.go:47 @module=aws.aws-base tf_req_id=78673f5a-540f-f096-0660-b7bdd354cfd7 tf_mux_provider="*schema.GRPCProviderServer" tf_provider_addr=registry.terraform.io/hashicorp/aws tf_rpc=ConfigureProvider timestamp="2026-09-01T18:26:11.736+0700"
2026-09-01T18:26:11.737+0700 [DEBUG] provider.terraform-provider-aws_v6.62.0_x5: HTTP Request Sent: aws.region=ap-southeast-1 http.request.header.amz_sdk_invocation_id=5569b17c-b5b2-4aa8-a117-c9fb336f75f8 http.request.header.authorization="AWS4-HMAC-SHA256 Credential=ASIA************N2CM/20260901/ap-southeast-1/sts/aws4_request, SignedHeaders=amz-sdk-invocation-id;amz-sdk-request;content-length;content-type;host;x-amz-date;x-amz-security-token, Signature=*****" http.request.header.x_amz_date=20260901T112611Z http.request_content_length=43 http.user_agent="APN/1.0 HashiCorp/1.0 Terraform/1.16.0 (+https://www.terraform.io) terraform-provider-aws/6.62.0 (+https://registry.terraform.io/providers/hashicorp/aws) aws-sdk-go-v2/1.43.7 ua/2.1 os/macos lang/go#1.26.6 md/GOOS#darwin md/GOARCH#arm64 api/sts#1.45.7 m/i,n,o" tf_aws.sdk=aws-sdk-go-v2 tf_mux_provider="*schema.GRPCProviderServer" tf_rpc=ConfigureProvider http.request.header.x_amz_security_token="*****" http.method=POST http.url=https://sts.ap-southeast-1.amazonaws.com/ rpc.method=STS/GetCallerIdentity tf_aws.signing_region="" tf_provider_addr=registry.terraform.io/hashicorp/aws tf_req_id=78673f5a-540f-f096-0660-b7bdd354cfd7 @caller=github.com/hashicorp/aws-sdk-go-base/v2@v2.0.0-beta.73/logging/tf_logger.go:47 @module=aws.aws-base
  http.request.body=
  | Action=GetCallerIdentity&Version=2011-06-15
   http.request.header.amz_sdk_request="attempt=1; max=25" http.request.header.content_type=application/x-www-form-urlencoded net.peer.name=sts.ap-southeast-1.amazonaws.com rpc.system.name=aws-api timestamp="2026-09-01T18:26:11.737+0700"
2026-09-01T18:26:11.886+0700 [DEBUG] provider.terraform-provider-aws_v6.62.0_x5: HTTP Response Received:
  http.response.body=
  | <GetCallerIdentityResponse xmlns="https://sts.amazonaws.com/doc/2011-06-15/">
  |   <GetCallerIdentityResult>
  |     <Arn>arn:aws:sts::767397956626:assumed-role/master-programmatic-admin-role/aws-go-sdk-1788261967613503000</Arn>
  |     <UserId>AROA*************CJFM:aws-go-sdk-1788261967613503000</UserId>
  |     <Account>767397956626</Account>
  |   </GetCallerIdentityResult>
  |   <ResponseMetadata>
  |     <RequestId>cea6859c-bab6-4ff0-9d96-70253d6c8a26</RequestId>
  |   </ResponseMetadata>
  | </GetCallerIdentityResponse>
   http.response.header.content_type=text/xml http.response.header.x_amz_sts_extended_request_id=MTphcC1zb3V0aGVhc3QtMTpTOjE3ODgyNjE5NzE5NjU6UjpoaURZUklxaw== http.response_content_length=497 rpc.system.name=aws-api tf_aws.signing_region="" tf_mux_provider="*schema.GRPCProviderServer" http.duration=149 http.response.header.x_amzn_requestid=cea6859c-bab6-4ff0-9d96-70253d6c8a26 tf_aws.sdk=aws-sdk-go-v2 http.status_code=200 @caller=github.com/hashicorp/aws-sdk-go-base/v2@v2.0.0-beta.73/logging/tf_logger.go:47 @module=aws.aws-base http.response.header.date="Tue, 01 Sep 2026 11:26:11 GMT" rpc.method=STS/GetCallerIdentity aws.region=ap-southeast-1 tf_provider_addr=registry.terraform.io/hashicorp/aws tf_req_id=78673f5a-540f-f096-0660-b7bdd354cfd7 tf_rpc=ConfigureProvider timestamp="2026-09-01T18:26:11.886+0700"
2026-09-01T18:26:11.887+0700 [INFO]  provider.terraform-provider-aws_v6.62.0_x5: Retrieved caller identity from STS: tf_rpc=ConfigureProvider @caller=github.com/hashicorp/aws-sdk-go-base/v2@v2.0.0-beta.73/logging/tf_logger.go:39 tf_mux_provider="*schema.GRPCProviderServer" tf_provider_addr=registry.terraform.io/hashicorp/aws tf_req_id=78673f5a-540f-f096-0660-b7bdd354cfd7 @module=aws.aws-base timestamp="2026-09-01T18:26:11.886+0700"
2026-09-01T18:26:11.887+0700 [DEBUG] No policy client configured, skipping policy evaluation for provider["registry.terraform.io/hashicorp/aws"]
2026-09-01T18:26:11.890+0700 [DEBUG] Resource instance state not found for node "data.aws_caller_identity.master-aws-account", instance data.aws_caller_identity.master-aws-account
2026-09-01T18:26:11.915+0700 [DEBUG] provider.terraform-provider-aws_v6.62.0_x5: HTTP Request Sent: http.method=POST http.request.header.amz_sdk_invocation_id=e3b8c5ea-736a-4c39-9ce6-3fa91c83db99 http.request.header.x_amz_date=20260901T112611Z rpc.method=STS/GetCallerIdentity rpc.system.name=aws-api tf_req_id=1d9a9345-e71d-50c6-3b03-b64f3fd8315d aws.region=ap-southeast-1
  http.request.body=
  | Action=GetCallerIdentity&Version=2011-06-15
   http.request.header.amz_sdk_request="attempt=1; max=25" http.request.header.x_amz_security_token="*****" http.url=https://sts.ap-southeast-1.amazonaws.com/ tf_aws.sdk=aws-sdk-go-v2 @caller=github.com/hashicorp/aws-sdk-go-base/v2@v2.0.0-beta.73/logging/tf_logger.go:45 http.request.header.content_type=application/x-www-form-urlencoded http.user_agent="APN/1.0 HashiCorp/1.0 Terraform/1.16.0 (+https://www.terraform.io) terraform-provider-aws/6.62.0 (+https://registry.terraform.io/providers/hashicorp/aws) aws-sdk-go-v2/1.43.7 ua/2.1 os/macos lang/go#1.26.6 md/GOOS#darwin md/GOARCH#arm64 api/sts#1.45.7 m/i,n,o" tf_aws.signing_region="" tf_data_source_type=aws_caller_identity tf_mux_provider="*proto5server.Server" tf_provider_addr=registry.terraform.io/hashicorp/aws tf_rpc=ReadDataSource @module=aws http.request.header.authorization="AWS4-HMAC-SHA256 Credential=ASIA************N2CM/20260901/ap-southeast-1/sts/aws4_request, SignedHeaders=amz-sdk-invocation-id;amz-sdk-request;content-length;content-type;host;x-amz-date;x-amz-security-token, Signature=*****" http.request_content_length=43 net.peer.name=sts.ap-southeast-1.amazonaws.com timestamp="2026-09-01T18:26:11.915+0700"
2026-09-01T18:26:11.951+0700 [DEBUG] provider.terraform-provider-aws_v6.62.0_x5: HTTP Response Received: tf_mux_provider="*proto5server.Server"
  http.response.body=
  | <GetCallerIdentityResponse xmlns="https://sts.amazonaws.com/doc/2011-06-15/">
  |   <GetCallerIdentityResult>
  |     <Arn>arn:aws:sts::767397956626:assumed-role/master-programmatic-admin-role/aws-go-sdk-1788261967613503000</Arn>
  |     <UserId>AROA*************CJFM:aws-go-sdk-1788261967613503000</UserId>
  |     <Account>767397956626</Account>
  |   </GetCallerIdentityResult>
  |   <ResponseMetadata>
  |     <RequestId>73d2d600-9ffc-4978-b36f-c1c0a6f9c967</RequestId>
  |   </ResponseMetadata>
  | </GetCallerIdentityResponse>
   http.response_content_length=497 tf_provider_addr=registry.terraform.io/hashicorp/aws tf_req_id=1d9a9345-e71d-50c6-3b03-b64f3fd8315d @caller=github.com/hashicorp/aws-sdk-go-base/v2@v2.0.0-beta.73/logging/tf_logger.go:45 aws.region=ap-southeast-1 http.response.header.content_type=text/xml rpc.system.name=aws-api tf_data_source_type=aws_caller_identity @module=aws http.response.header.date="Tue, 01 Sep 2026 11:26:12 GMT" http.status_code=200 tf_rpc=ReadDataSource http.duration=35 http.response.header.x_amz_sts_extended_request_id=MTphcC1zb3V0aGVhc3QtMTpTOjE3ODgyNjE5NzIwMzg6UjpGakRBV1d4SQ== http.response.header.x_amzn_requestid=73d2d600-9ffc-4978-b36f-c1c0a6f9c967 rpc.method=STS/GetCallerIdentity tf_aws.sdk=aws-sdk-go-v2 tf_aws.signing_region="" timestamp="2026-09-01T18:26:11.950+0700"
2026-09-01T18:26:11.952+0700 [DEBUG] provider.stdio: received EOF, stopping recv loop: err="rpc error: code = Unavailable desc = error reading from server: EOF"
2026-09-01T18:26:11.961+0700 [INFO]  provider: plugin process exited: plugin=.terraform/providers/registry.terraform.io/hashicorp/aws/6.62.0/darwin_arm64/terraform-provider-aws_v6.62.0_x5 id=83788
2026-09-01T18:26:11.961+0700 [DEBUG] provider: plugin exited
2026-09-01T18:26:11.961+0700 [DEBUG] building apply graph to check for errors
2026-09-01T18:26:11.961+0700 [DEBUG] ProviderTransformer: "data.aws_caller_identity.master-aws-account (expand)" (*terraform.nodeExpandApplyableResource) needs provider["registry.terraform.io/hashicorp/aws"]
2026-09-01T18:26:11.961+0700 [DEBUG] pruning unused provider["registry.terraform.io/hashicorp/local"]
2026-09-01T18:26:11.961+0700 [DEBUG] pruning unused provider["registry.terraform.io/hashicorp/azurerm"]
2026-09-01T18:26:11.961+0700 [DEBUG] ReferenceTransformer: "output.caller_user (expand)" references: [data.aws_caller_identity.master-aws-account (expand)]
2026-09-01T18:26:11.961+0700 [DEBUG] ReferenceTransformer: "output.caller_user (expand)" references: data.aws_caller_identity.master-aws-account (expand)
2026-09-01T18:26:11.961+0700 [DEBUG] ReferenceTransformer: "output.arn (expand)" references: [data.aws_caller_identity.master-aws-account (expand)]
2026-09-01T18:26:11.961+0700 [DEBUG] ReferenceTransformer: "output.arn (expand)" references: data.aws_caller_identity.master-aws-account (expand)
2026-09-01T18:26:11.961+0700 [DEBUG] ReferenceTransformer: "output.account_id (expand)" references: [data.aws_caller_identity.master-aws-account (expand)]
2026-09-01T18:26:11.961+0700 [DEBUG] ReferenceTransformer: "output.account_id (expand)" references: data.aws_caller_identity.master-aws-account (expand)
2026-09-01T18:26:11.961+0700 [DEBUG] ReferenceTransformer: "output.caller_arn (expand)" references: [data.aws_caller_identity.master-aws-account (expand)]
2026-09-01T18:26:11.961+0700 [DEBUG] ReferenceTransformer: "output.caller_arn (expand)" references: data.aws_caller_identity.master-aws-account (expand)
2026-09-01T18:26:11.961+0700 [DEBUG] ReferenceTransformer: "provider[\"registry.terraform.io/hashicorp/aws\"]" references: []
2026-09-01T18:26:11.961+0700 [DEBUG] ReferenceTransformer: "data.aws_caller_identity.master-aws-account (expand)" references: []
2026-09-01T18:26:12.066+0700 [INFO]  backend/local: apply calling Apply
2026-09-01T18:26:12.066+0700 [DEBUG] Building and walking apply graph for NormalMode plan
2026-09-01T18:26:12.066+0700 [DEBUG] ProviderTransformer: "data.aws_caller_identity.master-aws-account (expand)" (*terraform.nodeExpandApplyableResource) needs provider["registry.terraform.io/hashicorp/aws"]
2026-09-01T18:26:12.066+0700 [DEBUG] pruning unused provider["registry.terraform.io/hashicorp/azurerm"]
2026-09-01T18:26:12.066+0700 [DEBUG] pruning unused provider["registry.terraform.io/hashicorp/local"]
2026-09-01T18:26:12.066+0700 [DEBUG] ReferenceTransformer: "data.aws_caller_identity.master-aws-account (expand)" references: []
2026-09-01T18:26:12.066+0700 [DEBUG] ReferenceTransformer: "output.account_id (expand)" references: [data.aws_caller_identity.master-aws-account (expand)]
2026-09-01T18:26:12.066+0700 [DEBUG] ReferenceTransformer: "output.account_id (expand)" references: data.aws_caller_identity.master-aws-account (expand)
2026-09-01T18:26:12.066+0700 [DEBUG] ReferenceTransformer: "output.caller_arn (expand)" references: [data.aws_caller_identity.master-aws-account (expand)]
2026-09-01T18:26:12.066+0700 [DEBUG] ReferenceTransformer: "output.caller_arn (expand)" references: data.aws_caller_identity.master-aws-account (expand)
2026-09-01T18:26:12.066+0700 [DEBUG] ReferenceTransformer: "output.caller_user (expand)" references: [data.aws_caller_identity.master-aws-account (expand)]
2026-09-01T18:26:12.066+0700 [DEBUG] ReferenceTransformer: "output.caller_user (expand)" references: data.aws_caller_identity.master-aws-account (expand)
2026-09-01T18:26:12.066+0700 [DEBUG] ReferenceTransformer: "output.arn (expand)" references: [data.aws_caller_identity.master-aws-account (expand)]
2026-09-01T18:26:12.066+0700 [DEBUG] ReferenceTransformer: "output.arn (expand)" references: data.aws_caller_identity.master-aws-account (expand)
2026-09-01T18:26:12.066+0700 [DEBUG] ReferenceTransformer: "provider[\"registry.terraform.io/hashicorp/aws\"]" references: []
2026-09-01T18:26:12.066+0700 [DEBUG] Starting graph walk: walkApply
2026-09-01T18:26:12.066+0700 [DEBUG] created provider logger: level=debug
2026-09-01T18:26:12.067+0700 [INFO]  provider: configuring client automatic mTLS
2026-09-01T18:26:12.069+0700 [DEBUG] provider: starting plugin: path=.terraform/providers/registry.terraform.io/hashicorp/aws/6.62.0/darwin_arm64/terraform-provider-aws_v6.62.0_x5 args=[".terraform/providers/registry.terraform.io/hashicorp/aws/6.62.0/darwin_arm64/terraform-provider-aws_v6.62.0_x5"]
2026-09-01T18:26:12.094+0700 [DEBUG] provider: plugin started: path=.terraform/providers/registry.terraform.io/hashicorp/aws/6.62.0/darwin_arm64/terraform-provider-aws_v6.62.0_x5 pid=83894
2026-09-01T18:26:12.095+0700 [DEBUG] provider: waiting for RPC address: plugin=.terraform/providers/registry.terraform.io/hashicorp/aws/6.62.0/darwin_arm64/terraform-provider-aws_v6.62.0_x5
2026-09-01T18:26:12.233+0700 [DEBUG] provider.terraform-provider-aws_v6.62.0_x5: Starting github.com/hashicorp/terraform-provider-aws@6.62.0 (go1.26.6)...
2026-09-01T18:26:12.233+0700 [DEBUG] provider.terraform-provider-aws_v6.62.0_x5: Creating Terraform AWS Provider (SDKv2-style)...
2026-09-01T18:26:12.233+0700 [DEBUG] provider.terraform-provider-aws_v6.62.0_x5: Initializing Terraform AWS Provider (SDKv2-style)...
2026-09-01T18:26:12.252+0700 [DEBUG] provider.terraform-provider-aws_v6.62.0_x5: Creating Terraform AWS Provider (Framework-style)...
2026-09-01T18:26:12.252+0700 [DEBUG] provider.terraform-provider-aws_v6.62.0_x5: Initializing Terraform AWS Provider (Framework-style)...
2026-09-01T18:26:12.253+0700 [INFO]  provider.terraform-provider-aws_v6.62.0_x5: configuring server automatic mTLS: timestamp="2026-09-01T18:26:12.253+0700"
2026-09-01T18:26:12.260+0700 [DEBUG] provider: using plugin: version=5
2026-09-01T18:26:12.260+0700 [DEBUG] provider.terraform-provider-aws_v6.62.0_x5: plugin address: address=/var/folders/dc/71w9ly4s1z5b3mp02_3x4pmm0000gn/T/plugin2178100566 network=unix timestamp="2026-09-01T18:26:12.259+0700"
2026-09-01T18:26:12.326+0700 [DEBUG] provider.terraform-provider-aws_v6.62.0_x5: Configuring Terraform AWS Provider: tf_req_id=ffb0cacc-c804-f7ba-d0c7-6d3bddf0db73 @caller=github.com/hashicorp/terraform-provider-aws/internal/conns/config.go:150 tf_mux_provider="*schema.GRPCProviderServer" tf_provider_addr=registry.terraform.io/hashicorp/aws tf_rpc=ConfigureProvider @module=aws timestamp="2026-09-01T18:26:12.325+0700"
2026-09-01T18:26:12.326+0700 [DEBUG] provider.terraform-provider-aws_v6.62.0_x5: Resolving credentials provider: @module=aws.aws-base tf_mux_provider="*schema.GRPCProviderServer" tf_req_id=ffb0cacc-c804-f7ba-d0c7-6d3bddf0db73 tf_provider_addr=registry.terraform.io/hashicorp/aws tf_rpc=ConfigureProvider @caller=github.com/hashicorp/aws-sdk-go-base/v2@v2.0.0-beta.73/logging/tf_logger.go:47 timestamp="2026-09-01T18:26:12.326+0700"
2026-09-01T18:26:12.326+0700 [DEBUG] provider.terraform-provider-aws_v6.62.0_x5: Setting profile: tf_aws.profile=master-programmatic-admin-role tf_mux_provider="*schema.GRPCProviderServer" tf_provider_addr=registry.terraform.io/hashicorp/aws tf_req_id=ffb0cacc-c804-f7ba-d0c7-6d3bddf0db73 tf_rpc=ConfigureProvider @module=aws.aws-base tf_aws.profile.source=provider @caller=github.com/hashicorp/aws-sdk-go-base/v2@v2.0.0-beta.73/logging/tf_logger.go:47 timestamp="2026-09-01T18:26:12.326+0700"
2026-09-01T18:26:12.326+0700 [DEBUG] provider.terraform-provider-aws_v6.62.0_x5: Loading configuration: @caller=github.com/hashicorp/aws-sdk-go-base/v2@v2.0.0-beta.73/logging/tf_logger.go:47 tf_mux_provider="*schema.GRPCProviderServer" tf_req_id=ffb0cacc-c804-f7ba-d0c7-6d3bddf0db73 @module=aws.aws-base tf_provider_addr=registry.terraform.io/hashicorp/aws tf_rpc=ConfigureProvider timestamp="2026-09-01T18:26:12.326+0700"
2026-09-01T18:26:12.326+0700 [DEBUG] provider.terraform-provider-aws_v6.62.0_x5: Retrieving credentials: @caller=github.com/hashicorp/aws-sdk-go-base/v2@v2.0.0-beta.73/logging/tf_logger.go:47 @module=aws.aws-base tf_mux_provider="*schema.GRPCProviderServer" tf_provider_addr=registry.terraform.io/hashicorp/aws tf_req_id=ffb0cacc-c804-f7ba-d0c7-6d3bddf0db73 tf_rpc=ConfigureProvider timestamp="2026-09-01T18:26:12.326+0700"
2026-09-01T18:26:12.326+0700 [DEBUG] provider.terraform-provider-aws_v6.62.0_x5: HTTP Request Sent: http.request.header.authorization="AWS4-HMAC-SHA256 Credential=AKIA************QVVS/20260901/ap-southeast-1/sts/aws4_request, SignedHeaders=amz-sdk-invocation-id;amz-sdk-request;content-length;content-type;host;x-amz-date, Signature=*****" http.request.header.x_amz_date=20260901T112612Z rpc.method=STS/AssumeRole tf_mux_provider="*schema.GRPCProviderServer" @module=aws.aws-base http.request_content_length=185 net.peer.name=sts.ap-southeast-1.amazonaws.com rpc.system.name=aws-api tf_aws.signing_region="" tf_provider_addr=registry.terraform.io/hashicorp/aws tf_rpc=ConfigureProvider
  http.request.body=
  | Action=AssumeRole&DurationSeconds=900&RoleArn=arn%3Aaws%3Aiam%3A%3A767397956626%3Arole%2Fmaster-programmatic-admin-role&RoleSessionName=aws-go-sdk-1788261972326408000&Version=2011-06-15
   http.request.header.amz_sdk_invocation_id=a89e8ce9-1dbf-4f2b-99b5-ff04c74be20e http.url=https://sts.ap-southeast-1.amazonaws.com/ tf_aws.sdk=aws-sdk-go-v2 tf_req_id=ffb0cacc-c804-f7ba-d0c7-6d3bddf0db73 @caller=github.com/hashicorp/aws-sdk-go-base/v2@v2.0.0-beta.73/logging/tf_logger.go:47 http.method=POST http.request.header.content_type=application/x-www-form-urlencoded http.user_agent="APN/1.0 HashiCorp/1.0 Terraform/1.16.0 (+https://www.terraform.io) terraform-provider-aws/6.62.0 (+https://registry.terraform.io/providers/hashicorp/aws) aws-sdk-go-v2/1.43.7 ua/2.1 os/macos lang/go#1.26.6 md/GOOS#darwin md/GOARCH#arm64 api/sts#1.45.7 m/n,o" aws.region=ap-southeast-1 http.request.header.amz_sdk_request="attempt=1; max=3" timestamp="2026-09-01T18:26:12.326+0700"
2026-09-01T18:26:12.494+0700 [DEBUG] provider.terraform-provider-aws_v6.62.0_x5: HTTP Response Received: tf_req_id=ffb0cacc-c804-f7ba-d0c7-6d3bddf0db73 tf_rpc=ConfigureProvider http.duration=166 http.response_content_length=1545 tf_provider_addr=registry.terraform.io/hashicorp/aws @module=aws.aws-base aws.region=ap-southeast-1 rpc.method=STS/AssumeRole tf_aws.signing_region="" tf_mux_provider="*schema.GRPCProviderServer" @caller=github.com/hashicorp/aws-sdk-go-base/v2@v2.0.0-beta.73/logging/tf_logger.go:47
  http.response.body=
  | <AssumeRoleResponse xmlns="https://sts.amazonaws.com/doc/2011-06-15/">
  |   <AssumeRoleResult>
  |     <AssumedRoleUser>
  |       <AssumedRoleId>AROA*************CJFM:aws-go-sdk-1788261972326408000</AssumedRoleId>
  |       <Arn>arn:aws:sts::767397956626:assumed-role/master-programmatic-admin-role/aws-go-sdk-1788261972326408000</Arn>
  |     </AssumedRoleUser>
  |     <Credentials>
  |       <AccessKeyId>ASIA************SOYH</AccessKeyId>
  |       <SecretAccessKey>4QLm********************************PKoN</SecretAccessKey>
  |       <SessionToken>IQoJb3JpZ2luX2VjEOT//////////wEaDmFwLXNvdXRoZWFzdC0xIkYwRAIgWV1uhw+hRhR6vDQE3ZcYGrW6aI5jGjSGF0iZQdAEDywCIAoMF/3d9fwYZsJue9cM6oAkzeDAM4un3CmDf32099EfKrQCCK3//////////wEQABoMNzY3Mzk3OTU2NjI2Igzg301oW/X6dfhoFs8qiAISPpnj89nVaXEUvEPGo42WxYBDyzp06Tjfgbj8otG3GtE+giKzWAA0G6SVpBdx0/IRIoVDkeKF/mh/cCJMkDi9H1hSiSQ078UVer0l5FhJk5jTCmHDgwEt5FX1qE4XrrE80sTC1xnLZk6W9uol0Kn4ooGUlhs0IRu2A5BbANXUF7o0Md+K+9AgthKeE2juyIh0+HYt0vGVaFOuZg9ursJ+L5aeT5ZO15lDPFaTZCPrLI1GLd4ySo7L4nEjbl6M7CrGhYOtYS2C81Zp/O/qTcVD6hc9cPzIU52psrsLM9stbXfhTpKI48CQgi/kPDb9YrhAtiRmaQQe0kTd68lmWpex/1w01bVt9aMw1Oza1AY6ngEN2wGwW75GRlEUI2ga0gL4nSg5h+BPuJDVzVGFznT2brgbnbO/EvQTwJV6B4/cyQh9FSoM5qWgD/GBeJiRL0+AnAftI1qpd+vbVF9XEHIV53eZVSknj/Bh/AHYCc1hn4aWW4kwkunIn6nrEvNJfDs+5rzPTbJX/Bji2rBoQo+lMsIWf9s9Rsb2d8AbW9mJuJ8+emlWwbplADG60ReXsw==</SessionToken>
  |       <Expiration>2026-09-01T11:41:12Z</Expiration>
  |     </Credentials>
  |   </AssumeRoleResult>
  |   <ResponseMetadata>
  |     <RequestId>bde19ade-f620-4fb8-ac49-bd2c4f9a9c14</RequestId>
  |   </ResponseMetadata>
  | </AssumeRoleResponse>
   http.response.header.content_type=text/xml http.response.header.date="Tue, 01 Sep 2026 11:26:12 GMT" http.response.header.x_amz_sts_extended_request_id=MTphcC1zb3V0aGVhc3QtMTpTOjE3ODgyNjE5NzI1NjU6Ujo4MmRnNEhsMg== http.response.header.x_amzn_requestid=bde19ade-f620-4fb8-ac49-bd2c4f9a9c14 rpc.system.name=aws-api http.status_code=200 tf_aws.sdk=aws-sdk-go-v2 timestamp="2026-09-01T18:26:12.493+0700"
2026-09-01T18:26:12.494+0700 [INFO]  provider.terraform-provider-aws_v6.62.0_x5: Retrieved credentials: tf_mux_provider="*schema.GRPCProviderServer" tf_req_id=ffb0cacc-c804-f7ba-d0c7-6d3bddf0db73 @caller=github.com/hashicorp/aws-sdk-go-base/v2@v2.0.0-beta.73/logging/tf_logger.go:39 @module=aws.aws-base tf_aws.credentials_source=AssumeRoleProvider tf_provider_addr=registry.terraform.io/hashicorp/aws tf_rpc=ConfigureProvider timestamp="2026-09-01T18:26:12.494+0700"
2026-09-01T18:26:12.494+0700 [DEBUG] provider.terraform-provider-aws_v6.62.0_x5: Loading configuration: @module=aws.aws-base tf_req_id=ffb0cacc-c804-f7ba-d0c7-6d3bddf0db73 tf_rpc=ConfigureProvider @caller=github.com/hashicorp/aws-sdk-go-base/v2@v2.0.0-beta.73/logging/tf_logger.go:47 tf_mux_provider="*schema.GRPCProviderServer" tf_provider_addr=registry.terraform.io/hashicorp/aws timestamp="2026-09-01T18:26:12.494+0700"
2026-09-01T18:26:12.494+0700 [DEBUG] provider.terraform-provider-aws_v6.62.0_x5: Retrieving AWS account details: @module=aws tf_provider_addr=registry.terraform.io/hashicorp/aws tf_rpc=ConfigureProvider @caller=github.com/hashicorp/terraform-provider-aws/internal/conns/config.go:188 tf_mux_provider="*schema.GRPCProviderServer" tf_req_id=ffb0cacc-c804-f7ba-d0c7-6d3bddf0db73 timestamp="2026-09-01T18:26:12.494+0700"
2026-09-01T18:26:12.494+0700 [DEBUG] provider.terraform-provider-aws_v6.62.0_x5: Retrieving caller identity from STS: @caller=github.com/hashicorp/aws-sdk-go-base/v2@v2.0.0-beta.73/logging/tf_logger.go:47 @module=aws.aws-base tf_provider_addr=registry.terraform.io/hashicorp/aws tf_mux_provider="*schema.GRPCProviderServer" tf_req_id=ffb0cacc-c804-f7ba-d0c7-6d3bddf0db73 tf_rpc=ConfigureProvider timestamp="2026-09-01T18:26:12.494+0700"
2026-09-01T18:26:12.495+0700 [DEBUG] provider.terraform-provider-aws_v6.62.0_x5: HTTP Request Sent: http.request.header.content_type=application/x-www-form-urlencoded rpc.method=STS/GetCallerIdentity tf_mux_provider="*schema.GRPCProviderServer" @caller=github.com/hashicorp/aws-sdk-go-base/v2@v2.0.0-beta.73/logging/tf_logger.go:47 aws.region=ap-southeast-1 http.request.header.amz_sdk_request="attempt=1; max=25" http.url=https://sts.ap-southeast-1.amazonaws.com/ tf_provider_addr=registry.terraform.io/hashicorp/aws tf_rpc=ConfigureProvider http.method=POST http.request.header.amz_sdk_invocation_id=05d3b6c2-179a-4a89-b115-47c88f47f096 http.request.header.x_amz_date=20260901T112612Z http.user_agent="APN/1.0 HashiCorp/1.0 Terraform/1.16.0 (+https://www.terraform.io) terraform-provider-aws/6.62.0 (+https://registry.terraform.io/providers/hashicorp/aws) aws-sdk-go-v2/1.43.7 ua/2.1 os/macos lang/go#1.26.6 md/GOOS#darwin md/GOARCH#arm64 api/sts#1.45.7 m/i,n,o" tf_aws.sdk=aws-sdk-go-v2
  http.request.body=
  | Action=GetCallerIdentity&Version=2011-06-15
   http.request.header.authorization="AWS4-HMAC-SHA256 Credential=ASIA************SOYH/20260901/ap-southeast-1/sts/aws4_request, SignedHeaders=amz-sdk-invocation-id;amz-sdk-request;content-length;content-type;host;x-amz-date;x-amz-security-token, Signature=*****" http.request.header.x_amz_security_token="*****" http.request_content_length=43 net.peer.name=sts.ap-southeast-1.amazonaws.com rpc.system.name=aws-api tf_aws.signing_region="" tf_req_id=ffb0cacc-c804-f7ba-d0c7-6d3bddf0db73 @module=aws.aws-base timestamp="2026-09-01T18:26:12.495+0700"
2026-09-01T18:26:12.652+0700 [DEBUG] provider.terraform-provider-aws_v6.62.0_x5: HTTP Response Received: rpc.method=STS/GetCallerIdentity rpc.system.name=aws-api @caller=github.com/hashicorp/aws-sdk-go-base/v2@v2.0.0-beta.73/logging/tf_logger.go:47 @module=aws.aws-base http.duration=156 http.response.header.content_type=text/xml http.response.header.date="Tue, 01 Sep 2026 11:26:12 GMT" http.response.header.x_amzn_requestid=798c677c-6641-48a5-9ad3-dff17ddd7155 tf_aws.sdk=aws-sdk-go-v2 tf_aws.signing_region="" tf_mux_provider="*schema.GRPCProviderServer" tf_rpc=ConfigureProvider http.response.header.x_amz_sts_extended_request_id=MTphcC1zb3V0aGVhc3QtMTpTOjE3ODgyNjE5NzI3MzU6Ujp0MlNWSzhDZA== http.response_content_length=497 http.status_code=200 tf_provider_addr=registry.terraform.io/hashicorp/aws tf_req_id=ffb0cacc-c804-f7ba-d0c7-6d3bddf0db73 aws.region=ap-southeast-1
  http.response.body=
  | <GetCallerIdentityResponse xmlns="https://sts.amazonaws.com/doc/2011-06-15/">
  |   <GetCallerIdentityResult>
  |     <Arn>arn:aws:sts::767397956626:assumed-role/master-programmatic-admin-role/aws-go-sdk-1788261972326408000</Arn>
  |     <UserId>AROA*************CJFM:aws-go-sdk-1788261972326408000</UserId>
  |     <Account>767397956626</Account>
  |   </GetCallerIdentityResult>
  |   <ResponseMetadata>
  |     <RequestId>798c677c-6641-48a5-9ad3-dff17ddd7155</RequestId>
  |   </ResponseMetadata>
  | </GetCallerIdentityResponse>
   timestamp="2026-09-01T18:26:12.651+0700"
2026-09-01T18:26:12.652+0700 [INFO]  provider.terraform-provider-aws_v6.62.0_x5: Retrieved caller identity from STS: tf_rpc=ConfigureProvider tf_provider_addr=registry.terraform.io/hashicorp/aws @caller=github.com/hashicorp/aws-sdk-go-base/v2@v2.0.0-beta.73/logging/tf_logger.go:39 @module=aws.aws-base tf_mux_provider="*schema.GRPCProviderServer" tf_req_id=ffb0cacc-c804-f7ba-d0c7-6d3bddf0db73 timestamp="2026-09-01T18:26:12.652+0700"
2026-09-01T18:26:12.652+0700 [DEBUG] No policy client configured, skipping policy evaluation for provider["registry.terraform.io/hashicorp/aws"]
2026-09-01T18:26:12.653+0700 [DEBUG] provider.stdio: received EOF, stopping recv loop: err="rpc error: code = Unavailable desc = error reading from server: EOF"
2026-09-01T18:26:12.658+0700 [INFO]  provider: plugin process exited: plugin=.terraform/providers/registry.terraform.io/hashicorp/aws/6.62.0/darwin_arm64/terraform-provider-aws_v6.62.0_x5 id=83894
2026-09-01T18:26:12.658+0700 [DEBUG] provider: plugin exited
2026-09-01T18:26:57.359+0700 [INFO]  Terraform version: 1.16.0
2026-09-01T18:26:57.360+0700 [DEBUG] using github.com/hashicorp/go-tfe v1.108.0
2026-09-01T18:26:57.360+0700 [DEBUG] using github.com/hashicorp/hcl/v2 v2.24.0
2026-09-01T18:26:57.360+0700 [DEBUG] using github.com/hashicorp/terraform-svchost v0.2.1
2026-09-01T18:26:57.360+0700 [DEBUG] using github.com/zclconf/go-cty v1.18.1
2026-09-01T18:26:57.360+0700 [INFO]  Go runtime version: go1.26.4
2026-09-01T18:26:57.360+0700 [INFO]  CLI args: []string{"terraform", "apply", "-auto-approve"}
2026-09-01T18:26:57.360+0700 [DEBUG] Attempting to open CLI config file: /Users/thettun/.terraformrc
2026-09-01T18:26:57.360+0700 [DEBUG] File doesn't exist, but doesn't need to. Ignoring.
2026-09-01T18:26:57.361+0700 [DEBUG] ignoring non-existing provider search directory terraform.d/plugins
2026-09-01T18:26:57.361+0700 [DEBUG] ignoring non-existing provider search directory /Users/thettun/.terraform.d/plugins
2026-09-01T18:26:57.361+0700 [DEBUG] ignoring non-existing provider search directory /Users/thettun/Library/Application Support/io.terraform/plugins
2026-09-01T18:26:57.361+0700 [DEBUG] ignoring non-existing provider search directory /Library/Application Support/io.terraform/plugins
2026-09-01T18:26:57.362+0700 [INFO]  CLI command args: []string{"apply", "-auto-approve"}
2026-09-01T18:26:58.175+0700 [DEBUG] checking for provisioner in "."
2026-09-01T18:26:58.181+0700 [DEBUG] checking for provisioner in "/opt/homebrew/bin"
2026-09-01T18:26:58.185+0700 [INFO]  backend/local: starting Apply operation
2026-09-01T18:26:58.194+0700 [DEBUG] Starting graph walk: walkInit
2026-09-01T18:26:58.199+0700 [DEBUG] created provider logger: level=debug
2026-09-01T18:26:58.199+0700 [INFO]  provider: configuring client automatic mTLS
2026-09-01T18:26:58.210+0700 [DEBUG] provider: starting plugin: path=.terraform/providers/registry.terraform.io/hashicorp/aws/6.62.0/darwin_arm64/terraform-provider-aws_v6.62.0_x5 args=[".terraform/providers/registry.terraform.io/hashicorp/aws/6.62.0/darwin_arm64/terraform-provider-aws_v6.62.0_x5"]
2026-09-01T18:26:58.220+0700 [DEBUG] provider: plugin started: path=.terraform/providers/registry.terraform.io/hashicorp/aws/6.62.0/darwin_arm64/terraform-provider-aws_v6.62.0_x5 pid=84281
2026-09-01T18:26:58.220+0700 [DEBUG] provider: waiting for RPC address: plugin=.terraform/providers/registry.terraform.io/hashicorp/aws/6.62.0/darwin_arm64/terraform-provider-aws_v6.62.0_x5
2026-09-01T18:26:58.425+0700 [DEBUG] provider.terraform-provider-aws_v6.62.0_x5: Starting github.com/hashicorp/terraform-provider-aws@6.62.0 (go1.26.6)...
2026-09-01T18:26:58.425+0700 [DEBUG] provider.terraform-provider-aws_v6.62.0_x5: Creating Terraform AWS Provider (SDKv2-style)...
2026-09-01T18:26:58.425+0700 [DEBUG] provider.terraform-provider-aws_v6.62.0_x5: Initializing Terraform AWS Provider (SDKv2-style)...
2026-09-01T18:26:58.463+0700 [DEBUG] provider.terraform-provider-aws_v6.62.0_x5: Creating Terraform AWS Provider (Framework-style)...
2026-09-01T18:26:58.463+0700 [DEBUG] provider.terraform-provider-aws_v6.62.0_x5: Initializing Terraform AWS Provider (Framework-style)...
2026-09-01T18:26:58.466+0700 [INFO]  provider.terraform-provider-aws_v6.62.0_x5: configuring server automatic mTLS: timestamp="2026-09-01T18:26:58.466+0700"
2026-09-01T18:26:58.473+0700 [DEBUG] provider: using plugin: version=5
2026-09-01T18:26:58.473+0700 [DEBUG] provider.terraform-provider-aws_v6.62.0_x5: plugin address: address=/var/folders/dc/71w9ly4s1z5b3mp02_3x4pmm0000gn/T/plugin3463132831 network=unix timestamp="2026-09-01T18:26:58.472+0700"
2026-09-01T18:26:59.525+0700 [DEBUG] provider.stdio: received EOF, stopping recv loop: err="rpc error: code = Unavailable desc = error reading from server: EOF"
2026-09-01T18:26:59.537+0700 [INFO]  provider: plugin process exited: plugin=.terraform/providers/registry.terraform.io/hashicorp/aws/6.62.0/darwin_arm64/terraform-provider-aws_v6.62.0_x5 id=84281
2026-09-01T18:26:59.537+0700 [DEBUG] provider: plugin exited
2026-09-01T18:26:59.537+0700 [DEBUG] created provider logger: level=debug
2026-09-01T18:26:59.537+0700 [INFO]  provider: configuring client automatic mTLS
2026-09-01T18:26:59.540+0700 [DEBUG] provider: starting plugin: path=.terraform/providers/registry.terraform.io/hashicorp/azurerm/5.0.0/darwin_arm64/terraform-provider-azurerm_v5.0.0_x5 args=[".terraform/providers/registry.terraform.io/hashicorp/azurerm/5.0.0/darwin_arm64/terraform-provider-azurerm_v5.0.0_x5"]
2026-09-01T18:26:59.544+0700 [DEBUG] provider: plugin started: path=.terraform/providers/registry.terraform.io/hashicorp/azurerm/5.0.0/darwin_arm64/terraform-provider-azurerm_v5.0.0_x5 pid=84283
2026-09-01T18:26:59.545+0700 [DEBUG] provider: waiting for RPC address: plugin=.terraform/providers/registry.terraform.io/hashicorp/azurerm/5.0.0/darwin_arm64/terraform-provider-azurerm_v5.0.0_x5
2026-09-01T18:26:59.621+0700 [DEBUG] provider.terraform-provider-azurerm_v5.0.0_x5: [DEBUG] Registering Data Sources for "AAD B2C"..
2026-09-01T18:26:59.621+0700 [DEBUG] provider.terraform-provider-azurerm_v5.0.0_x5: [DEBUG] Registering Resources for "AAD B2C"..
2026-09-01T18:26:59.621+0700 [DEBUG] provider.terraform-provider-azurerm_v5.0.0_x5: [DEBUG] Registering Data Sources for "API Management"..
2026-09-01T18:26:59.621+0700 [DEBUG] provider.terraform-provider-azurerm_v5.0.0_x5: [DEBUG] Registering Resources for "API Management"..
2026-09-01T18:26:59.623+0700 [DEBUG] provider.terraform-provider-azurerm_v5.0.0_x5: [DEBUG] Registering Data Sources for "App Configuration"..
2026-09-01T18:26:59.623+0700 [DEBUG] provider.terraform-provider-azurerm_v5.0.0_x5: [DEBUG] Registering Resources for "App Configuration"..
2026-09-01T18:26:59.623+0700 [DEBUG] provider.terraform-provider-azurerm_v5.0.0_x5: [DEBUG] Registering Data Sources for "Application Insights"..
2026-09-01T18:26:59.623+0700 [DEBUG] provider.terraform-provider-azurerm_v5.0.0_x5: [DEBUG] Registering Resources for "Application Insights"..
2026-09-01T18:26:59.623+0700 [DEBUG] provider.terraform-provider-azurerm_v5.0.0_x5: [DEBUG] Registering Data Sources for "AppService"..
2026-09-01T18:26:59.625+0700 [DEBUG] provider.terraform-provider-azurerm_v5.0.0_x5: [DEBUG] Registering Resources for "AppService"..
2026-09-01T18:26:59.628+0700 [DEBUG] provider.terraform-provider-azurerm_v5.0.0_x5: [DEBUG] Registering Data Sources for "ArcKubernetes"..
2026-09-01T18:26:59.628+0700 [DEBUG] provider.terraform-provider-azurerm_v5.0.0_x5: [DEBUG] Registering Resources for "ArcKubernetes"..
2026-09-01T18:26:59.629+0700 [DEBUG] provider.terraform-provider-azurerm_v5.0.0_x5: [DEBUG] Registering Data Sources for "Arc Resource Bridge"..
2026-09-01T18:26:59.629+0700 [DEBUG] provider.terraform-provider-azurerm_v5.0.0_x5: [DEBUG] Registering Resources for "Arc Resource Bridge"..
2026-09-01T18:26:59.629+0700 [DEBUG] provider.terraform-provider-azurerm_v5.0.0_x5: [DEBUG] Registering Data Sources for "Authorization"..
2026-09-01T18:26:59.629+0700 [DEBUG] provider.terraform-provider-azurerm_v5.0.0_x5: [DEBUG] Registering Resources for "Authorization"..
2026-09-01T18:26:59.629+0700 [DEBUG] provider.terraform-provider-azurerm_v5.0.0_x5: [DEBUG] Registering Data Sources for "Automanage"..
2026-09-01T18:26:59.629+0700 [DEBUG] provider.terraform-provider-azurerm_v5.0.0_x5: [DEBUG] Registering Resources for "Automanage"..
2026-09-01T18:26:59.629+0700 [DEBUG] provider.terraform-provider-azurerm_v5.0.0_x5: [DEBUG] Registering Data Sources for "Automation"..
2026-09-01T18:26:59.630+0700 [DEBUG] provider.terraform-provider-azurerm_v5.0.0_x5: [DEBUG] Registering Resources for "Automation"..
2026-09-01T18:26:59.630+0700 [DEBUG] provider.terraform-provider-azurerm_v5.0.0_x5: [DEBUG] Registering Data Sources for "Advisor"..
2026-09-01T18:26:59.630+0700 [DEBUG] provider.terraform-provider-azurerm_v5.0.0_x5: [DEBUG] Registering Resources for "Advisor"..
2026-09-01T18:26:59.630+0700 [DEBUG] provider.terraform-provider-azurerm_v5.0.0_x5: [DEBUG] Registering Data Sources for "Azure Stack HCI"..
2026-09-01T18:26:59.630+0700 [DEBUG] provider.terraform-provider-azurerm_v5.0.0_x5: [DEBUG] Registering Resources for "Azure Stack HCI"..
2026-09-01T18:26:59.630+0700 [DEBUG] provider.terraform-provider-azurerm_v5.0.0_x5: [DEBUG] Registering Data Sources for "Batch"..
2026-09-01T18:26:59.630+0700 [DEBUG] provider.terraform-provider-azurerm_v5.0.0_x5: [DEBUG] Registering Resources for "Batch"..
2026-09-01T18:26:59.630+0700 [DEBUG] provider.terraform-provider-azurerm_v5.0.0_x5: [DEBUG] Registering Data Sources for "Bot"..
2026-09-01T18:26:59.630+0700 [DEBUG] provider.terraform-provider-azurerm_v5.0.0_x5: [DEBUG] Registering Resources for "Bot"..
2026-09-01T18:26:59.630+0700 [DEBUG] provider.terraform-provider-azurerm_v5.0.0_x5: [DEBUG] Registering Data Sources for "CDN"..
2026-09-01T18:26:59.630+0700 [DEBUG] provider.terraform-provider-azurerm_v5.0.0_x5: [DEBUG] Registering Resources for "CDN"..
2026-09-01T18:26:59.631+0700 [DEBUG] provider.terraform-provider-azurerm_v5.0.0_x5: [DEBUG] Registering Data Sources for "Trusted Signing"..
2026-09-01T18:26:59.631+0700 [DEBUG] provider.terraform-provider-azurerm_v5.0.0_x5: [DEBUG] Registering Resources for "Trusted Signing"..
2026-09-01T18:26:59.631+0700 [DEBUG] provider.terraform-provider-azurerm_v5.0.0_x5: [DEBUG] Registering Data Sources for "Cognitive Services"..
2026-09-01T18:26:59.631+0700 [DEBUG] provider.terraform-provider-azurerm_v5.0.0_x5: [DEBUG] Registering Resources for "Cognitive Services"..
2026-09-01T18:26:59.631+0700 [DEBUG] provider.terraform-provider-azurerm_v5.0.0_x5: [DEBUG] Registering Data Sources for "Communication"..
2026-09-01T18:26:59.631+0700 [DEBUG] provider.terraform-provider-azurerm_v5.0.0_x5: [DEBUG] Registering Resources for "Communication"..
2026-09-01T18:26:59.631+0700 [DEBUG] provider.terraform-provider-azurerm_v5.0.0_x5: [DEBUG] Registering Data Sources for "Compute"..
2026-09-01T18:26:59.632+0700 [DEBUG] provider.terraform-provider-azurerm_v5.0.0_x5: [DEBUG] Registering Resources for "Compute"..
2026-09-01T18:26:59.632+0700 [DEBUG] provider.terraform-provider-azurerm_v5.0.0_x5: [DEBUG] Registering Data Sources for "Connections"..
2026-09-01T18:26:59.632+0700 [DEBUG] provider.terraform-provider-azurerm_v5.0.0_x5: [DEBUG] Registering Resources for "Connections"..
2026-09-01T18:26:59.632+0700 [DEBUG] provider.terraform-provider-azurerm_v5.0.0_x5: [DEBUG] Registering Data Sources for "Consumption"..
2026-09-01T18:26:59.632+0700 [DEBUG] provider.terraform-provider-azurerm_v5.0.0_x5: [DEBUG] Registering Resources for "Consumption"..
2026-09-01T18:26:59.632+0700 [DEBUG] provider.terraform-provider-azurerm_v5.0.0_x5: [DEBUG] Registering Data Sources for "Container Apps"..
2026-09-01T18:26:59.633+0700 [DEBUG] provider.terraform-provider-azurerm_v5.0.0_x5: [DEBUG] Registering Resources for "Container Apps"..
2026-09-01T18:26:59.633+0700 [DEBUG] provider.terraform-provider-azurerm_v5.0.0_x5: [DEBUG] Registering Data Sources for "CosmosDB"..
2026-09-01T18:26:59.633+0700 [DEBUG] provider.terraform-provider-azurerm_v5.0.0_x5: [DEBUG] Registering Resources for "CosmosDB"..
2026-09-01T18:26:59.633+0700 [DEBUG] provider.terraform-provider-azurerm_v5.0.0_x5: [DEBUG] Registering Data Sources for "Cost Management"..
2026-09-01T18:26:59.633+0700 [DEBUG] provider.terraform-provider-azurerm_v5.0.0_x5: [DEBUG] Registering Resources for "Cost Management"..
2026-09-01T18:26:59.633+0700 [DEBUG] provider.terraform-provider-azurerm_v5.0.0_x5: [DEBUG] Registering Data Sources for "Dashboard"..
2026-09-01T18:26:59.633+0700 [DEBUG] provider.terraform-provider-azurerm_v5.0.0_x5: [DEBUG] Registering Resources for "Dashboard"..
2026-09-01T18:26:59.634+0700 [DEBUG] provider.terraform-provider-azurerm_v5.0.0_x5: [DEBUG] Registering Data Sources for "Databox Edge"..
2026-09-01T18:26:59.634+0700 [DEBUG] provider.terraform-provider-azurerm_v5.0.0_x5: [DEBUG] Registering Resources for "Databox Edge"..
2026-09-01T18:26:59.634+0700 [DEBUG] provider.terraform-provider-azurerm_v5.0.0_x5: [DEBUG] Registering Data Sources for "DataBricks"..
2026-09-01T18:26:59.634+0700 [DEBUG] provider.terraform-provider-azurerm_v5.0.0_x5: [DEBUG] Registering Resources for "DataBricks"..
2026-09-01T18:26:59.634+0700 [DEBUG] provider.terraform-provider-azurerm_v5.0.0_x5: [DEBUG] Registering Data Sources for "Data Factory"..
2026-09-01T18:26:59.634+0700 [DEBUG] provider.terraform-provider-azurerm_v5.0.0_x5: [DEBUG] Registering Resources for "Data Factory"..
2026-09-01T18:26:59.634+0700 [DEBUG] provider.terraform-provider-azurerm_v5.0.0_x5: [DEBUG] Registering Data Sources for "DataProtection"..
2026-09-01T18:26:59.634+0700 [DEBUG] provider.terraform-provider-azurerm_v5.0.0_x5: [DEBUG] Registering Resources for "DataProtection"..
2026-09-01T18:26:59.634+0700 [DEBUG] provider.terraform-provider-azurerm_v5.0.0_x5: [DEBUG] Registering Data Sources for "Desktop Virtualization"..
2026-09-01T18:26:59.634+0700 [DEBUG] provider.terraform-provider-azurerm_v5.0.0_x5: [DEBUG] Registering Resources for "Desktop Virtualization"..
2026-09-01T18:26:59.634+0700 [DEBUG] provider.terraform-provider-azurerm_v5.0.0_x5: [DEBUG] Registering Data Sources for "Digital Twins"..
2026-09-01T18:26:59.634+0700 [DEBUG] provider.terraform-provider-azurerm_v5.0.0_x5: [DEBUG] Registering Resources for "Digital Twins"..
2026-09-01T18:26:59.634+0700 [DEBUG] provider.terraform-provider-azurerm_v5.0.0_x5: [DEBUG] Registering Data Sources for "DNS"..
2026-09-01T18:26:59.634+0700 [DEBUG] provider.terraform-provider-azurerm_v5.0.0_x5: [DEBUG] Registering Resources for "DNS"..
2026-09-01T18:26:59.635+0700 [DEBUG] provider.terraform-provider-azurerm_v5.0.0_x5: [DEBUG] Registering Data Sources for "DomainServices"..
2026-09-01T18:26:59.635+0700 [DEBUG] provider.terraform-provider-azurerm_v5.0.0_x5: [DEBUG] Registering Resources for "DomainServices"..
2026-09-01T18:26:59.635+0700 [DEBUG] provider.terraform-provider-azurerm_v5.0.0_x5: [DEBUG] Registering Data Sources for "Dynatrace"..
2026-09-01T18:26:59.635+0700 [DEBUG] provider.terraform-provider-azurerm_v5.0.0_x5: [DEBUG] Registering Resources for "Dynatrace"..
2026-09-01T18:26:59.635+0700 [DEBUG] provider.terraform-provider-azurerm_v5.0.0_x5: [DEBUG] Registering Data Sources for "ElasticSan"..
2026-09-01T18:26:59.635+0700 [DEBUG] provider.terraform-provider-azurerm_v5.0.0_x5: [DEBUG] Registering Resources for "ElasticSan"..
2026-09-01T18:26:59.635+0700 [DEBUG] provider.terraform-provider-azurerm_v5.0.0_x5: [DEBUG] Registering Data Sources for "EventGrid"..
2026-09-01T18:26:59.635+0700 [DEBUG] provider.terraform-provider-azurerm_v5.0.0_x5: [DEBUG] Registering Resources for "EventGrid"..
2026-09-01T18:26:59.635+0700 [DEBUG] provider.terraform-provider-azurerm_v5.0.0_x5: [DEBUG] Registering Data Sources for "EventHub"..
2026-09-01T18:26:59.635+0700 [DEBUG] provider.terraform-provider-azurerm_v5.0.0_x5: [DEBUG] Registering Resources for "EventHub"..
2026-09-01T18:26:59.635+0700 [DEBUG] provider.terraform-provider-azurerm_v5.0.0_x5: [DEBUG] Registering Data Sources for "ExtendedLocation"..
2026-09-01T18:26:59.635+0700 [DEBUG] provider.terraform-provider-azurerm_v5.0.0_x5: [DEBUG] Registering Resources for "ExtendedLocation"..
2026-09-01T18:26:59.635+0700 [DEBUG] provider.terraform-provider-azurerm_v5.0.0_x5: [DEBUG] Registering Data Sources for "Fabric"..
2026-09-01T18:26:59.635+0700 [DEBUG] provider.terraform-provider-azurerm_v5.0.0_x5: [DEBUG] Registering Resources for "Fabric"..
2026-09-01T18:26:59.635+0700 [DEBUG] provider.terraform-provider-azurerm_v5.0.0_x5: [DEBUG] Registering Data Sources for "Fluid Relay"..
2026-09-01T18:26:59.635+0700 [DEBUG] provider.terraform-provider-azurerm_v5.0.0_x5: [DEBUG] Registering Resources for "Fluid Relay"..
2026-09-01T18:26:59.635+0700 [DEBUG] provider.terraform-provider-azurerm_v5.0.0_x5: [DEBUG] Registering Data Sources for "Graph Services"..
2026-09-01T18:26:59.635+0700 [DEBUG] provider.terraform-provider-azurerm_v5.0.0_x5: [DEBUG] Registering Resources for "Graph Services"..
2026-09-01T18:26:59.635+0700 [DEBUG] provider.terraform-provider-azurerm_v5.0.0_x5: [DEBUG] Registering Data Sources for "Hybrid Compute"..
2026-09-01T18:26:59.635+0700 [DEBUG] provider.terraform-provider-azurerm_v5.0.0_x5: [DEBUG] Registering Resources for "Hybrid Compute"..
2026-09-01T18:26:59.635+0700 [DEBUG] provider.terraform-provider-azurerm_v5.0.0_x5: [DEBUG] Registering Data Sources for "IoT Central"..
2026-09-01T18:26:59.635+0700 [DEBUG] provider.terraform-provider-azurerm_v5.0.0_x5: [DEBUG] Registering Resources for "IoT Central"..
2026-09-01T18:26:59.635+0700 [DEBUG] provider.terraform-provider-azurerm_v5.0.0_x5: [DEBUG] Registering Data Sources for "IoT Hub"..
2026-09-01T18:26:59.635+0700 [DEBUG] provider.terraform-provider-azurerm_v5.0.0_x5: [DEBUG] Registering Resources for "IoT Hub"..
2026-09-01T18:26:59.636+0700 [DEBUG] provider.terraform-provider-azurerm_v5.0.0_x5: [DEBUG] Registering Data Sources for "KeyVault"..
2026-09-01T18:26:59.636+0700 [DEBUG] provider.terraform-provider-azurerm_v5.0.0_x5: [DEBUG] Registering Resources for "KeyVault"..
2026-09-01T18:26:59.636+0700 [DEBUG] provider.terraform-provider-azurerm_v5.0.0_x5: [DEBUG] Registering Data Sources for "Kusto"..
2026-09-01T18:26:59.636+0700 [DEBUG] provider.terraform-provider-azurerm_v5.0.0_x5: [DEBUG] Registering Resources for "Kusto"..
2026-09-01T18:26:59.636+0700 [DEBUG] provider.terraform-provider-azurerm_v5.0.0_x5: [DEBUG] Registering Data Sources for "Load Balancer"..
2026-09-01T18:26:59.636+0700 [DEBUG] provider.terraform-provider-azurerm_v5.0.0_x5: [DEBUG] Registering Resources for "Load Balancer"..
2026-09-01T18:26:59.636+0700 [DEBUG] provider.terraform-provider-azurerm_v5.0.0_x5: [DEBUG] Registering Data Sources for "LoadTestService"..
2026-09-01T18:26:59.636+0700 [DEBUG] provider.terraform-provider-azurerm_v5.0.0_x5: [DEBUG] Registering Resources for "LoadTestService"..
2026-09-01T18:26:59.636+0700 [DEBUG] provider.terraform-provider-azurerm_v5.0.0_x5: [DEBUG] Registering Data Sources for "Log Analytics"..
2026-09-01T18:26:59.636+0700 [DEBUG] provider.terraform-provider-azurerm_v5.0.0_x5: [DEBUG] Registering Resources for "Log Analytics"..
2026-09-01T18:26:59.636+0700 [DEBUG] provider.terraform-provider-azurerm_v5.0.0_x5: [DEBUG] Registering Data Sources for "Logic"..
2026-09-01T18:26:59.636+0700 [DEBUG] provider.terraform-provider-azurerm_v5.0.0_x5: [DEBUG] Registering Resources for "Logic"..
2026-09-01T18:26:59.636+0700 [DEBUG] provider.terraform-provider-azurerm_v5.0.0_x5: [DEBUG] Registering Data Sources for "Machine Learning"..
2026-09-01T18:26:59.636+0700 [DEBUG] provider.terraform-provider-azurerm_v5.0.0_x5: [DEBUG] Registering Resources for "Machine Learning"..
2026-09-01T18:26:59.636+0700 [DEBUG] provider.terraform-provider-azurerm_v5.0.0_x5: [DEBUG] Registering Data Sources for "Maintenance"..
2026-09-01T18:26:59.636+0700 [DEBUG] provider.terraform-provider-azurerm_v5.0.0_x5: [DEBUG] Registering Resources for "Maintenance"..
2026-09-01T18:26:59.636+0700 [DEBUG] provider.terraform-provider-azurerm_v5.0.0_x5: [DEBUG] Registering Data Sources for "Managed DevOps Pools"..
2026-09-01T18:26:59.636+0700 [DEBUG] provider.terraform-provider-azurerm_v5.0.0_x5: [DEBUG] Registering Resources for "Managed DevOps Pools"..
2026-09-01T18:26:59.637+0700 [DEBUG] provider.terraform-provider-azurerm_v5.0.0_x5: [DEBUG] Registering Data Sources for "Managed HSM"..
2026-09-01T18:26:59.637+0700 [DEBUG] provider.terraform-provider-azurerm_v5.0.0_x5: [DEBUG] Registering Resources for "Managed HSM"..
2026-09-01T18:26:59.637+0700 [DEBUG] provider.terraform-provider-azurerm_v5.0.0_x5: [DEBUG] Registering Data Sources for "Managed Redis"..
2026-09-01T18:26:59.637+0700 [DEBUG] provider.terraform-provider-azurerm_v5.0.0_x5: [DEBUG] Registering Resources for "Managed Redis"..
2026-09-01T18:26:59.637+0700 [DEBUG] provider.terraform-provider-azurerm_v5.0.0_x5: [DEBUG] Registering Data Sources for "Mongo Cluster"..
2026-09-01T18:26:59.637+0700 [DEBUG] provider.terraform-provider-azurerm_v5.0.0_x5: [DEBUG] Registering Resources for "Mongo Cluster"..
2026-09-01T18:26:59.637+0700 [DEBUG] provider.terraform-provider-azurerm_v5.0.0_x5: [DEBUG] Registering Data Sources for "Monitor"..
2026-09-01T18:26:59.637+0700 [DEBUG] provider.terraform-provider-azurerm_v5.0.0_x5: [DEBUG] Registering Resources for "Monitor"..
2026-09-01T18:26:59.637+0700 [DEBUG] provider.terraform-provider-azurerm_v5.0.0_x5: [DEBUG] Registering Data Sources for "Microsoft SQL Server / Azure SQL"..
2026-09-01T18:26:59.637+0700 [DEBUG] provider.terraform-provider-azurerm_v5.0.0_x5: [DEBUG] Registering Resources for "Microsoft SQL Server / Azure SQL"..
2026-09-01T18:26:59.638+0700 [DEBUG] provider.terraform-provider-azurerm_v5.0.0_x5: [DEBUG] Registering Data Sources for "Microsoft SQL Server Managed Instances"..
2026-09-01T18:26:59.638+0700 [DEBUG] provider.terraform-provider-azurerm_v5.0.0_x5: [DEBUG] Registering Resources for "Microsoft SQL Server Managed Instances"..
2026-09-01T18:26:59.638+0700 [DEBUG] provider.terraform-provider-azurerm_v5.0.0_x5: [DEBUG] Registering Data Sources for "MySQL"..
2026-09-01T18:26:59.638+0700 [DEBUG] provider.terraform-provider-azurerm_v5.0.0_x5: [DEBUG] Registering Resources for "MySQL"..
2026-09-01T18:26:59.638+0700 [DEBUG] provider.terraform-provider-azurerm_v5.0.0_x5: [DEBUG] Registering Data Sources for "NetApp"..
2026-09-01T18:26:59.639+0700 [DEBUG] provider.terraform-provider-azurerm_v5.0.0_x5: [DEBUG] Registering Resources for "NetApp"..
2026-09-01T18:26:59.639+0700 [DEBUG] provider.terraform-provider-azurerm_v5.0.0_x5: [DEBUG] Registering Data Sources for "Network"..
2026-09-01T18:26:59.639+0700 [DEBUG] provider.terraform-provider-azurerm_v5.0.0_x5: [DEBUG] Registering Resources for "Network"..
2026-09-01T18:26:59.640+0700 [DEBUG] provider.terraform-provider-azurerm_v5.0.0_x5: [DEBUG] Registering Data Sources for "Network Function"..
2026-09-01T18:26:59.640+0700 [DEBUG] provider.terraform-provider-azurerm_v5.0.0_x5: [DEBUG] Registering Resources for "Network Function"..
2026-09-01T18:26:59.640+0700 [DEBUG] provider.terraform-provider-azurerm_v5.0.0_x5: [DEBUG] Registering Data Sources for "New Relic"..
2026-09-01T18:26:59.640+0700 [DEBUG] provider.terraform-provider-azurerm_v5.0.0_x5: [DEBUG] Registering Resources for "New Relic"..
2026-09-01T18:26:59.640+0700 [DEBUG] provider.terraform-provider-azurerm_v5.0.0_x5: [DEBUG] Registering Data Sources for "Nginx"..
2026-09-01T18:26:59.640+0700 [DEBUG] provider.terraform-provider-azurerm_v5.0.0_x5: [DEBUG] Registering Resources for "Nginx"..
2026-09-01T18:26:59.640+0700 [DEBUG] provider.terraform-provider-azurerm_v5.0.0_x5: [DEBUG] Registering Data Sources for "Oracle"..
2026-09-01T18:26:59.641+0700 [DEBUG] provider.terraform-provider-azurerm_v5.0.0_x5: [DEBUG] Registering Resources for "Oracle"..
2026-09-01T18:26:59.641+0700 [DEBUG] provider.terraform-provider-azurerm_v5.0.0_x5: [DEBUG] Registering Data Sources for "Orbital"..
2026-09-01T18:26:59.641+0700 [DEBUG] provider.terraform-provider-azurerm_v5.0.0_x5: [DEBUG] Registering Resources for "Orbital"..
2026-09-01T18:26:59.641+0700 [DEBUG] provider.terraform-provider-azurerm_v5.0.0_x5: [DEBUG] Registering Data Sources for "Palo Alto"..
2026-09-01T18:26:59.641+0700 [DEBUG] provider.terraform-provider-azurerm_v5.0.0_x5: [DEBUG] Registering Resources for "Palo Alto"..
2026-09-01T18:26:59.641+0700 [DEBUG] provider.terraform-provider-azurerm_v5.0.0_x5: [DEBUG] Registering Data Sources for "Policy"..
2026-09-01T18:26:59.641+0700 [DEBUG] provider.terraform-provider-azurerm_v5.0.0_x5: [DEBUG] Registering Resources for "Policy"..
2026-09-01T18:26:59.642+0700 [DEBUG] provider.terraform-provider-azurerm_v5.0.0_x5: [DEBUG] Registering Data Sources for "PostgreSQL"..
2026-09-01T18:26:59.642+0700 [DEBUG] provider.terraform-provider-azurerm_v5.0.0_x5: [DEBUG] Registering Resources for "PostgreSQL"..
2026-09-01T18:26:59.642+0700 [DEBUG] provider.terraform-provider-azurerm_v5.0.0_x5: [DEBUG] Registering Data Sources for "Private DNS Resolver"..
2026-09-01T18:26:59.642+0700 [DEBUG] provider.terraform-provider-azurerm_v5.0.0_x5: [DEBUG] Registering Resources for "Private DNS Resolver"..
2026-09-01T18:26:59.642+0700 [DEBUG] provider.terraform-provider-azurerm_v5.0.0_x5: [DEBUG] Registering Data Sources for "Qumulo"..
2026-09-01T18:26:59.642+0700 [DEBUG] provider.terraform-provider-azurerm_v5.0.0_x5: [DEBUG] Registering Resources for "Qumulo"..
2026-09-01T18:26:59.642+0700 [DEBUG] provider.terraform-provider-azurerm_v5.0.0_x5: [DEBUG] Registering Data Sources for "Recovery Services"..
2026-09-01T18:26:59.642+0700 [DEBUG] provider.terraform-provider-azurerm_v5.0.0_x5: [DEBUG] Registering Resources for "Recovery Services"..
2026-09-01T18:26:59.642+0700 [DEBUG] provider.terraform-provider-azurerm_v5.0.0_x5: [DEBUG] Registering Data Sources for "Red Hat OpenShift"..
2026-09-01T18:26:59.642+0700 [DEBUG] provider.terraform-provider-azurerm_v5.0.0_x5: [DEBUG] Registering Resources for "Red Hat OpenShift"..
2026-09-01T18:26:59.642+0700 [DEBUG] provider.terraform-provider-azurerm_v5.0.0_x5: [DEBUG] Registering Data Sources for "Redis"..
2026-09-01T18:26:59.642+0700 [DEBUG] provider.terraform-provider-azurerm_v5.0.0_x5: [DEBUG] Registering Resources for "Redis"..
2026-09-01T18:26:59.642+0700 [DEBUG] provider.terraform-provider-azurerm_v5.0.0_x5: [DEBUG] Registering Data Sources for "Resources"..
2026-09-01T18:26:59.642+0700 [DEBUG] provider.terraform-provider-azurerm_v5.0.0_x5: [DEBUG] Registering Resources for "Resources"..
2026-09-01T18:26:59.642+0700 [DEBUG] provider.terraform-provider-azurerm_v5.0.0_x5: [DEBUG] Registering Data Sources for "Search"..
2026-09-01T18:26:59.642+0700 [DEBUG] provider.terraform-provider-azurerm_v5.0.0_x5: [DEBUG] Registering Resources for "Search"..
2026-09-01T18:26:59.642+0700 [DEBUG] provider.terraform-provider-azurerm_v5.0.0_x5: [DEBUG] Registering Data Sources for "Security Center"..
2026-09-01T18:26:59.642+0700 [DEBUG] provider.terraform-provider-azurerm_v5.0.0_x5: [DEBUG] Registering Resources for "Security Center"..
2026-09-01T18:26:59.642+0700 [DEBUG] provider.terraform-provider-azurerm_v5.0.0_x5: [DEBUG] Registering Data Sources for "Sentinel"..
2026-09-01T18:26:59.643+0700 [DEBUG] provider.terraform-provider-azurerm_v5.0.0_x5: [DEBUG] Registering Resources for "Sentinel"..
2026-09-01T18:26:59.643+0700 [DEBUG] provider.terraform-provider-azurerm_v5.0.0_x5: [DEBUG] Registering Data Sources for "ServiceBus"..
2026-09-01T18:26:59.643+0700 [DEBUG] provider.terraform-provider-azurerm_v5.0.0_x5: [DEBUG] Registering Resources for "ServiceBus"..
2026-09-01T18:26:59.643+0700 [DEBUG] provider.terraform-provider-azurerm_v5.0.0_x5: [DEBUG] Registering Data Sources for "ServiceConnector"..
2026-09-01T18:26:59.643+0700 [DEBUG] provider.terraform-provider-azurerm_v5.0.0_x5: [DEBUG] Registering Resources for "ServiceConnector"..
2026-09-01T18:26:59.643+0700 [DEBUG] provider.terraform-provider-azurerm_v5.0.0_x5: [DEBUG] Registering Data Sources for "Service Fabric Managed Clusters"..
2026-09-01T18:26:59.643+0700 [DEBUG] provider.terraform-provider-azurerm_v5.0.0_x5: [DEBUG] Registering Resources for "Service Fabric Managed Clusters"..
2026-09-01T18:26:59.643+0700 [DEBUG] provider.terraform-provider-azurerm_v5.0.0_x5: [DEBUG] Registering Data Sources for "Service Networking"..
2026-09-01T18:26:59.643+0700 [DEBUG] provider.terraform-provider-azurerm_v5.0.0_x5: [DEBUG] Registering Resources for "Service Networking"..
2026-09-01T18:26:59.643+0700 [DEBUG] provider.terraform-provider-azurerm_v5.0.0_x5: [DEBUG] Registering Data Sources for "SignalR"..
2026-09-01T18:26:59.643+0700 [DEBUG] provider.terraform-provider-azurerm_v5.0.0_x5: [DEBUG] Registering Resources for "SignalR"..
2026-09-01T18:26:59.643+0700 [DEBUG] provider.terraform-provider-azurerm_v5.0.0_x5: [DEBUG] Registering Data Sources for "Spring Cloud"..
2026-09-01T18:26:59.643+0700 [DEBUG] provider.terraform-provider-azurerm_v5.0.0_x5: [DEBUG] Registering Resources for "Spring Cloud"..
2026-09-01T18:26:59.644+0700 [DEBUG] provider.terraform-provider-azurerm_v5.0.0_x5: [DEBUG] Registering Data Sources for "Storage"..
2026-09-01T18:26:59.644+0700 [DEBUG] provider.terraform-provider-azurerm_v5.0.0_x5: [DEBUG] Registering Resources for "Storage"..
2026-09-01T18:26:59.644+0700 [DEBUG] provider.terraform-provider-azurerm_v5.0.0_x5: [DEBUG] Registering Data Sources for "Storage Cache"..
2026-09-01T18:26:59.644+0700 [DEBUG] provider.terraform-provider-azurerm_v5.0.0_x5: [DEBUG] Registering Resources for "Storage Cache"..
2026-09-01T18:26:59.644+0700 [DEBUG] provider.terraform-provider-azurerm_v5.0.0_x5: [DEBUG] Registering Data Sources for "Storage Mover"..
2026-09-01T18:26:59.644+0700 [DEBUG] provider.terraform-provider-azurerm_v5.0.0_x5: [DEBUG] Registering Resources for "Storage Mover"..
2026-09-01T18:26:59.644+0700 [DEBUG] provider.terraform-provider-azurerm_v5.0.0_x5: [DEBUG] Registering Data Sources for "Stream Analytics"..
2026-09-01T18:26:59.644+0700 [DEBUG] provider.terraform-provider-azurerm_v5.0.0_x5: [DEBUG] Registering Resources for "Stream Analytics"..
2026-09-01T18:26:59.644+0700 [DEBUG] provider.terraform-provider-azurerm_v5.0.0_x5: [DEBUG] Registering Data Sources for "Subscription"..
2026-09-01T18:26:59.644+0700 [DEBUG] provider.terraform-provider-azurerm_v5.0.0_x5: [DEBUG] Registering Resources for "Subscription"..
2026-09-01T18:26:59.644+0700 [DEBUG] provider.terraform-provider-azurerm_v5.0.0_x5: [DEBUG] Registering Data Sources for "System Center Virtual Machine Manager"..
2026-09-01T18:26:59.644+0700 [DEBUG] provider.terraform-provider-azurerm_v5.0.0_x5: [DEBUG] Registering Resources for "System Center Virtual Machine Manager"..
2026-09-01T18:26:59.645+0700 [DEBUG] provider.terraform-provider-azurerm_v5.0.0_x5: [DEBUG] Registering Data Sources for "VideoIndexer"..
2026-09-01T18:26:59.645+0700 [DEBUG] provider.terraform-provider-azurerm_v5.0.0_x5: [DEBUG] Registering Resources for "VideoIndexer"..
2026-09-01T18:26:59.645+0700 [DEBUG] provider.terraform-provider-azurerm_v5.0.0_x5: [DEBUG] Registering Data Sources for "VMware"..
2026-09-01T18:26:59.645+0700 [DEBUG] provider.terraform-provider-azurerm_v5.0.0_x5: [DEBUG] Registering Resources for "VMware"..
2026-09-01T18:26:59.645+0700 [DEBUG] provider.terraform-provider-azurerm_v5.0.0_x5: [DEBUG] Registering Data Sources for "Web"..
2026-09-01T18:26:59.645+0700 [DEBUG] provider.terraform-provider-azurerm_v5.0.0_x5: [DEBUG] Registering Resources for "Web"..
2026-09-01T18:26:59.645+0700 [DEBUG] provider.terraform-provider-azurerm_v5.0.0_x5: [DEBUG] Registering Data Sources for "Workloads"..
2026-09-01T18:26:59.645+0700 [DEBUG] provider.terraform-provider-azurerm_v5.0.0_x5: [DEBUG] Registering Resources for "Workloads"..
2026-09-01T18:26:59.645+0700 [DEBUG] provider.terraform-provider-azurerm_v5.0.0_x5: [DEBUG] Registering Data Sources for "ChaosStudio"..
2026-09-01T18:26:59.645+0700 [DEBUG] provider.terraform-provider-azurerm_v5.0.0_x5: [DEBUG] Registering Resources for "ChaosStudio"..
2026-09-01T18:26:59.645+0700 [DEBUG] provider.terraform-provider-azurerm_v5.0.0_x5: [DEBUG] Registering Data Sources for "Container Services"..
2026-09-01T18:26:59.645+0700 [DEBUG] provider.terraform-provider-azurerm_v5.0.0_x5: [DEBUG] Registering Resources for "Container Services"..
2026-09-01T18:26:59.646+0700 [DEBUG] provider.terraform-provider-azurerm_v5.0.0_x5: [DEBUG] Registering Data Sources for "Dev Center"..
2026-09-01T18:26:59.646+0700 [DEBUG] provider.terraform-provider-azurerm_v5.0.0_x5: [DEBUG] Registering Resources for "Dev Center"..
2026-09-01T18:26:59.646+0700 [DEBUG] provider.terraform-provider-azurerm_v5.0.0_x5: [DEBUG] Registering Data Sources for "ManagedIdentity"..
2026-09-01T18:26:59.646+0700 [DEBUG] provider.terraform-provider-azurerm_v5.0.0_x5: [DEBUG] Registering Resources for "ManagedIdentity"..
2026-09-01T18:26:59.646+0700 [DEBUG] provider.terraform-provider-azurerm_v5.0.0_x5: [DEBUG] Registering Data Sources for "Advisor"..
2026-09-01T18:26:59.646+0700 [DEBUG] provider.terraform-provider-azurerm_v5.0.0_x5: [DEBUG] Registering Resources for "Advisor"..
2026-09-01T18:26:59.646+0700 [DEBUG] provider.terraform-provider-azurerm_v5.0.0_x5: [DEBUG] Registering Data Sources for "Analysis Services"..
2026-09-01T18:26:59.646+0700 [DEBUG] provider.terraform-provider-azurerm_v5.0.0_x5: [DEBUG] Registering Resources for "Analysis Services"..
2026-09-01T18:26:59.646+0700 [DEBUG] provider.terraform-provider-azurerm_v5.0.0_x5: [DEBUG] Registering Data Sources for "API Management"..
2026-09-01T18:26:59.646+0700 [DEBUG] provider.terraform-provider-azurerm_v5.0.0_x5: [DEBUG] Registering Resources for "API Management"..
2026-09-01T18:26:59.647+0700 [DEBUG] provider.terraform-provider-azurerm_v5.0.0_x5: [DEBUG] Registering Data Sources for "App Configuration"..
2026-09-01T18:26:59.647+0700 [DEBUG] provider.terraform-provider-azurerm_v5.0.0_x5: [DEBUG] Registering Resources for "App Configuration"..
2026-09-01T18:26:59.647+0700 [DEBUG] provider.terraform-provider-azurerm_v5.0.0_x5: [DEBUG] Registering Data Sources for "Application Insights"..
2026-09-01T18:26:59.647+0700 [DEBUG] provider.terraform-provider-azurerm_v5.0.0_x5: [DEBUG] Registering Resources for "Application Insights"..
2026-09-01T18:26:59.647+0700 [DEBUG] provider.terraform-provider-azurerm_v5.0.0_x5: [DEBUG] Registering Data Sources for "ArcKubernetes"..
2026-09-01T18:26:59.647+0700 [DEBUG] provider.terraform-provider-azurerm_v5.0.0_x5: [DEBUG] Registering Resources for "ArcKubernetes"..
2026-09-01T18:26:59.647+0700 [DEBUG] provider.terraform-provider-azurerm_v5.0.0_x5: [DEBUG] Registering Data Sources for "Attestation"..
2026-09-01T18:26:59.647+0700 [DEBUG] provider.terraform-provider-azurerm_v5.0.0_x5: [DEBUG] Registering Resources for "Attestation"..
2026-09-01T18:26:59.647+0700 [DEBUG] provider.terraform-provider-azurerm_v5.0.0_x5: [DEBUG] Registering Data Sources for "Authorization"..
2026-09-01T18:26:59.647+0700 [DEBUG] provider.terraform-provider-azurerm_v5.0.0_x5: [DEBUG] Registering Resources for "Authorization"..
2026-09-01T18:26:59.647+0700 [DEBUG] provider.terraform-provider-azurerm_v5.0.0_x5: [DEBUG] Registering Data Sources for "Automation"..
2026-09-01T18:26:59.647+0700 [DEBUG] provider.terraform-provider-azurerm_v5.0.0_x5: [DEBUG] Registering Resources for "Automation"..
2026-09-01T18:26:59.649+0700 [DEBUG] provider.terraform-provider-azurerm_v5.0.0_x5: [DEBUG] Registering Data Sources for "Azure Stack HCI"..
2026-09-01T18:26:59.649+0700 [DEBUG] provider.terraform-provider-azurerm_v5.0.0_x5: [DEBUG] Registering Resources for "Azure Stack HCI"..
2026-09-01T18:26:59.649+0700 [DEBUG] provider.terraform-provider-azurerm_v5.0.0_x5: [DEBUG] Registering Data Sources for "Batch"..
2026-09-01T18:26:59.649+0700 [DEBUG] provider.terraform-provider-azurerm_v5.0.0_x5: [DEBUG] Registering Resources for "Batch"..
2026-09-01T18:26:59.649+0700 [DEBUG] provider.terraform-provider-azurerm_v5.0.0_x5: [DEBUG] Registering Data Sources for "Billing"..
2026-09-01T18:26:59.649+0700 [DEBUG] provider.terraform-provider-azurerm_v5.0.0_x5: [DEBUG] Registering Resources for "Billing"..
2026-09-01T18:26:59.649+0700 [DEBUG] provider.terraform-provider-azurerm_v5.0.0_x5: [DEBUG] Registering Data Sources for "Blueprints"..
2026-09-01T18:26:59.649+0700 [DEBUG] provider.terraform-provider-azurerm_v5.0.0_x5: [DEBUG] Registering Resources for "Blueprints"..
2026-09-01T18:26:59.649+0700 [DEBUG] provider.terraform-provider-azurerm_v5.0.0_x5: [DEBUG] Registering Data Sources for "Bot"..
2026-09-01T18:26:59.649+0700 [DEBUG] provider.terraform-provider-azurerm_v5.0.0_x5: [DEBUG] Registering Resources for "Bot"..
2026-09-01T18:26:59.649+0700 [DEBUG] provider.terraform-provider-azurerm_v5.0.0_x5: [DEBUG] Registering Data Sources for "CDN"..
2026-09-01T18:26:59.649+0700 [DEBUG] provider.terraform-provider-azurerm_v5.0.0_x5: [DEBUG] Registering Resources for "CDN"..
2026-09-01T18:26:59.650+0700 [DEBUG] provider.terraform-provider-azurerm_v5.0.0_x5: [DEBUG] Registering Data Sources for "Cognitive Services"..
2026-09-01T18:26:59.650+0700 [DEBUG] provider.terraform-provider-azurerm_v5.0.0_x5: [DEBUG] Registering Resources for "Cognitive Services"..
2026-09-01T18:26:59.650+0700 [DEBUG] provider.terraform-provider-azurerm_v5.0.0_x5: [DEBUG] Registering Data Sources for "Compute"..
2026-09-01T18:26:59.651+0700 [DEBUG] provider.terraform-provider-azurerm_v5.0.0_x5: [DEBUG] Registering Resources for "Compute"..
2026-09-01T18:26:59.651+0700 [DEBUG] provider.terraform-provider-azurerm_v5.0.0_x5: [DEBUG] Registering Data Sources for "Confidential Ledger"..
2026-09-01T18:26:59.651+0700 [DEBUG] provider.terraform-provider-azurerm_v5.0.0_x5: [DEBUG] Registering Resources for "Confidential Ledger"..
2026-09-01T18:26:59.651+0700 [DEBUG] provider.terraform-provider-azurerm_v5.0.0_x5: [DEBUG] Registering Data Sources for "Connections"..
2026-09-01T18:26:59.651+0700 [DEBUG] provider.terraform-provider-azurerm_v5.0.0_x5: [DEBUG] Registering Resources for "Connections"..
2026-09-01T18:26:59.651+0700 [DEBUG] provider.terraform-provider-azurerm_v5.0.0_x5: [DEBUG] Registering Data Sources for "Consumption"..
2026-09-01T18:26:59.651+0700 [DEBUG] provider.terraform-provider-azurerm_v5.0.0_x5: [DEBUG] Registering Resources for "Consumption"..
2026-09-01T18:26:59.651+0700 [DEBUG] provider.terraform-provider-azurerm_v5.0.0_x5: [DEBUG] Registering Data Sources for "Container Services"..
2026-09-01T18:26:59.651+0700 [DEBUG] provider.terraform-provider-azurerm_v5.0.0_x5: [DEBUG] Registering Resources for "Container Services"..
2026-09-01T18:26:59.652+0700 [DEBUG] provider.terraform-provider-azurerm_v5.0.0_x5: [DEBUG] Registering Data Sources for "CosmosDB"..
2026-09-01T18:26:59.652+0700 [DEBUG] provider.terraform-provider-azurerm_v5.0.0_x5: [DEBUG] Registering Resources for "CosmosDB"..
2026-09-01T18:26:59.652+0700 [DEBUG] provider.terraform-provider-azurerm_v5.0.0_x5: [DEBUG] Registering Data Sources for "Custom Providers"..
2026-09-01T18:26:59.652+0700 [DEBUG] provider.terraform-provider-azurerm_v5.0.0_x5: [DEBUG] Registering Resources for "Custom Providers"..
2026-09-01T18:26:59.652+0700 [DEBUG] provider.terraform-provider-azurerm_v5.0.0_x5: [DEBUG] Registering Data Sources for "Dashboard"..
2026-09-01T18:26:59.652+0700 [DEBUG] provider.terraform-provider-azurerm_v5.0.0_x5: [DEBUG] Registering Resources for "Dashboard"..
2026-09-01T18:26:59.652+0700 [DEBUG] provider.terraform-provider-azurerm_v5.0.0_x5: [DEBUG] Registering Data Sources for "Database Migration"..
2026-09-01T18:26:59.652+0700 [DEBUG] provider.terraform-provider-azurerm_v5.0.0_x5: [DEBUG] Registering Resources for "Database Migration"..
2026-09-01T18:26:59.652+0700 [DEBUG] provider.terraform-provider-azurerm_v5.0.0_x5: [DEBUG] Registering Data Sources for "Databox Edge"..
2026-09-01T18:26:59.652+0700 [DEBUG] provider.terraform-provider-azurerm_v5.0.0_x5: [DEBUG] Registering Resources for "Databox Edge"..
2026-09-01T18:26:59.652+0700 [DEBUG] provider.terraform-provider-azurerm_v5.0.0_x5: [DEBUG] Registering Data Sources for "DataBricks"..
2026-09-01T18:26:59.652+0700 [DEBUG] provider.terraform-provider-azurerm_v5.0.0_x5: [DEBUG] Registering Resources for "DataBricks"..
2026-09-01T18:26:59.652+0700 [DEBUG] provider.terraform-provider-azurerm_v5.0.0_x5: [DEBUG] Registering Data Sources for "Datadog"..
2026-09-01T18:26:59.652+0700 [DEBUG] provider.terraform-provider-azurerm_v5.0.0_x5: [DEBUG] Registering Resources for "Datadog"..
2026-09-01T18:26:59.652+0700 [DEBUG] provider.terraform-provider-azurerm_v5.0.0_x5: [DEBUG] Registering Data Sources for "Data Factory"..
2026-09-01T18:26:59.653+0700 [DEBUG] provider.terraform-provider-azurerm_v5.0.0_x5: [DEBUG] Registering Resources for "Data Factory"..
2026-09-01T18:26:59.653+0700 [DEBUG] provider.terraform-provider-azurerm_v5.0.0_x5: [DEBUG] Registering Data Sources for "DataProtection"..
2026-09-01T18:26:59.653+0700 [DEBUG] provider.terraform-provider-azurerm_v5.0.0_x5: [DEBUG] Registering Resources for "DataProtection"..
2026-09-01T18:26:59.653+0700 [DEBUG] provider.terraform-provider-azurerm_v5.0.0_x5: [DEBUG] Registering Data Sources for "Data Share"..
2026-09-01T18:26:59.654+0700 [DEBUG] provider.terraform-provider-azurerm_v5.0.0_x5: [DEBUG] Registering Resources for "Data Share"..
2026-09-01T18:26:59.654+0700 [DEBUG] provider.terraform-provider-azurerm_v5.0.0_x5: [DEBUG] Registering Data Sources for "Desktop Virtualization"..
2026-09-01T18:26:59.654+0700 [DEBUG] provider.terraform-provider-azurerm_v5.0.0_x5: [DEBUG] Registering Resources for "Desktop Virtualization"..
2026-09-01T18:26:59.654+0700 [DEBUG] provider.terraform-provider-azurerm_v5.0.0_x5: [DEBUG] Registering Data Sources for "Dev Test"..
2026-09-01T18:26:59.654+0700 [DEBUG] provider.terraform-provider-azurerm_v5.0.0_x5: [DEBUG] Registering Resources for "Dev Test"..
2026-09-01T18:26:59.655+0700 [DEBUG] provider.terraform-provider-azurerm_v5.0.0_x5: [DEBUG] Registering Data Sources for "Digital Twins"..
2026-09-01T18:26:59.655+0700 [DEBUG] provider.terraform-provider-azurerm_v5.0.0_x5: [DEBUG] Registering Resources for "Digital Twins"..
2026-09-01T18:26:59.655+0700 [DEBUG] provider.terraform-provider-azurerm_v5.0.0_x5: [DEBUG] Registering Data Sources for "DNS"..
2026-09-01T18:26:59.655+0700 [DEBUG] provider.terraform-provider-azurerm_v5.0.0_x5: [DEBUG] Registering Resources for "DNS"..
2026-09-01T18:26:59.655+0700 [DEBUG] provider.terraform-provider-azurerm_v5.0.0_x5: [DEBUG] Registering Data Sources for "DomainServices"..
2026-09-01T18:26:59.655+0700 [DEBUG] provider.terraform-provider-azurerm_v5.0.0_x5: [DEBUG] Registering Resources for "DomainServices"..
2026-09-01T18:26:59.655+0700 [DEBUG] provider.terraform-provider-azurerm_v5.0.0_x5: [DEBUG] Registering Data Sources for "Elastic"..
2026-09-01T18:26:59.655+0700 [DEBUG] provider.terraform-provider-azurerm_v5.0.0_x5: [DEBUG] Registering Resources for "Elastic"..
2026-09-01T18:26:59.655+0700 [DEBUG] provider.terraform-provider-azurerm_v5.0.0_x5: [DEBUG] Registering Data Sources for "EventGrid"..
2026-09-01T18:26:59.655+0700 [DEBUG] provider.terraform-provider-azurerm_v5.0.0_x5: [DEBUG] Registering Resources for "EventGrid"..
2026-09-01T18:26:59.655+0700 [DEBUG] provider.terraform-provider-azurerm_v5.0.0_x5: [DEBUG] Registering Data Sources for "EventHub"..
2026-09-01T18:26:59.655+0700 [DEBUG] provider.terraform-provider-azurerm_v5.0.0_x5: [DEBUG] Registering Resources for "EventHub"..
2026-09-01T18:26:59.657+0700 [DEBUG] provider.terraform-provider-azurerm_v5.0.0_x5: [DEBUG] Registering Data Sources for "Firewall"..
2026-09-01T18:26:59.657+0700 [DEBUG] provider.terraform-provider-azurerm_v5.0.0_x5: [DEBUG] Registering Resources for "Firewall"..
2026-09-01T18:26:59.657+0700 [DEBUG] provider.terraform-provider-azurerm_v5.0.0_x5: [DEBUG] Registering Data Sources for "FrontDoor"..
2026-09-01T18:26:59.657+0700 [DEBUG] provider.terraform-provider-azurerm_v5.0.0_x5: [DEBUG] Registering Resources for "FrontDoor"..
2026-09-01T18:26:59.657+0700 [DEBUG] provider.terraform-provider-azurerm_v5.0.0_x5: [DEBUG] Registering Data Sources for "HDInsight"..
2026-09-01T18:26:59.657+0700 [DEBUG] provider.terraform-provider-azurerm_v5.0.0_x5: [DEBUG] Registering Resources for "HDInsight"..
2026-09-01T18:26:59.658+0700 [DEBUG] provider.terraform-provider-azurerm_v5.0.0_x5: [DEBUG] Registering Data Sources for "Health Care"..
2026-09-01T18:26:59.658+0700 [DEBUG] provider.terraform-provider-azurerm_v5.0.0_x5: [DEBUG] Registering Resources for "Health Care"..
2026-09-01T18:26:59.658+0700 [DEBUG] provider.terraform-provider-azurerm_v5.0.0_x5: [DEBUG] Registering Data Sources for "Hardware Security Module"..
2026-09-01T18:26:59.658+0700 [DEBUG] provider.terraform-provider-azurerm_v5.0.0_x5: [DEBUG] Registering Resources for "Hardware Security Module"..
2026-09-01T18:26:59.658+0700 [DEBUG] provider.terraform-provider-azurerm_v5.0.0_x5: [DEBUG] Registering Data Sources for "IoT Central"..
2026-09-01T18:26:59.658+0700 [DEBUG] provider.terraform-provider-azurerm_v5.0.0_x5: [DEBUG] Registering Resources for "IoT Central"..
2026-09-01T18:26:59.658+0700 [DEBUG] provider.terraform-provider-azurerm_v5.0.0_x5: [DEBUG] Registering Data Sources for "IoT Hub"..
2026-09-01T18:26:59.658+0700 [DEBUG] provider.terraform-provider-azurerm_v5.0.0_x5: [DEBUG] Registering Resources for "IoT Hub"..
2026-09-01T18:26:59.659+0700 [DEBUG] provider.terraform-provider-azurerm_v5.0.0_x5: [DEBUG] Registering Data Sources for "KeyVault"..
2026-09-01T18:26:59.659+0700 [DEBUG] provider.terraform-provider-azurerm_v5.0.0_x5: [DEBUG] Registering Resources for "KeyVault"..
2026-09-01T18:26:59.659+0700 [DEBUG] provider.terraform-provider-azurerm_v5.0.0_x5: [DEBUG] Registering Data Sources for "Kusto"..
2026-09-01T18:26:59.659+0700 [DEBUG] provider.terraform-provider-azurerm_v5.0.0_x5: [DEBUG] Registering Resources for "Kusto"..
2026-09-01T18:26:59.659+0700 [DEBUG] provider.terraform-provider-azurerm_v5.0.0_x5: [DEBUG] Registering Data Sources for "Legacy"..
2026-09-01T18:26:59.659+0700 [DEBUG] provider.terraform-provider-azurerm_v5.0.0_x5: [DEBUG] Registering Resources for "Legacy"..
2026-09-01T18:26:59.659+0700 [DEBUG] provider.terraform-provider-azurerm_v5.0.0_x5: [DEBUG] Registering Data Sources for "Lighthouse"..
2026-09-01T18:26:59.659+0700 [DEBUG] provider.terraform-provider-azurerm_v5.0.0_x5: [DEBUG] Registering Resources for "Lighthouse"..
2026-09-01T18:26:59.659+0700 [DEBUG] provider.terraform-provider-azurerm_v5.0.0_x5: [DEBUG] Registering Data Sources for "Load Balancer"..
2026-09-01T18:26:59.660+0700 [DEBUG] provider.terraform-provider-azurerm_v5.0.0_x5: [DEBUG] Registering Resources for "Load Balancer"..
2026-09-01T18:26:59.660+0700 [DEBUG] provider.terraform-provider-azurerm_v5.0.0_x5: [DEBUG] Registering Data Sources for "Log Analytics"..
2026-09-01T18:26:59.660+0700 [DEBUG] provider.terraform-provider-azurerm_v5.0.0_x5: [DEBUG] Registering Resources for "Log Analytics"..
2026-09-01T18:26:59.660+0700 [DEBUG] provider.terraform-provider-azurerm_v5.0.0_x5: [DEBUG] Registering Data Sources for "Logic"..
2026-09-01T18:26:59.660+0700 [DEBUG] provider.terraform-provider-azurerm_v5.0.0_x5: [DEBUG] Registering Resources for "Logic"..
2026-09-01T18:26:59.660+0700 [DEBUG] provider.terraform-provider-azurerm_v5.0.0_x5: [DEBUG] Registering Data Sources for "Machine Learning"..
2026-09-01T18:26:59.660+0700 [DEBUG] provider.terraform-provider-azurerm_v5.0.0_x5: [DEBUG] Registering Resources for "Machine Learning"..
2026-09-01T18:26:59.660+0700 [DEBUG] provider.terraform-provider-azurerm_v5.0.0_x5: [DEBUG] Registering Data Sources for "Maintenance"..
2026-09-01T18:26:59.660+0700 [DEBUG] provider.terraform-provider-azurerm_v5.0.0_x5: [DEBUG] Registering Resources for "Maintenance"..
2026-09-01T18:26:59.660+0700 [DEBUG] provider.terraform-provider-azurerm_v5.0.0_x5: [DEBUG] Registering Data Sources for "Managed Applications"..
2026-09-01T18:26:59.660+0700 [DEBUG] provider.terraform-provider-azurerm_v5.0.0_x5: [DEBUG] Registering Resources for "Managed Applications"..
2026-09-01T18:26:59.660+0700 [DEBUG] provider.terraform-provider-azurerm_v5.0.0_x5: [DEBUG] Registering Data Sources for "Managed HSM"..
2026-09-01T18:26:59.660+0700 [DEBUG] provider.terraform-provider-azurerm_v5.0.0_x5: [DEBUG] Registering Resources for "Managed HSM"..
2026-09-01T18:26:59.660+0700 [DEBUG] provider.terraform-provider-azurerm_v5.0.0_x5: [DEBUG] Registering Data Sources for "ManagedIdentity"..
2026-09-01T18:26:59.660+0700 [DEBUG] provider.terraform-provider-azurerm_v5.0.0_x5: [DEBUG] Registering Resources for "ManagedIdentity"..
2026-09-01T18:26:59.660+0700 [DEBUG] provider.terraform-provider-azurerm_v5.0.0_x5: [DEBUG] Registering Data Sources for "Management Group"..
2026-09-01T18:26:59.660+0700 [DEBUG] provider.terraform-provider-azurerm_v5.0.0_x5: [DEBUG] Registering Resources for "Management Group"..
2026-09-01T18:26:59.661+0700 [DEBUG] provider.terraform-provider-azurerm_v5.0.0_x5: [DEBUG] Registering Data Sources for "Maps"..
2026-09-01T18:26:59.661+0700 [DEBUG] provider.terraform-provider-azurerm_v5.0.0_x5: [DEBUG] Registering Resources for "Maps"..
2026-09-01T18:26:59.661+0700 [DEBUG] provider.terraform-provider-azurerm_v5.0.0_x5: [DEBUG] Registering Data Sources for "Monitor"..
2026-09-01T18:26:59.661+0700 [DEBUG] provider.terraform-provider-azurerm_v5.0.0_x5: [DEBUG] Registering Resources for "Monitor"..
2026-09-01T18:26:59.661+0700 [DEBUG] provider.terraform-provider-azurerm_v5.0.0_x5: [DEBUG] Registering Data Sources for "Microsoft SQL Server / Azure SQL"..
2026-09-01T18:26:59.661+0700 [DEBUG] provider.terraform-provider-azurerm_v5.0.0_x5: [DEBUG] Registering Resources for "Microsoft SQL Server / Azure SQL"..
2026-09-01T18:26:59.661+0700 [DEBUG] provider.terraform-provider-azurerm_v5.0.0_x5: [DEBUG] Registering Data Sources for "Microsoft SQL Server Managed Instances"..
2026-09-01T18:26:59.661+0700 [DEBUG] provider.terraform-provider-azurerm_v5.0.0_x5: [DEBUG] Registering Resources for "Microsoft SQL Server Managed Instances"..
2026-09-01T18:26:59.661+0700 [DEBUG] provider.terraform-provider-azurerm_v5.0.0_x5: [DEBUG] Registering Data Sources for "MySQL"..
2026-09-01T18:26:59.661+0700 [DEBUG] provider.terraform-provider-azurerm_v5.0.0_x5: [DEBUG] Registering Resources for "MySQL"..
2026-09-01T18:26:59.661+0700 [DEBUG] provider.terraform-provider-azurerm_v5.0.0_x5: [DEBUG] Registering Data Sources for "NetApp"..
2026-09-01T18:26:59.662+0700 [DEBUG] provider.terraform-provider-azurerm_v5.0.0_x5: [DEBUG] Registering Resources for "NetApp"..
2026-09-01T18:26:59.662+0700 [DEBUG] provider.terraform-provider-azurerm_v5.0.0_x5: [DEBUG] Registering Data Sources for "Network"..
2026-09-01T18:26:59.662+0700 [DEBUG] provider.terraform-provider-azurerm_v5.0.0_x5: [DEBUG] Registering Resources for "Network"..
2026-09-01T18:26:59.663+0700 [DEBUG] provider.terraform-provider-azurerm_v5.0.0_x5: [DEBUG] Registering Data Sources for "Notification Hub"..
2026-09-01T18:26:59.663+0700 [DEBUG] provider.terraform-provider-azurerm_v5.0.0_x5: [DEBUG] Registering Resources for "Notification Hub"..
2026-09-01T18:26:59.663+0700 [DEBUG] provider.terraform-provider-azurerm_v5.0.0_x5: [DEBUG] Registering Data Sources for "Policy"..
2026-09-01T18:26:59.663+0700 [DEBUG] provider.terraform-provider-azurerm_v5.0.0_x5: [DEBUG] Registering Resources for "Policy"..
2026-09-01T18:26:59.663+0700 [DEBUG] provider.terraform-provider-azurerm_v5.0.0_x5: [DEBUG] Registering Data Sources for "Portal"..
2026-09-01T18:26:59.663+0700 [DEBUG] provider.terraform-provider-azurerm_v5.0.0_x5: [DEBUG] Registering Resources for "Portal"..
2026-09-01T18:26:59.663+0700 [DEBUG] provider.terraform-provider-azurerm_v5.0.0_x5: [DEBUG] Registering Data Sources for "PostgreSQL"..
2026-09-01T18:26:59.663+0700 [DEBUG] provider.terraform-provider-azurerm_v5.0.0_x5: [DEBUG] Registering Resources for "PostgreSQL"..
2026-09-01T18:26:59.663+0700 [DEBUG] provider.terraform-provider-azurerm_v5.0.0_x5: [DEBUG] Registering Data Sources for "PowerBI"..
2026-09-01T18:26:59.663+0700 [DEBUG] provider.terraform-provider-azurerm_v5.0.0_x5: [DEBUG] Registering Resources for "PowerBI"..
2026-09-01T18:26:59.663+0700 [DEBUG] provider.terraform-provider-azurerm_v5.0.0_x5: [DEBUG] Registering Data Sources for "Private DNS"..
2026-09-01T18:26:59.664+0700 [DEBUG] provider.terraform-provider-azurerm_v5.0.0_x5: [DEBUG] Registering Resources for "Private DNS"..
2026-09-01T18:26:59.664+0700 [DEBUG] provider.terraform-provider-azurerm_v5.0.0_x5: [DEBUG] Registering Data Sources for "Purview"..
2026-09-01T18:26:59.664+0700 [DEBUG] provider.terraform-provider-azurerm_v5.0.0_x5: [DEBUG] Registering Resources for "Purview"..
2026-09-01T18:26:59.664+0700 [DEBUG] provider.terraform-provider-azurerm_v5.0.0_x5: [DEBUG] Registering Data Sources for "Recovery Services"..
2026-09-01T18:26:59.664+0700 [DEBUG] provider.terraform-provider-azurerm_v5.0.0_x5: [DEBUG] Registering Resources for "Recovery Services"..
2026-09-01T18:26:59.664+0700 [DEBUG] provider.terraform-provider-azurerm_v5.0.0_x5: [DEBUG] Registering Data Sources for "Redis"..
2026-09-01T18:26:59.664+0700 [DEBUG] provider.terraform-provider-azurerm_v5.0.0_x5: [DEBUG] Registering Resources for "Redis"..
2026-09-01T18:26:59.664+0700 [DEBUG] provider.terraform-provider-azurerm_v5.0.0_x5: [DEBUG] Registering Data Sources for "Redis Enterprise"..
2026-09-01T18:26:59.664+0700 [DEBUG] provider.terraform-provider-azurerm_v5.0.0_x5: [DEBUG] Registering Resources for "Redis Enterprise"..
2026-09-01T18:26:59.664+0700 [DEBUG] provider.terraform-provider-azurerm_v5.0.0_x5: [DEBUG] Registering Data Sources for "Relay"..
2026-09-01T18:26:59.664+0700 [DEBUG] provider.terraform-provider-azurerm_v5.0.0_x5: [DEBUG] Registering Resources for "Relay"..
2026-09-01T18:26:59.664+0700 [DEBUG] provider.terraform-provider-azurerm_v5.0.0_x5: [DEBUG] Registering Data Sources for "Resources"..
2026-09-01T18:26:59.664+0700 [DEBUG] provider.terraform-provider-azurerm_v5.0.0_x5: [DEBUG] Registering Resources for "Resources"..
2026-09-01T18:26:59.664+0700 [DEBUG] provider.terraform-provider-azurerm_v5.0.0_x5: [DEBUG] Registering Data Sources for "Search"..
2026-09-01T18:26:59.664+0700 [DEBUG] provider.terraform-provider-azurerm_v5.0.0_x5: [DEBUG] Registering Resources for "Search"..
2026-09-01T18:26:59.664+0700 [DEBUG] provider.terraform-provider-azurerm_v5.0.0_x5: [DEBUG] Registering Data Sources for "Security Center"..
2026-09-01T18:26:59.664+0700 [DEBUG] provider.terraform-provider-azurerm_v5.0.0_x5: [DEBUG] Registering Resources for "Security Center"..
2026-09-01T18:26:59.664+0700 [DEBUG] provider.terraform-provider-azurerm_v5.0.0_x5: [DEBUG] Registering Data Sources for "Sentinel"..
2026-09-01T18:26:59.664+0700 [DEBUG] provider.terraform-provider-azurerm_v5.0.0_x5: [DEBUG] Registering Resources for "Sentinel"..
2026-09-01T18:26:59.664+0700 [DEBUG] provider.terraform-provider-azurerm_v5.0.0_x5: [DEBUG] Registering Data Sources for "ServiceBus"..
2026-09-01T18:26:59.665+0700 [DEBUG] provider.terraform-provider-azurerm_v5.0.0_x5: [DEBUG] Registering Resources for "ServiceBus"..
2026-09-01T18:26:59.665+0700 [DEBUG] provider.terraform-provider-azurerm_v5.0.0_x5: [DEBUG] Registering Data Sources for "Service Fabric"..
2026-09-01T18:26:59.665+0700 [DEBUG] provider.terraform-provider-azurerm_v5.0.0_x5: [DEBUG] Registering Resources for "Service Fabric"..
2026-09-01T18:26:59.665+0700 [DEBUG] provider.terraform-provider-azurerm_v5.0.0_x5: [DEBUG] Registering Data Sources for "SignalR"..
2026-09-01T18:26:59.665+0700 [DEBUG] provider.terraform-provider-azurerm_v5.0.0_x5: [DEBUG] Registering Resources for "SignalR"..
2026-09-01T18:26:59.665+0700 [DEBUG] provider.terraform-provider-azurerm_v5.0.0_x5: [DEBUG] Registering Data Sources for "Spring Cloud"..
2026-09-01T18:26:59.665+0700 [DEBUG] provider.terraform-provider-azurerm_v5.0.0_x5: [DEBUG] Registering Resources for "Spring Cloud"..
2026-09-01T18:26:59.666+0700 [DEBUG] provider.terraform-provider-azurerm_v5.0.0_x5: [DEBUG] Registering Data Sources for "Storage"..
2026-09-01T18:26:59.666+0700 [DEBUG] provider.terraform-provider-azurerm_v5.0.0_x5: [DEBUG] Registering Resources for "Storage"..
2026-09-01T18:26:59.666+0700 [DEBUG] provider.terraform-provider-azurerm_v5.0.0_x5: [DEBUG] Registering Data Sources for "Storage Cache"..
2026-09-01T18:26:59.666+0700 [DEBUG] provider.terraform-provider-azurerm_v5.0.0_x5: [DEBUG] Registering Resources for "Storage Cache"..
2026-09-01T18:26:59.666+0700 [DEBUG] provider.terraform-provider-azurerm_v5.0.0_x5: [DEBUG] Registering Data Sources for "Stream Analytics"..
2026-09-01T18:26:59.666+0700 [DEBUG] provider.terraform-provider-azurerm_v5.0.0_x5: [DEBUG] Registering Resources for "Stream Analytics"..
2026-09-01T18:26:59.666+0700 [DEBUG] provider.terraform-provider-azurerm_v5.0.0_x5: [DEBUG] Registering Data Sources for "Subscription"..
2026-09-01T18:26:59.667+0700 [DEBUG] provider.terraform-provider-azurerm_v5.0.0_x5: [DEBUG] Registering Resources for "Subscription"..
2026-09-01T18:26:59.667+0700 [DEBUG] provider.terraform-provider-azurerm_v5.0.0_x5: [DEBUG] Registering Data Sources for "Synapse"..
2026-09-01T18:26:59.667+0700 [DEBUG] provider.terraform-provider-azurerm_v5.0.0_x5: [DEBUG] Registering Resources for "Synapse"..
2026-09-01T18:26:59.667+0700 [DEBUG] provider.terraform-provider-azurerm_v5.0.0_x5: [DEBUG] Registering Data Sources for "Traffic Manager"..
2026-09-01T18:26:59.667+0700 [DEBUG] provider.terraform-provider-azurerm_v5.0.0_x5: [DEBUG] Registering Resources for "Traffic Manager"..
2026-09-01T18:26:59.667+0700 [DEBUG] provider.terraform-provider-azurerm_v5.0.0_x5: [DEBUG] Registering Data Sources for "VMware"..
2026-09-01T18:26:59.667+0700 [DEBUG] provider.terraform-provider-azurerm_v5.0.0_x5: [DEBUG] Registering Resources for "VMware"..
2026-09-01T18:26:59.667+0700 [DEBUG] provider.terraform-provider-azurerm_v5.0.0_x5: [DEBUG] Registering Data Sources for "Web"..
2026-09-01T18:26:59.667+0700 [DEBUG] provider.terraform-provider-azurerm_v5.0.0_x5: [DEBUG] Registering Resources for "Web"..
2026-09-01T18:26:59.668+0700 [INFO]  provider.terraform-provider-azurerm_v5.0.0_x5: configuring server automatic mTLS: timestamp="2026-09-01T18:26:59.668+0700"
2026-09-01T18:26:59.675+0700 [DEBUG] provider: using plugin: version=5
2026-09-01T18:26:59.675+0700 [DEBUG] provider.terraform-provider-azurerm_v5.0.0_x5: plugin address: address=/var/folders/dc/71w9ly4s1z5b3mp02_3x4pmm0000gn/T/plugin2540214496 network=unix timestamp="2026-09-01T18:26:59.674+0700"
2026-09-01T18:26:59.808+0700 [DEBUG] provider.stdio: received EOF, stopping recv loop: err="rpc error: code = Unavailable desc = error reading from server: EOF"
2026-09-01T18:26:59.812+0700 [INFO]  provider: plugin process exited: plugin=.terraform/providers/registry.terraform.io/hashicorp/azurerm/5.0.0/darwin_arm64/terraform-provider-azurerm_v5.0.0_x5 id=84283
2026-09-01T18:26:59.812+0700 [DEBUG] provider: plugin exited
2026-09-01T18:26:59.812+0700 [DEBUG] created provider logger: level=debug
2026-09-01T18:26:59.812+0700 [INFO]  provider: configuring client automatic mTLS
2026-09-01T18:26:59.815+0700 [DEBUG] provider: starting plugin: path=.terraform/providers/registry.terraform.io/hashicorp/local/2.9.0/darwin_arm64/terraform-provider-local_v2.9.0_x5 args=[".terraform/providers/registry.terraform.io/hashicorp/local/2.9.0/darwin_arm64/terraform-provider-local_v2.9.0_x5"]
2026-09-01T18:26:59.817+0700 [DEBUG] provider: plugin started: path=.terraform/providers/registry.terraform.io/hashicorp/local/2.9.0/darwin_arm64/terraform-provider-local_v2.9.0_x5 pid=84284
2026-09-01T18:26:59.817+0700 [DEBUG] provider: waiting for RPC address: plugin=.terraform/providers/registry.terraform.io/hashicorp/local/2.9.0/darwin_arm64/terraform-provider-local_v2.9.0_x5
2026-09-01T18:26:59.839+0700 [INFO]  provider.terraform-provider-local_v2.9.0_x5: configuring server automatic mTLS: timestamp="2026-09-01T18:26:59.839+0700"
2026-09-01T18:26:59.845+0700 [DEBUG] provider: using plugin: version=5
2026-09-01T18:26:59.845+0700 [DEBUG] provider.terraform-provider-local_v2.9.0_x5: plugin address: address=/var/folders/dc/71w9ly4s1z5b3mp02_3x4pmm0000gn/T/plugin3094188999 network=unix timestamp="2026-09-01T18:26:59.845+0700"
2026-09-01T18:26:59.853+0700 [DEBUG] No provider meta schema returned
2026-09-01T18:26:59.854+0700 [DEBUG] provider.stdio: received EOF, stopping recv loop: err="rpc error: code = Unavailable desc = error reading from server: EOF"
2026-09-01T18:26:59.855+0700 [INFO]  provider: plugin process exited: plugin=.terraform/providers/registry.terraform.io/hashicorp/local/2.9.0/darwin_arm64/terraform-provider-local_v2.9.0_x5 id=84284
2026-09-01T18:26:59.855+0700 [DEBUG] provider: plugin exited
2026-09-01T18:26:59.856+0700 [DEBUG] Building and walking validate graph
2026-09-01T18:26:59.858+0700 [DEBUG] ProviderTransformer: "data.aws_caller_identity.master-aws-account" (*terraform.NodeValidatableResource) needs provider["registry.terraform.io/hashicorp/aws"]
2026-09-01T18:26:59.858+0700 [DEBUG] pruning unused provider["registry.terraform.io/hashicorp/local"]
2026-09-01T18:26:59.858+0700 [DEBUG] pruning unused provider["registry.terraform.io/hashicorp/azurerm"]
2026-09-01T18:26:59.858+0700 [DEBUG] ReferenceTransformer: "data.aws_caller_identity.master-aws-account" references: []
2026-09-01T18:26:59.858+0700 [DEBUG] ReferenceTransformer: "output.account_id (expand)" references: [data.aws_caller_identity.master-aws-account]
2026-09-01T18:26:59.858+0700 [DEBUG] ReferenceTransformer: "output.account_id (expand)" references: data.aws_caller_identity.master-aws-account
2026-09-01T18:26:59.858+0700 [DEBUG] ReferenceTransformer: "output.caller_user (expand)" references: [data.aws_caller_identity.master-aws-account]
2026-09-01T18:26:59.858+0700 [DEBUG] ReferenceTransformer: "output.caller_user (expand)" references: data.aws_caller_identity.master-aws-account
2026-09-01T18:26:59.858+0700 [DEBUG] ReferenceTransformer: "output.arn (expand)" references: [data.aws_caller_identity.master-aws-account]
2026-09-01T18:26:59.858+0700 [DEBUG] ReferenceTransformer: "output.arn (expand)" references: data.aws_caller_identity.master-aws-account
2026-09-01T18:26:59.858+0700 [DEBUG] ReferenceTransformer: "provider[\"registry.terraform.io/hashicorp/aws\"]" references: []
2026-09-01T18:26:59.859+0700 [DEBUG] Starting graph walk: walkValidate
2026-09-01T18:26:59.860+0700 [DEBUG] created provider logger: level=debug
2026-09-01T18:26:59.860+0700 [INFO]  provider: configuring client automatic mTLS
2026-09-01T18:26:59.864+0700 [DEBUG] provider: starting plugin: path=.terraform/providers/registry.terraform.io/hashicorp/aws/6.62.0/darwin_arm64/terraform-provider-aws_v6.62.0_x5 args=[".terraform/providers/registry.terraform.io/hashicorp/aws/6.62.0/darwin_arm64/terraform-provider-aws_v6.62.0_x5"]
2026-09-01T18:26:59.876+0700 [DEBUG] provider: plugin started: path=.terraform/providers/registry.terraform.io/hashicorp/aws/6.62.0/darwin_arm64/terraform-provider-aws_v6.62.0_x5 pid=84286
2026-09-01T18:26:59.876+0700 [DEBUG] provider: waiting for RPC address: plugin=.terraform/providers/registry.terraform.io/hashicorp/aws/6.62.0/darwin_arm64/terraform-provider-aws_v6.62.0_x5
2026-09-01T18:27:00.007+0700 [DEBUG] provider.terraform-provider-aws_v6.62.0_x5: Starting github.com/hashicorp/terraform-provider-aws@6.62.0 (go1.26.6)...
2026-09-01T18:27:00.007+0700 [DEBUG] provider.terraform-provider-aws_v6.62.0_x5: Creating Terraform AWS Provider (SDKv2-style)...
2026-09-01T18:27:00.007+0700 [DEBUG] provider.terraform-provider-aws_v6.62.0_x5: Initializing Terraform AWS Provider (SDKv2-style)...
2026-09-01T18:27:00.024+0700 [DEBUG] provider.terraform-provider-aws_v6.62.0_x5: Creating Terraform AWS Provider (Framework-style)...
2026-09-01T18:27:00.024+0700 [DEBUG] provider.terraform-provider-aws_v6.62.0_x5: Initializing Terraform AWS Provider (Framework-style)...
2026-09-01T18:27:00.026+0700 [INFO]  provider.terraform-provider-aws_v6.62.0_x5: configuring server automatic mTLS: timestamp="2026-09-01T18:27:00.026+0700"
2026-09-01T18:27:00.032+0700 [DEBUG] provider: using plugin: version=5
2026-09-01T18:27:00.032+0700 [DEBUG] provider.terraform-provider-aws_v6.62.0_x5: plugin address: address=/var/folders/dc/71w9ly4s1z5b3mp02_3x4pmm0000gn/T/plugin1081062386 network=unix timestamp="2026-09-01T18:27:00.032+0700"
2026-09-01T18:27:00.121+0700 [DEBUG] provider.stdio: received EOF, stopping recv loop: err="rpc error: code = Unavailable desc = error reading from server: EOF"
2026-09-01T18:27:00.129+0700 [INFO]  provider: plugin process exited: plugin=.terraform/providers/registry.terraform.io/hashicorp/aws/6.62.0/darwin_arm64/terraform-provider-aws_v6.62.0_x5 id=84286
2026-09-01T18:27:00.129+0700 [DEBUG] provider: plugin exited
2026-09-01T18:27:00.130+0700 [INFO]  backend/local: apply calling Plan
2026-09-01T18:27:00.130+0700 [DEBUG] Building and walking plan graph for NormalMode
2026-09-01T18:27:00.131+0700 [DEBUG] ProviderTransformer: "data.aws_caller_identity.master-aws-account (expand)" (*terraform.nodeExpandPlannableResource) needs provider["registry.terraform.io/hashicorp/aws"]
2026-09-01T18:27:00.131+0700 [DEBUG] pruning unused provider["registry.terraform.io/hashicorp/azurerm"]
2026-09-01T18:27:00.131+0700 [DEBUG] pruning unused provider["registry.terraform.io/hashicorp/local"]
2026-09-01T18:27:00.131+0700 [DEBUG] ReferenceTransformer: "output.caller_user (expand)" references: [data.aws_caller_identity.master-aws-account (expand)]
2026-09-01T18:27:00.131+0700 [DEBUG] ReferenceTransformer: "output.caller_user (expand)" references: data.aws_caller_identity.master-aws-account (expand)
2026-09-01T18:27:00.131+0700 [DEBUG] ReferenceTransformer: "output.arn (expand)" references: [data.aws_caller_identity.master-aws-account (expand)]
2026-09-01T18:27:00.131+0700 [DEBUG] ReferenceTransformer: "output.arn (expand)" references: data.aws_caller_identity.master-aws-account (expand)
2026-09-01T18:27:00.131+0700 [DEBUG] ReferenceTransformer: "output.account_id (expand)" references: [data.aws_caller_identity.master-aws-account (expand)]
2026-09-01T18:27:00.131+0700 [DEBUG] ReferenceTransformer: "output.account_id (expand)" references: data.aws_caller_identity.master-aws-account (expand)
2026-09-01T18:27:00.131+0700 [DEBUG] ReferenceTransformer: "output.caller_arn (destroy)" references: []
2026-09-01T18:27:00.131+0700 [DEBUG] ReferenceTransformer: "provider[\"registry.terraform.io/hashicorp/aws\"]" references: []
2026-09-01T18:27:00.131+0700 [DEBUG] ReferenceTransformer: "data.aws_caller_identity.master-aws-account (expand)" references: []
2026-09-01T18:27:00.131+0700 [DEBUG] Starting graph walk: walkPlan
2026-09-01T18:27:00.131+0700 [DEBUG] created provider logger: level=debug
2026-09-01T18:27:00.131+0700 [INFO]  provider: configuring client automatic mTLS
2026-09-01T18:27:00.134+0700 [DEBUG] provider: starting plugin: path=.terraform/providers/registry.terraform.io/hashicorp/aws/6.62.0/darwin_arm64/terraform-provider-aws_v6.62.0_x5 args=[".terraform/providers/registry.terraform.io/hashicorp/aws/6.62.0/darwin_arm64/terraform-provider-aws_v6.62.0_x5"]
2026-09-01T18:27:00.146+0700 [DEBUG] provider: plugin started: path=.terraform/providers/registry.terraform.io/hashicorp/aws/6.62.0/darwin_arm64/terraform-provider-aws_v6.62.0_x5 pid=84297
2026-09-01T18:27:00.146+0700 [DEBUG] provider: waiting for RPC address: plugin=.terraform/providers/registry.terraform.io/hashicorp/aws/6.62.0/darwin_arm64/terraform-provider-aws_v6.62.0_x5
2026-09-01T18:27:00.280+0700 [DEBUG] provider.terraform-provider-aws_v6.62.0_x5: Starting github.com/hashicorp/terraform-provider-aws@6.62.0 (go1.26.6)...
2026-09-01T18:27:00.280+0700 [DEBUG] provider.terraform-provider-aws_v6.62.0_x5: Creating Terraform AWS Provider (SDKv2-style)...
2026-09-01T18:27:00.281+0700 [DEBUG] provider.terraform-provider-aws_v6.62.0_x5: Initializing Terraform AWS Provider (SDKv2-style)...
2026-09-01T18:27:00.302+0700 [DEBUG] provider.terraform-provider-aws_v6.62.0_x5: Creating Terraform AWS Provider (Framework-style)...
2026-09-01T18:27:00.302+0700 [DEBUG] provider.terraform-provider-aws_v6.62.0_x5: Initializing Terraform AWS Provider (Framework-style)...
2026-09-01T18:27:00.304+0700 [INFO]  provider.terraform-provider-aws_v6.62.0_x5: configuring server automatic mTLS: timestamp="2026-09-01T18:27:00.304+0700"
2026-09-01T18:27:00.310+0700 [DEBUG] provider: using plugin: version=5
2026-09-01T18:27:00.310+0700 [DEBUG] provider.terraform-provider-aws_v6.62.0_x5: plugin address: address=/var/folders/dc/71w9ly4s1z5b3mp02_3x4pmm0000gn/T/plugin214220818 network=unix timestamp="2026-09-01T18:27:00.310+0700"
2026-09-01T18:27:00.375+0700 [DEBUG] provider.terraform-provider-aws_v6.62.0_x5: Configuring Terraform AWS Provider: @caller=github.com/hashicorp/terraform-provider-aws/internal/conns/config.go:150 @module=aws tf_mux_provider="*schema.GRPCProviderServer" tf_req_id=91fe5575-e910-ed88-3867-d96b775dfb2d tf_rpc=ConfigureProvider tf_provider_addr=registry.terraform.io/hashicorp/aws timestamp="2026-09-01T18:27:00.375+0700"
2026-09-01T18:27:00.375+0700 [DEBUG] provider.terraform-provider-aws_v6.62.0_x5: Resolving credentials provider: @module=aws.aws-base tf_provider_addr=registry.terraform.io/hashicorp/aws tf_req_id=91fe5575-e910-ed88-3867-d96b775dfb2d tf_rpc=ConfigureProvider @caller=github.com/hashicorp/aws-sdk-go-base/v2@v2.0.0-beta.73/logging/tf_logger.go:47 tf_mux_provider="*schema.GRPCProviderServer" timestamp="2026-09-01T18:27:00.375+0700"
2026-09-01T18:27:00.375+0700 [DEBUG] provider.terraform-provider-aws_v6.62.0_x5: Setting profile: tf_rpc=ConfigureProvider @caller=github.com/hashicorp/aws-sdk-go-base/v2@v2.0.0-beta.73/logging/tf_logger.go:47 @module=aws.aws-base tf_mux_provider="*schema.GRPCProviderServer" tf_provider_addr=registry.terraform.io/hashicorp/aws tf_req_id=91fe5575-e910-ed88-3867-d96b775dfb2d tf_aws.profile=master-programmatic-admin-role tf_aws.profile.source=provider timestamp="2026-09-01T18:27:00.375+0700"
2026-09-01T18:27:00.375+0700 [DEBUG] provider.terraform-provider-aws_v6.62.0_x5: Loading configuration: tf_mux_provider="*schema.GRPCProviderServer" tf_provider_addr=registry.terraform.io/hashicorp/aws @caller=github.com/hashicorp/aws-sdk-go-base/v2@v2.0.0-beta.73/logging/tf_logger.go:47 @module=aws.aws-base tf_req_id=91fe5575-e910-ed88-3867-d96b775dfb2d tf_rpc=ConfigureProvider timestamp="2026-09-01T18:27:00.375+0700"
2026-09-01T18:27:00.377+0700 [DEBUG] provider.terraform-provider-aws_v6.62.0_x5: Retrieving credentials: tf_req_id=91fe5575-e910-ed88-3867-d96b775dfb2d tf_mux_provider="*schema.GRPCProviderServer" tf_rpc=ConfigureProvider @caller=github.com/hashicorp/aws-sdk-go-base/v2@v2.0.0-beta.73/logging/tf_logger.go:47 @module=aws.aws-base tf_provider_addr=registry.terraform.io/hashicorp/aws timestamp="2026-09-01T18:27:00.377+0700"
2026-09-01T18:27:00.378+0700 [DEBUG] provider.terraform-provider-aws_v6.62.0_x5: HTTP Request Sent: http.method=POST http.user_agent="APN/1.0 HashiCorp/1.0 Terraform/1.16.0 (+https://www.terraform.io) terraform-provider-aws/6.62.0 (+https://registry.terraform.io/providers/hashicorp/aws) aws-sdk-go-v2/1.43.7 ua/2.1 os/macos lang/go#1.26.6 md/GOOS#darwin md/GOARCH#arm64 api/sts#1.45.7 m/n,o" net.peer.name=sts.ap-southeast-1.amazonaws.com tf_rpc=ConfigureProvider @caller=github.com/hashicorp/aws-sdk-go-base/v2@v2.0.0-beta.73/logging/tf_logger.go:47 http.request.header.amz_sdk_invocation_id=247707f3-2c05-4350-a42e-3668a0d3cc3a http.request.header.authorization="AWS4-HMAC-SHA256 Credential=AKIA************QVVS/20260901/ap-southeast-1/sts/aws4_request, SignedHeaders=amz-sdk-invocation-id;amz-sdk-request;content-length;content-type;host;x-amz-date, Signature=*****" http.request.header.content_type=application/x-www-form-urlencoded rpc.method=STS/AssumeRole tf_aws.sdk=aws-sdk-go-v2 @module=aws.aws-base
  http.request.body=
  | Action=AssumeRole&DurationSeconds=900&RoleArn=arn%3Aaws%3Aiam%3A%3A767397956626%3Arole%2Fmaster-programmatic-admin-role&RoleSessionName=aws-go-sdk-1788262020377140000&Version=2011-06-15
   http.request.header.x_amz_date=20260901T112700Z rpc.system.name=aws-api tf_aws.signing_region="" tf_mux_provider="*schema.GRPCProviderServer" tf_provider_addr=registry.terraform.io/hashicorp/aws http.request_content_length=185 aws.region=ap-southeast-1 http.request.header.amz_sdk_request="attempt=1; max=3" http.url=https://sts.ap-southeast-1.amazonaws.com/ tf_req_id=91fe5575-e910-ed88-3867-d96b775dfb2d timestamp="2026-09-01T18:27:00.378+0700"
2026-09-01T18:27:00.680+0700 [DEBUG] provider.terraform-provider-aws_v6.62.0_x5: HTTP Response Received: @caller=github.com/hashicorp/aws-sdk-go-base/v2@v2.0.0-beta.73/logging/tf_logger.go:47 http.response.header.content_type=text/xml http.response.header.date="Tue, 01 Sep 2026 11:27:00 GMT" tf_aws.sdk=aws-sdk-go-v2 tf_provider_addr=registry.terraform.io/hashicorp/aws http.response.header.x_amz_sts_extended_request_id=MTphcC1zb3V0aGVhc3QtMTpTOjE3ODgyNjIwMjA3NDk6UjpROVI1bkF0TQ== http.status_code=200 rpc.method=STS/AssumeRole tf_aws.signing_region="" @module=aws.aws-base aws.region=ap-southeast-1 http.response.header.x_amzn_requestid=5626f909-4521-4c7f-b727-e98f5e3100ca rpc.system.name=aws-api tf_mux_provider="*schema.GRPCProviderServer" http.duration=301
  http.response.body=
  | <AssumeRoleResponse xmlns="https://sts.amazonaws.com/doc/2011-06-15/">
  |   <AssumeRoleResult>
  |     <AssumedRoleUser>
  |       <AssumedRoleId>AROA*************CJFM:aws-go-sdk-1788262020377140000</AssumedRoleId>
  |       <Arn>arn:aws:sts::767397956626:assumed-role/master-programmatic-admin-role/aws-go-sdk-1788262020377140000</Arn>
  |     </AssumedRoleUser>
  |     <Credentials>
  |       <AccessKeyId>ASIA************N6TY</AccessKeyId>
  |       <SecretAccessKey>tDx2********************************mdy0</SecretAccessKey>
  |       <SessionToken>IQoJb3JpZ2luX2VjEOT//////////wEaDmFwLXNvdXRoZWFzdC0xIkcwRQIgKbXfcV6JHn/AZcQHejtaumLxKqAGkk9bz2/VqyuFJq0CIQCRtZZH3hV8M7a4vKxWTOWm0/QAkJ8e4QgPYWagXwl/jSq0Agit//////////8BEAAaDDc2NzM5Nzk1NjYyNiIMcvqd1C+lS+S6NbrgKogCdKmZuSOs49b4dNY533KwnqlqrOuEqdhy4fpfkOMEQwPbIoJl0oJIRkfd/AoJUeAGXngYQPHCQPYYZn1odpf7eJ8J7AAWbPrVk1QvX2T7WRx/Q3hqa25aduk8jT3Pr6JLMuKWhdnHhUy9ufiWE+xKjggGjBJO1ygayVVwj4tK4z55fKsttvNZsUrUFLu3UzdlndMV+HWOxlmQApwmSba/dGFbDNPNHUtELyYQlego7CRDSa31/44Z+RfdtyVDZhQjCj1U2YqnuKLwGxF5k3YQPX04XEDCvj5exPd/IrIP370xDsA3SRpfV7M8v4D+QKQ1eB5UNt7bRSs3asfrFQ4ciMQEhnwTPj9wMITt2tQGOp0BQzwpEkll3QsV2yknbznAb5gTZTu0+Jhx16prpWLfF1NWzjensgVqwqpzSK3Ftk5mOFAo4XzsElWlf3KHybS76neKqL9gM9+S0PUj6blHGWZxmT98Flpy3NxY8iuvx3yPBaMQuaIk40V2OfLmiGpvO+g/5rc3LlPCkpxuukgERer/T70Ja1+kxwkWGLnqZA0tKirjnNtYzfGJd0yUKw==</SessionToken>
  |       <Expiration>2026-09-01T11:42:00Z</Expiration>
  |     </Credentials>
  |   </AssumeRoleResult>
  |   <ResponseMetadata>
  |     <RequestId>5626f909-4521-4c7f-b727-e98f5e3100ca</RequestId>
  |   </ResponseMetadata>
  | </AssumeRoleResponse>
   http.response_content_length=1545 tf_req_id=91fe5575-e910-ed88-3867-d96b775dfb2d tf_rpc=ConfigureProvider timestamp="2026-09-01T18:27:00.679+0700"
2026-09-01T18:27:00.680+0700 [INFO]  provider.terraform-provider-aws_v6.62.0_x5: Retrieved credentials: @module=aws.aws-base tf_aws.credentials_source=AssumeRoleProvider tf_req_id=91fe5575-e910-ed88-3867-d96b775dfb2d tf_rpc=ConfigureProvider @caller=github.com/hashicorp/aws-sdk-go-base/v2@v2.0.0-beta.73/logging/tf_logger.go:39 tf_mux_provider="*schema.GRPCProviderServer" tf_provider_addr=registry.terraform.io/hashicorp/aws timestamp="2026-09-01T18:27:00.680+0700"
2026-09-01T18:27:00.680+0700 [DEBUG] provider.terraform-provider-aws_v6.62.0_x5: Loading configuration: @module=aws.aws-base tf_mux_provider="*schema.GRPCProviderServer" tf_provider_addr=registry.terraform.io/hashicorp/aws tf_req_id=91fe5575-e910-ed88-3867-d96b775dfb2d tf_rpc=ConfigureProvider @caller=github.com/hashicorp/aws-sdk-go-base/v2@v2.0.0-beta.73/logging/tf_logger.go:47 timestamp="2026-09-01T18:27:00.680+0700"
2026-09-01T18:27:00.681+0700 [DEBUG] provider.terraform-provider-aws_v6.62.0_x5: Retrieving AWS account details: @module=aws tf_mux_provider="*schema.GRPCProviderServer" tf_req_id=91fe5575-e910-ed88-3867-d96b775dfb2d tf_rpc=ConfigureProvider @caller=github.com/hashicorp/terraform-provider-aws/internal/conns/config.go:188 tf_provider_addr=registry.terraform.io/hashicorp/aws timestamp="2026-09-01T18:27:00.681+0700"
2026-09-01T18:27:00.681+0700 [DEBUG] provider.terraform-provider-aws_v6.62.0_x5: Retrieving caller identity from STS: @caller=github.com/hashicorp/aws-sdk-go-base/v2@v2.0.0-beta.73/logging/tf_logger.go:47 tf_mux_provider="*schema.GRPCProviderServer" tf_provider_addr=registry.terraform.io/hashicorp/aws @module=aws.aws-base tf_req_id=91fe5575-e910-ed88-3867-d96b775dfb2d tf_rpc=ConfigureProvider timestamp="2026-09-01T18:27:00.681+0700"
2026-09-01T18:27:00.682+0700 [DEBUG] provider.terraform-provider-aws_v6.62.0_x5: HTTP Request Sent: http.url=https://sts.ap-southeast-1.amazonaws.com/ tf_aws.signing_region="" tf_provider_addr=registry.terraform.io/hashicorp/aws @caller=github.com/hashicorp/aws-sdk-go-base/v2@v2.0.0-beta.73/logging/tf_logger.go:47 @module=aws.aws-base
  http.request.body=
  | Action=GetCallerIdentity&Version=2011-06-15
   http.request.header.authorization="AWS4-HMAC-SHA256 Credential=ASIA************N6TY/20260901/ap-southeast-1/sts/aws4_request, SignedHeaders=amz-sdk-invocation-id;amz-sdk-request;content-length;content-type;host;x-amz-date;x-amz-security-token, Signature=*****" http.request.header.x_amz_security_token="*****" net.peer.name=sts.ap-southeast-1.amazonaws.com http.request.header.x_amz_date=20260901T112700Z http.user_agent="APN/1.0 HashiCorp/1.0 Terraform/1.16.0 (+https://www.terraform.io) terraform-provider-aws/6.62.0 (+https://registry.terraform.io/providers/hashicorp/aws) aws-sdk-go-v2/1.43.7 ua/2.1 os/macos lang/go#1.26.6 md/GOOS#darwin md/GOARCH#arm64 api/sts#1.45.7 m/i,n,o" rpc.method=STS/GetCallerIdentity rpc.system.name=aws-api tf_aws.sdk=aws-sdk-go-v2 tf_mux_provider="*schema.GRPCProviderServer" tf_req_id=91fe5575-e910-ed88-3867-d96b775dfb2d tf_rpc=ConfigureProvider http.request.header.content_type=application/x-www-form-urlencoded http.request_content_length=43 aws.region=ap-southeast-1 http.method=POST http.request.header.amz_sdk_invocation_id=4385afdf-6048-4557-a24b-9f5832bc9bad http.request.header.amz_sdk_request="attempt=1; max=25" timestamp="2026-09-01T18:27:00.682+0700"
2026-09-01T18:27:00.843+0700 [DEBUG] provider.terraform-provider-aws_v6.62.0_x5: HTTP Response Received: @caller=github.com/hashicorp/aws-sdk-go-base/v2@v2.0.0-beta.73/logging/tf_logger.go:47 @module=aws.aws-base http.response.header.date="Tue, 01 Sep 2026 11:27:00 GMT" rpc.system.name=aws-api http.duration=160 http.response.header.content_type=text/xml http.response.header.x_amz_sts_extended_request_id=MTphcC1zb3V0aGVhc3QtMTpTOjE3ODgyNjIwMjA5MjY6Ujp4YUtSWGxtQg== http.response_content_length=497 http.status_code=200 rpc.method=STS/GetCallerIdentity tf_aws.signing_region=""
  http.response.body=
  | <GetCallerIdentityResponse xmlns="https://sts.amazonaws.com/doc/2011-06-15/">
  |   <GetCallerIdentityResult>
  |     <Arn>arn:aws:sts::767397956626:assumed-role/master-programmatic-admin-role/aws-go-sdk-1788262020377140000</Arn>
  |     <UserId>AROA*************CJFM:aws-go-sdk-1788262020377140000</UserId>
  |     <Account>767397956626</Account>
  |   </GetCallerIdentityResult>
  |   <ResponseMetadata>
  |     <RequestId>9eaa541b-b96a-4cbc-a4b0-b1cdfb4d87b8</RequestId>
  |   </ResponseMetadata>
  | </GetCallerIdentityResponse>
   tf_provider_addr=registry.terraform.io/hashicorp/aws aws.region=ap-southeast-1 http.response.header.x_amzn_requestid=9eaa541b-b96a-4cbc-a4b0-b1cdfb4d87b8 tf_aws.sdk=aws-sdk-go-v2 tf_mux_provider="*schema.GRPCProviderServer" tf_req_id=91fe5575-e910-ed88-3867-d96b775dfb2d tf_rpc=ConfigureProvider timestamp="2026-09-01T18:27:00.843+0700"
2026-09-01T18:27:00.844+0700 [INFO]  provider.terraform-provider-aws_v6.62.0_x5: Retrieved caller identity from STS: tf_rpc=ConfigureProvider tf_mux_provider="*schema.GRPCProviderServer" tf_req_id=91fe5575-e910-ed88-3867-d96b775dfb2d @caller=github.com/hashicorp/aws-sdk-go-base/v2@v2.0.0-beta.73/logging/tf_logger.go:39 @module=aws.aws-base tf_provider_addr=registry.terraform.io/hashicorp/aws timestamp="2026-09-01T18:27:00.844+0700"
2026-09-01T18:27:00.847+0700 [DEBUG] No policy client configured, skipping policy evaluation for provider["registry.terraform.io/hashicorp/aws"]
2026-09-01T18:27:00.881+0700 [DEBUG] provider.terraform-provider-aws_v6.62.0_x5: HTTP Request Sent: http.url=https://sts.ap-southeast-1.amazonaws.com/ http.user_agent="APN/1.0 HashiCorp/1.0 Terraform/1.16.0 (+https://www.terraform.io) terraform-provider-aws/6.62.0 (+https://registry.terraform.io/providers/hashicorp/aws) aws-sdk-go-v2/1.43.7 ua/2.1 os/macos lang/go#1.26.6 md/GOOS#darwin md/GOARCH#arm64 api/sts#1.45.7 m/i,n,o" net.peer.name=sts.ap-southeast-1.amazonaws.com http.request.header.amz_sdk_invocation_id=e303c653-4ba3-4d5b-85c2-9c62524a50ce rpc.method=STS/GetCallerIdentity rpc.system.name=aws-api tf_req_id=b6be3b53-3f16-173d-12c4-274265bce6c5 http.request.header.authorization="AWS4-HMAC-SHA256 Credential=ASIA************N6TY/20260901/ap-southeast-1/sts/aws4_request, SignedHeaders=amz-sdk-invocation-id;amz-sdk-request;content-length;content-type;host;x-amz-date;x-amz-security-token, Signature=*****" http.request_content_length=43 tf_aws.sdk=aws-sdk-go-v2 tf_aws.signing_region="" tf_data_source_type=aws_caller_identity tf_mux_provider="*proto5server.Server" aws.region=ap-southeast-1 http.method=POST http.request.header.content_type=application/x-www-form-urlencoded http.request.header.x_amz_date=20260901T112700Z http.request.header.x_amz_security_token="*****" tf_provider_addr=registry.terraform.io/hashicorp/aws tf_rpc=ReadDataSource @caller=github.com/hashicorp/aws-sdk-go-base/v2@v2.0.0-beta.73/logging/tf_logger.go:45 @module=aws
  http.request.body=
  | Action=GetCallerIdentity&Version=2011-06-15
   http.request.header.amz_sdk_request="attempt=1; max=25" timestamp="2026-09-01T18:27:00.881+0700"
2026-09-01T18:27:00.922+0700 [DEBUG] provider.terraform-provider-aws_v6.62.0_x5: HTTP Response Received: http.response.header.content_type=text/xml rpc.system.name=aws-api tf_provider_addr=registry.terraform.io/hashicorp/aws
  http.response.body=
  | <GetCallerIdentityResponse xmlns="https://sts.amazonaws.com/doc/2011-06-15/">
  |   <GetCallerIdentityResult>
  |     <Arn>arn:aws:sts::767397956626:assumed-role/master-programmatic-admin-role/aws-go-sdk-1788262020377140000</Arn>
  |     <UserId>AROA*************CJFM:aws-go-sdk-1788262020377140000</UserId>
  |     <Account>767397956626</Account>
  |   </GetCallerIdentityResult>
  |   <ResponseMetadata>
  |     <RequestId>52efc1b8-4a2a-4f77-8306-799fcfbb0d72</RequestId>
  |   </ResponseMetadata>
  | </GetCallerIdentityResponse>
   http.response.header.date="Tue, 01 Sep 2026 11:27:01 GMT" rpc.method=STS/GetCallerIdentity aws.region=ap-southeast-1 http.response.header.x_amzn_requestid=52efc1b8-4a2a-4f77-8306-799fcfbb0d72 http.response_content_length=497 tf_data_source_type=aws_caller_identity tf_mux_provider="*proto5server.Server" tf_rpc=ReadDataSource http.response.header.x_amz_sts_extended_request_id=MTphcC1zb3V0aGVhc3QtMTpTOjE3ODgyNjIwMjEwMTE6UjpqelVjVGNpYw== tf_aws.sdk=aws-sdk-go-v2 tf_aws.signing_region="" tf_req_id=b6be3b53-3f16-173d-12c4-274265bce6c5 http.status_code=200 @caller=github.com/hashicorp/aws-sdk-go-base/v2@v2.0.0-beta.73/logging/tf_logger.go:45 @module=aws http.duration=41 timestamp="2026-09-01T18:27:00.922+0700"
2026-09-01T18:27:00.924+0700 [DEBUG] provider.stdio: received EOF, stopping recv loop: err="rpc error: code = Unavailable desc = error reading from server: EOF"
2026-09-01T18:27:00.934+0700 [INFO]  provider: plugin process exited: plugin=.terraform/providers/registry.terraform.io/hashicorp/aws/6.62.0/darwin_arm64/terraform-provider-aws_v6.62.0_x5 id=84297
2026-09-01T18:27:00.934+0700 [DEBUG] provider: plugin exited
2026-09-01T18:27:00.934+0700 [DEBUG] building apply graph to check for errors
2026-09-01T18:27:00.935+0700 [DEBUG] ProviderTransformer: "data.aws_caller_identity.master-aws-account (expand)" (*terraform.nodeExpandApplyableResource) needs provider["registry.terraform.io/hashicorp/aws"]
2026-09-01T18:27:00.935+0700 [DEBUG] pruning unused provider["registry.terraform.io/hashicorp/azurerm"]
2026-09-01T18:27:00.935+0700 [DEBUG] pruning unused provider["registry.terraform.io/hashicorp/local"]
2026-09-01T18:27:00.935+0700 [DEBUG] ReferenceTransformer: "output.caller_arn (destroy)" references: []
2026-09-01T18:27:00.935+0700 [DEBUG] ReferenceTransformer: "provider[\"registry.terraform.io/hashicorp/aws\"]" references: []
2026-09-01T18:27:00.935+0700 [DEBUG] ReferenceTransformer: "data.aws_caller_identity.master-aws-account (expand)" references: []
2026-09-01T18:27:00.935+0700 [DEBUG] ReferenceTransformer: "output.account_id (expand)" references: [data.aws_caller_identity.master-aws-account (expand)]
2026-09-01T18:27:00.935+0700 [DEBUG] ReferenceTransformer: "output.account_id (expand)" references: data.aws_caller_identity.master-aws-account (expand)
2026-09-01T18:27:00.935+0700 [DEBUG] ReferenceTransformer: "output.caller_user (expand)" references: [data.aws_caller_identity.master-aws-account (expand)]
2026-09-01T18:27:00.935+0700 [DEBUG] ReferenceTransformer: "output.caller_user (expand)" references: data.aws_caller_identity.master-aws-account (expand)
2026-09-01T18:27:00.935+0700 [DEBUG] ReferenceTransformer: "output.arn (expand)" references: [data.aws_caller_identity.master-aws-account (expand)]
2026-09-01T18:27:00.935+0700 [DEBUG] ReferenceTransformer: "output.arn (expand)" references: data.aws_caller_identity.master-aws-account (expand)
2026-09-01T18:27:01.041+0700 [INFO]  backend/local: apply calling Apply
2026-09-01T18:27:01.041+0700 [DEBUG] Building and walking apply graph for NormalMode plan
2026-09-01T18:27:01.041+0700 [DEBUG] ProviderTransformer: "data.aws_caller_identity.master-aws-account (expand)" (*terraform.nodeExpandApplyableResource) needs provider["registry.terraform.io/hashicorp/aws"]
2026-09-01T18:27:01.041+0700 [DEBUG] pruning unused provider["registry.terraform.io/hashicorp/azurerm"]
2026-09-01T18:27:01.041+0700 [DEBUG] pruning unused provider["registry.terraform.io/hashicorp/local"]
2026-09-01T18:27:01.041+0700 [DEBUG] ReferenceTransformer: "output.caller_user (expand)" references: [data.aws_caller_identity.master-aws-account (expand)]
2026-09-01T18:27:01.041+0700 [DEBUG] ReferenceTransformer: "output.caller_user (expand)" references: data.aws_caller_identity.master-aws-account (expand)
2026-09-01T18:27:01.041+0700 [DEBUG] ReferenceTransformer: "output.arn (expand)" references: [data.aws_caller_identity.master-aws-account (expand)]
2026-09-01T18:27:01.041+0700 [DEBUG] ReferenceTransformer: "output.arn (expand)" references: data.aws_caller_identity.master-aws-account (expand)
2026-09-01T18:27:01.041+0700 [DEBUG] ReferenceTransformer: "output.caller_arn (destroy)" references: []
2026-09-01T18:27:01.041+0700 [DEBUG] ReferenceTransformer: "provider[\"registry.terraform.io/hashicorp/aws\"]" references: []
2026-09-01T18:27:01.041+0700 [DEBUG] ReferenceTransformer: "data.aws_caller_identity.master-aws-account (expand)" references: []
2026-09-01T18:27:01.041+0700 [DEBUG] ReferenceTransformer: "output.account_id (expand)" references: [data.aws_caller_identity.master-aws-account (expand)]
2026-09-01T18:27:01.041+0700 [DEBUG] ReferenceTransformer: "output.account_id (expand)" references: data.aws_caller_identity.master-aws-account (expand)
2026-09-01T18:27:01.041+0700 [DEBUG] Starting graph walk: walkApply
2026-09-01T18:27:01.041+0700 [DEBUG] created provider logger: level=debug
2026-09-01T18:27:01.041+0700 [INFO]  provider: configuring client automatic mTLS
2026-09-01T18:27:01.044+0700 [DEBUG] provider: starting plugin: path=.terraform/providers/registry.terraform.io/hashicorp/aws/6.62.0/darwin_arm64/terraform-provider-aws_v6.62.0_x5 args=[".terraform/providers/registry.terraform.io/hashicorp/aws/6.62.0/darwin_arm64/terraform-provider-aws_v6.62.0_x5"]
2026-09-01T18:27:01.063+0700 [DEBUG] provider: plugin started: path=.terraform/providers/registry.terraform.io/hashicorp/aws/6.62.0/darwin_arm64/terraform-provider-aws_v6.62.0_x5 pid=84298
2026-09-01T18:27:01.063+0700 [DEBUG] provider: waiting for RPC address: plugin=.terraform/providers/registry.terraform.io/hashicorp/aws/6.62.0/darwin_arm64/terraform-provider-aws_v6.62.0_x5
2026-09-01T18:27:01.194+0700 [DEBUG] provider.terraform-provider-aws_v6.62.0_x5: Starting github.com/hashicorp/terraform-provider-aws@6.62.0 (go1.26.6)...
2026-09-01T18:27:01.194+0700 [DEBUG] provider.terraform-provider-aws_v6.62.0_x5: Creating Terraform AWS Provider (SDKv2-style)...
2026-09-01T18:27:01.194+0700 [DEBUG] provider.terraform-provider-aws_v6.62.0_x5: Initializing Terraform AWS Provider (SDKv2-style)...
2026-09-01T18:27:01.211+0700 [DEBUG] provider.terraform-provider-aws_v6.62.0_x5: Creating Terraform AWS Provider (Framework-style)...
2026-09-01T18:27:01.211+0700 [DEBUG] provider.terraform-provider-aws_v6.62.0_x5: Initializing Terraform AWS Provider (Framework-style)...
2026-09-01T18:27:01.213+0700 [INFO]  provider.terraform-provider-aws_v6.62.0_x5: configuring server automatic mTLS: timestamp="2026-09-01T18:27:01.213+0700"
2026-09-01T18:27:01.220+0700 [DEBUG] provider: using plugin: version=5
2026-09-01T18:27:01.220+0700 [DEBUG] provider.terraform-provider-aws_v6.62.0_x5: plugin address: address=/var/folders/dc/71w9ly4s1z5b3mp02_3x4pmm0000gn/T/plugin4047657975 network=unix timestamp="2026-09-01T18:27:01.219+0700"
2026-09-01T18:27:01.283+0700 [DEBUG] provider.terraform-provider-aws_v6.62.0_x5: Configuring Terraform AWS Provider: tf_mux_provider="*schema.GRPCProviderServer" tf_provider_addr=registry.terraform.io/hashicorp/aws tf_rpc=ConfigureProvider @caller=github.com/hashicorp/terraform-provider-aws/internal/conns/config.go:150 @module=aws tf_req_id=f021b97d-5950-f02b-0310-fe3f655ef073 timestamp="2026-09-01T18:27:01.283+0700"
2026-09-01T18:27:01.283+0700 [DEBUG] provider.terraform-provider-aws_v6.62.0_x5: Resolving credentials provider: @module=aws.aws-base tf_mux_provider="*schema.GRPCProviderServer" tf_provider_addr=registry.terraform.io/hashicorp/aws @caller=github.com/hashicorp/aws-sdk-go-base/v2@v2.0.0-beta.73/logging/tf_logger.go:47 tf_req_id=f021b97d-5950-f02b-0310-fe3f655ef073 tf_rpc=ConfigureProvider timestamp="2026-09-01T18:27:01.283+0700"
2026-09-01T18:27:01.283+0700 [DEBUG] provider.terraform-provider-aws_v6.62.0_x5: Setting profile: @caller=github.com/hashicorp/aws-sdk-go-base/v2@v2.0.0-beta.73/logging/tf_logger.go:47 @module=aws.aws-base tf_aws.profile.source=provider tf_provider_addr=registry.terraform.io/hashicorp/aws tf_req_id=f021b97d-5950-f02b-0310-fe3f655ef073 tf_aws.profile=master-programmatic-admin-role tf_mux_provider="*schema.GRPCProviderServer" tf_rpc=ConfigureProvider timestamp="2026-09-01T18:27:01.283+0700"
2026-09-01T18:27:01.283+0700 [DEBUG] provider.terraform-provider-aws_v6.62.0_x5: Loading configuration: @caller=github.com/hashicorp/aws-sdk-go-base/v2@v2.0.0-beta.73/logging/tf_logger.go:47 tf_mux_provider="*schema.GRPCProviderServer" tf_provider_addr=registry.terraform.io/hashicorp/aws tf_rpc=ConfigureProvider @module=aws.aws-base tf_req_id=f021b97d-5950-f02b-0310-fe3f655ef073 timestamp="2026-09-01T18:27:01.283+0700"
2026-09-01T18:27:01.284+0700 [DEBUG] provider.terraform-provider-aws_v6.62.0_x5: Retrieving credentials: tf_mux_provider="*schema.GRPCProviderServer" tf_provider_addr=registry.terraform.io/hashicorp/aws tf_req_id=f021b97d-5950-f02b-0310-fe3f655ef073 @caller=github.com/hashicorp/aws-sdk-go-base/v2@v2.0.0-beta.73/logging/tf_logger.go:47 @module=aws.aws-base tf_rpc=ConfigureProvider timestamp="2026-09-01T18:27:01.284+0700"
2026-09-01T18:27:01.284+0700 [DEBUG] provider.terraform-provider-aws_v6.62.0_x5: HTTP Request Sent: net.peer.name=sts.ap-southeast-1.amazonaws.com tf_rpc=ConfigureProvider http.method=POST http.request.header.amz_sdk_invocation_id=ea8f8575-026f-405a-b2a9-7d844f73cca5 http.request.header.content_type=application/x-www-form-urlencoded http.request_content_length=185 tf_mux_provider="*schema.GRPCProviderServer" @caller=github.com/hashicorp/aws-sdk-go-base/v2@v2.0.0-beta.73/logging/tf_logger.go:47 aws.region=ap-southeast-1 http.request.header.authorization="AWS4-HMAC-SHA256 Credential=AKIA************QVVS/20260901/ap-southeast-1/sts/aws4_request, SignedHeaders=amz-sdk-invocation-id;amz-sdk-request;content-length;content-type;host;x-amz-date, Signature=*****" http.request.header.x_amz_date=20260901T112701Z rpc.system.name=aws-api tf_aws.sdk=aws-sdk-go-v2 tf_aws.signing_region="" @module=aws.aws-base
  http.request.body=
  | Action=AssumeRole&DurationSeconds=900&RoleArn=arn%3Aaws%3Aiam%3A%3A767397956626%3Arole%2Fmaster-programmatic-admin-role&RoleSessionName=aws-go-sdk-1788262021284201000&Version=2011-06-15
   http.request.header.amz_sdk_request="attempt=1; max=3" http.url=https://sts.ap-southeast-1.amazonaws.com/ http.user_agent="APN/1.0 HashiCorp/1.0 Terraform/1.16.0 (+https://www.terraform.io) terraform-provider-aws/6.62.0 (+https://registry.terraform.io/providers/hashicorp/aws) aws-sdk-go-v2/1.43.7 ua/2.1 os/macos lang/go#1.26.6 md/GOOS#darwin md/GOARCH#arm64 api/sts#1.45.7 m/n,o" rpc.method=STS/AssumeRole tf_provider_addr=registry.terraform.io/hashicorp/aws tf_req_id=f021b97d-5950-f02b-0310-fe3f655ef073 timestamp="2026-09-01T18:27:01.284+0700"
2026-09-01T18:27:01.550+0700 [DEBUG] provider.terraform-provider-aws_v6.62.0_x5: HTTP Response Received: http.response.header.content_type=text/xml http.response_content_length=1545 http.status_code=200 rpc.method=STS/AssumeRole tf_aws.sdk=aws-sdk-go-v2 tf_aws.signing_region="" tf_mux_provider="*schema.GRPCProviderServer" aws.region=ap-southeast-1 http.duration=263 rpc.system.name=aws-api tf_provider_addr=registry.terraform.io/hashicorp/aws tf_req_id=f021b97d-5950-f02b-0310-fe3f655ef073 @module=aws.aws-base http.response.header.x_amzn_requestid=e8a9e2e6-939f-4537-9e82-70e3525ad559 tf_rpc=ConfigureProvider @caller=github.com/hashicorp/aws-sdk-go-base/v2@v2.0.0-beta.73/logging/tf_logger.go:47
  http.response.body=
  | <AssumeRoleResponse xmlns="https://sts.amazonaws.com/doc/2011-06-15/">
  |   <AssumeRoleResult>
  |     <AssumedRoleUser>
  |       <AssumedRoleId>AROA*************CJFM:aws-go-sdk-1788262021284201000</AssumedRoleId>
  |       <Arn>arn:aws:sts::767397956626:assumed-role/master-programmatic-admin-role/aws-go-sdk-1788262021284201000</Arn>
  |     </AssumedRoleUser>
  |     <Credentials>
  |       <AccessKeyId>ASIA************Y5UJ</AccessKeyId>
  |       <SecretAccessKey>WJle********************************UcUz</SecretAccessKey>
  |       <SessionToken>IQoJb3JpZ2luX2VjEOT//////////wEaDmFwLXNvdXRoZWFzdC0xIkcwRQIhAOTwduq/S9vvkqgllvOKDqYxwIiXhcr2U6UsP4WcREdvAiA7NiLJHEpAUT0qDLEbyGk7PzEKoU7CZJmJoEnp0/gmPyq0Agit//////////8BEAAaDDc2NzM5Nzk1NjYyNiIMLaPxAOMCl+q9a4vWKogCr9sM/oKB3V8vDcQNQIRa4XiR0au5HwfJFN+kQsZQo8Y2k6Fe99ysr6624n9lVDpYOe2PaTQvPTD0GF5OVFeVCw/o3HCCgcqua3lp4+7XpgN0Y/2dVzor2qDQZG33tWLP8Juzl6Yi5YLu1QWylTY9cpjdd2dAMMBWlzDogGjXJ/X4ZAglCWHf0evrdZcl8NRwSEJ9yD9a+MANgyuSyJWGN+ywm0qizvJ9yu1nE/rVSJh8HkQf2KLM7j/q+ggFqom7lay3Hj+KAZ69DWRZgso31JdjhXxrKuFe1jHkIsMs4UrXCGUHzdLkWnGvI/ul5YqpRe54ZBpCV2R/lVnpa2988bsPD/A/OT7uMIXt2tQGOp0BOm/hAzez8ZDmZmSd/FFqBuY1GoEqSSfsKBcXSRaL8232hj4fbGlQgpUcMQU080n0b3MO/7SoL0thLGsqgMT41l67o3591HEIFptVzjbevFkA6iTxojT99HypAjmK1g5E89nG8Euxngm31G+4a4oxM7yUkd0LficBt2Xi1zbC9I5tGRygoIQ/QaLlD6z7dKk8aLj2G1PXA8njX+EPfg==</SessionToken>
  |       <Expiration>2026-09-01T11:42:01Z</Expiration>
  |     </Credentials>
  |   </AssumeRoleResult>
  |   <ResponseMetadata>
  |     <RequestId>e8a9e2e6-939f-4537-9e82-70e3525ad559</RequestId>
  |   </ResponseMetadata>
  | </AssumeRoleResponse>
   http.response.header.date="Tue, 01 Sep 2026 11:27:01 GMT" http.response.header.x_amz_sts_extended_request_id=MTphcC1zb3V0aGVhc3QtMTpTOjE3ODgyNjIwMjE1Mjk6Ujpab0lJdEtvRg== timestamp="2026-09-01T18:27:01.547+0700"
2026-09-01T18:27:01.550+0700 [INFO]  provider.terraform-provider-aws_v6.62.0_x5: Retrieved credentials: tf_mux_provider="*schema.GRPCProviderServer" tf_provider_addr=registry.terraform.io/hashicorp/aws tf_req_id=f021b97d-5950-f02b-0310-fe3f655ef073 tf_rpc=ConfigureProvider @caller=github.com/hashicorp/aws-sdk-go-base/v2@v2.0.0-beta.73/logging/tf_logger.go:39 @module=aws.aws-base tf_aws.credentials_source=AssumeRoleProvider timestamp="2026-09-01T18:27:01.548+0700"
2026-09-01T18:27:01.550+0700 [DEBUG] provider.terraform-provider-aws_v6.62.0_x5: Loading configuration: tf_mux_provider="*schema.GRPCProviderServer" tf_provider_addr=registry.terraform.io/hashicorp/aws tf_req_id=f021b97d-5950-f02b-0310-fe3f655ef073 tf_rpc=ConfigureProvider @caller=github.com/hashicorp/aws-sdk-go-base/v2@v2.0.0-beta.73/logging/tf_logger.go:47 @module=aws.aws-base timestamp="2026-09-01T18:27:01.548+0700"
2026-09-01T18:27:01.550+0700 [DEBUG] provider.terraform-provider-aws_v6.62.0_x5: Retrieving AWS account details: @caller=github.com/hashicorp/terraform-provider-aws/internal/conns/config.go:188 tf_mux_provider="*schema.GRPCProviderServer" @module=aws tf_provider_addr=registry.terraform.io/hashicorp/aws tf_req_id=f021b97d-5950-f02b-0310-fe3f655ef073 tf_rpc=ConfigureProvider timestamp="2026-09-01T18:27:01.550+0700"
2026-09-01T18:27:01.550+0700 [DEBUG] provider.terraform-provider-aws_v6.62.0_x5: Retrieving caller identity from STS: tf_mux_provider="*schema.GRPCProviderServer" tf_provider_addr=registry.terraform.io/hashicorp/aws tf_req_id=f021b97d-5950-f02b-0310-fe3f655ef073 tf_rpc=ConfigureProvider @caller=github.com/hashicorp/aws-sdk-go-base/v2@v2.0.0-beta.73/logging/tf_logger.go:47 @module=aws.aws-base timestamp="2026-09-01T18:27:01.550+0700"
2026-09-01T18:27:01.551+0700 [DEBUG] provider.terraform-provider-aws_v6.62.0_x5: HTTP Request Sent: http.request.header.amz_sdk_request="attempt=1; max=25" http.request.header.content_type=application/x-www-form-urlencoded http.request.header.x_amz_date=20260901T112701Z http.request_content_length=43 @module=aws.aws-base
  http.request.body=
  | Action=GetCallerIdentity&Version=2011-06-15
   http.request.header.x_amz_security_token="*****" http.user_agent="APN/1.0 HashiCorp/1.0 Terraform/1.16.0 (+https://www.terraform.io) terraform-provider-aws/6.62.0 (+https://registry.terraform.io/providers/hashicorp/aws) aws-sdk-go-v2/1.43.7 ua/2.1 os/macos lang/go#1.26.6 md/GOOS#darwin md/GOARCH#arm64 api/sts#1.45.7 m/i,n,o" net.peer.name=sts.ap-southeast-1.amazonaws.com tf_rpc=ConfigureProvider aws.region=ap-southeast-1 rpc.method=STS/GetCallerIdentity rpc.system.name=aws-api tf_mux_provider="*schema.GRPCProviderServer" tf_req_id=f021b97d-5950-f02b-0310-fe3f655ef073 http.method=POST http.request.header.amz_sdk_invocation_id=66ab268a-0f5b-4742-b32e-af9246e48596 http.request.header.authorization="AWS4-HMAC-SHA256 Credential=ASIA************Y5UJ/20260901/ap-southeast-1/sts/aws4_request, SignedHeaders=amz-sdk-invocation-id;amz-sdk-request;content-length;content-type;host;x-amz-date;x-amz-security-token, Signature=*****" http.url=https://sts.ap-southeast-1.amazonaws.com/ tf_aws.sdk=aws-sdk-go-v2 tf_aws.signing_region="" tf_provider_addr=registry.terraform.io/hashicorp/aws @caller=github.com/hashicorp/aws-sdk-go-base/v2@v2.0.0-beta.73/logging/tf_logger.go:47 timestamp="2026-09-01T18:27:01.551+0700"
2026-09-01T18:27:01.714+0700 [DEBUG] provider.terraform-provider-aws_v6.62.0_x5: HTTP Response Received:
  http.response.body=
  | <GetCallerIdentityResponse xmlns="https://sts.amazonaws.com/doc/2011-06-15/">
  |   <GetCallerIdentityResult>
  |     <Arn>arn:aws:sts::767397956626:assumed-role/master-programmatic-admin-role/aws-go-sdk-1788262021284201000</Arn>
  |     <UserId>AROA*************CJFM:aws-go-sdk-1788262021284201000</UserId>
  |     <Account>767397956626</Account>
  |   </GetCallerIdentityResult>
  |   <ResponseMetadata>
  |     <RequestId>07f3900b-2cc0-4512-9185-0cee57445e85</RequestId>
  |   </ResponseMetadata>
  | </GetCallerIdentityResponse>
   http.response.header.content_type=text/xml http.response.header.x_amz_sts_extended_request_id=MTphcC1zb3V0aGVhc3QtMTpTOjE3ODgyNjIwMjE3OTY6Ujp1eG1EM25tWA== tf_aws.sdk=aws-sdk-go-v2 tf_mux_provider="*schema.GRPCProviderServer" tf_provider_addr=registry.terraform.io/hashicorp/aws @module=aws.aws-base http.response.header.date="Tue, 01 Sep 2026 11:27:01 GMT" http.status_code=200 tf_req_id=f021b97d-5950-f02b-0310-fe3f655ef073 tf_rpc=ConfigureProvider aws.region=ap-southeast-1 http.response.header.x_amzn_requestid=07f3900b-2cc0-4512-9185-0cee57445e85 http.response_content_length=497 rpc.method=STS/GetCallerIdentity rpc.system.name=aws-api tf_aws.signing_region="" @caller=github.com/hashicorp/aws-sdk-go-base/v2@v2.0.0-beta.73/logging/tf_logger.go:47 http.duration=162 timestamp="2026-09-01T18:27:01.713+0700"
2026-09-01T18:27:01.714+0700 [INFO]  provider.terraform-provider-aws_v6.62.0_x5: Retrieved caller identity from STS: tf_provider_addr=registry.terraform.io/hashicorp/aws tf_req_id=f021b97d-5950-f02b-0310-fe3f655ef073 @caller=github.com/hashicorp/aws-sdk-go-base/v2@v2.0.0-beta.73/logging/tf_logger.go:39 tf_mux_provider="*schema.GRPCProviderServer" tf_rpc=ConfigureProvider @module=aws.aws-base timestamp="2026-09-01T18:27:01.714+0700"
2026-09-01T18:27:01.717+0700 [DEBUG] No policy client configured, skipping policy evaluation for provider["registry.terraform.io/hashicorp/aws"]
2026-09-01T18:27:01.719+0700 [DEBUG] provider.stdio: received EOF, stopping recv loop: err="rpc error: code = Unavailable desc = error reading from server: EOF"
2026-09-01T18:27:01.734+0700 [INFO]  provider: plugin process exited: plugin=.terraform/providers/registry.terraform.io/hashicorp/aws/6.62.0/darwin_arm64/terraform-provider-aws_v6.62.0_x5 id=84298
2026-09-01T18:27:01.734+0700 [DEBUG] provider: plugin exited
2026-09-01T18:34:57.495+0700 [INFO]  Terraform version: 1.16.0
2026-09-01T18:34:57.496+0700 [DEBUG] using github.com/hashicorp/go-tfe v1.108.0
2026-09-01T18:34:57.496+0700 [DEBUG] using github.com/hashicorp/hcl/v2 v2.24.0
2026-09-01T18:34:57.496+0700 [DEBUG] using github.com/hashicorp/terraform-svchost v0.2.1
2026-09-01T18:34:57.496+0700 [DEBUG] using github.com/zclconf/go-cty v1.18.1
2026-09-01T18:34:57.496+0700 [INFO]  Go runtime version: go1.26.4
2026-09-01T18:34:57.496+0700 [INFO]  CLI args: []string{"terraform", "apply", "-auto-approve"}
2026-09-01T18:34:57.496+0700 [DEBUG] Attempting to open CLI config file: /Users/thettun/.terraformrc
2026-09-01T18:34:57.496+0700 [DEBUG] File doesn't exist, but doesn't need to. Ignoring.
2026-09-01T18:34:57.497+0700 [DEBUG] ignoring non-existing provider search directory terraform.d/plugins
2026-09-01T18:34:57.497+0700 [DEBUG] ignoring non-existing provider search directory /Users/thettun/.terraform.d/plugins
2026-09-01T18:34:57.497+0700 [DEBUG] ignoring non-existing provider search directory /Users/thettun/Library/Application Support/io.terraform/plugins
2026-09-01T18:34:57.497+0700 [DEBUG] ignoring non-existing provider search directory /Library/Application Support/io.terraform/plugins
2026-09-01T18:34:57.498+0700 [INFO]  CLI command args: []string{"apply", "-auto-approve"}
2026-09-01T18:34:58.277+0700 [DEBUG] checking for provisioner in "."
2026-09-01T18:34:58.282+0700 [DEBUG] checking for provisioner in "/opt/homebrew/bin"
2026-09-01T18:34:58.287+0700 [INFO]  backend/local: starting Apply operation
2026-09-01T18:34:58.295+0700 [DEBUG] Starting graph walk: walkInit
2026-09-01T18:34:58.301+0700 [DEBUG] created provider logger: level=debug
2026-09-01T18:34:58.301+0700 [INFO]  provider: configuring client automatic mTLS
2026-09-01T18:34:58.313+0700 [DEBUG] provider: starting plugin: path=.terraform/providers/registry.terraform.io/hashicorp/aws/6.62.0/darwin_arm64/terraform-provider-aws_v6.62.0_x5 args=[".terraform/providers/registry.terraform.io/hashicorp/aws/6.62.0/darwin_arm64/terraform-provider-aws_v6.62.0_x5"]
2026-09-01T18:34:58.327+0700 [DEBUG] provider: plugin started: path=.terraform/providers/registry.terraform.io/hashicorp/aws/6.62.0/darwin_arm64/terraform-provider-aws_v6.62.0_x5 pid=88140
2026-09-01T18:34:58.327+0700 [DEBUG] provider: waiting for RPC address: plugin=.terraform/providers/registry.terraform.io/hashicorp/aws/6.62.0/darwin_arm64/terraform-provider-aws_v6.62.0_x5
2026-09-01T18:34:58.548+0700 [DEBUG] provider.terraform-provider-aws_v6.62.0_x5: Starting github.com/hashicorp/terraform-provider-aws@6.62.0 (go1.26.6)...
2026-09-01T18:34:58.548+0700 [DEBUG] provider.terraform-provider-aws_v6.62.0_x5: Creating Terraform AWS Provider (SDKv2-style)...
2026-09-01T18:34:58.548+0700 [DEBUG] provider.terraform-provider-aws_v6.62.0_x5: Initializing Terraform AWS Provider (SDKv2-style)...
2026-09-01T18:34:58.588+0700 [DEBUG] provider.terraform-provider-aws_v6.62.0_x5: Creating Terraform AWS Provider (Framework-style)...
2026-09-01T18:34:58.588+0700 [DEBUG] provider.terraform-provider-aws_v6.62.0_x5: Initializing Terraform AWS Provider (Framework-style)...
2026-09-01T18:34:58.590+0700 [INFO]  provider.terraform-provider-aws_v6.62.0_x5: configuring server automatic mTLS: timestamp="2026-09-01T18:34:58.590+0700"
2026-09-01T18:34:58.597+0700 [DEBUG] provider: using plugin: version=5
2026-09-01T18:34:58.597+0700 [DEBUG] provider.terraform-provider-aws_v6.62.0_x5: plugin address: address=/var/folders/dc/71w9ly4s1z5b3mp02_3x4pmm0000gn/T/plugin2059801849 network=unix timestamp="2026-09-01T18:34:58.596+0700"
2026-09-01T18:34:59.763+0700 [DEBUG] provider.stdio: received EOF, stopping recv loop: err="rpc error: code = Unavailable desc = error reading from server: EOF"
2026-09-01T18:34:59.772+0700 [INFO]  provider: plugin process exited: plugin=.terraform/providers/registry.terraform.io/hashicorp/aws/6.62.0/darwin_arm64/terraform-provider-aws_v6.62.0_x5 id=88140
2026-09-01T18:34:59.772+0700 [DEBUG] provider: plugin exited
2026-09-01T18:34:59.772+0700 [DEBUG] created provider logger: level=debug
2026-09-01T18:34:59.772+0700 [INFO]  provider: configuring client automatic mTLS
2026-09-01T18:34:59.775+0700 [DEBUG] provider: starting plugin: path=.terraform/providers/registry.terraform.io/hashicorp/azurerm/5.0.0/darwin_arm64/terraform-provider-azurerm_v5.0.0_x5 args=[".terraform/providers/registry.terraform.io/hashicorp/azurerm/5.0.0/darwin_arm64/terraform-provider-azurerm_v5.0.0_x5"]
2026-09-01T18:34:59.779+0700 [DEBUG] provider: plugin started: path=.terraform/providers/registry.terraform.io/hashicorp/azurerm/5.0.0/darwin_arm64/terraform-provider-azurerm_v5.0.0_x5 pid=88156
2026-09-01T18:34:59.779+0700 [DEBUG] provider: waiting for RPC address: plugin=.terraform/providers/registry.terraform.io/hashicorp/azurerm/5.0.0/darwin_arm64/terraform-provider-azurerm_v5.0.0_x5
2026-09-01T18:34:59.856+0700 [DEBUG] provider.terraform-provider-azurerm_v5.0.0_x5: [DEBUG] Registering Data Sources for "AAD B2C"..
2026-09-01T18:34:59.856+0700 [DEBUG] provider.terraform-provider-azurerm_v5.0.0_x5: [DEBUG] Registering Resources for "AAD B2C"..
2026-09-01T18:34:59.856+0700 [DEBUG] provider.terraform-provider-azurerm_v5.0.0_x5: [DEBUG] Registering Data Sources for "API Management"..
2026-09-01T18:34:59.856+0700 [DEBUG] provider.terraform-provider-azurerm_v5.0.0_x5: [DEBUG] Registering Resources for "API Management"..
2026-09-01T18:34:59.858+0700 [DEBUG] provider.terraform-provider-azurerm_v5.0.0_x5: [DEBUG] Registering Data Sources for "App Configuration"..
2026-09-01T18:34:59.858+0700 [DEBUG] provider.terraform-provider-azurerm_v5.0.0_x5: [DEBUG] Registering Resources for "App Configuration"..
2026-09-01T18:34:59.858+0700 [DEBUG] provider.terraform-provider-azurerm_v5.0.0_x5: [DEBUG] Registering Data Sources for "Application Insights"..
2026-09-01T18:34:59.858+0700 [DEBUG] provider.terraform-provider-azurerm_v5.0.0_x5: [DEBUG] Registering Resources for "Application Insights"..
2026-09-01T18:34:59.858+0700 [DEBUG] provider.terraform-provider-azurerm_v5.0.0_x5: [DEBUG] Registering Data Sources for "AppService"..
2026-09-01T18:34:59.860+0700 [DEBUG] provider.terraform-provider-azurerm_v5.0.0_x5: [DEBUG] Registering Resources for "AppService"..
2026-09-01T18:34:59.864+0700 [DEBUG] provider.terraform-provider-azurerm_v5.0.0_x5: [DEBUG] Registering Data Sources for "ArcKubernetes"..
2026-09-01T18:34:59.864+0700 [DEBUG] provider.terraform-provider-azurerm_v5.0.0_x5: [DEBUG] Registering Resources for "ArcKubernetes"..
2026-09-01T18:34:59.864+0700 [DEBUG] provider.terraform-provider-azurerm_v5.0.0_x5: [DEBUG] Registering Data Sources for "Arc Resource Bridge"..
2026-09-01T18:34:59.864+0700 [DEBUG] provider.terraform-provider-azurerm_v5.0.0_x5: [DEBUG] Registering Resources for "Arc Resource Bridge"..
2026-09-01T18:34:59.864+0700 [DEBUG] provider.terraform-provider-azurerm_v5.0.0_x5: [DEBUG] Registering Data Sources for "Authorization"..
2026-09-01T18:34:59.864+0700 [DEBUG] provider.terraform-provider-azurerm_v5.0.0_x5: [DEBUG] Registering Resources for "Authorization"..
2026-09-01T18:34:59.865+0700 [DEBUG] provider.terraform-provider-azurerm_v5.0.0_x5: [DEBUG] Registering Data Sources for "Automanage"..
2026-09-01T18:34:59.865+0700 [DEBUG] provider.terraform-provider-azurerm_v5.0.0_x5: [DEBUG] Registering Resources for "Automanage"..
2026-09-01T18:34:59.865+0700 [DEBUG] provider.terraform-provider-azurerm_v5.0.0_x5: [DEBUG] Registering Data Sources for "Automation"..
2026-09-01T18:34:59.865+0700 [DEBUG] provider.terraform-provider-azurerm_v5.0.0_x5: [DEBUG] Registering Resources for "Automation"..
2026-09-01T18:34:59.865+0700 [DEBUG] provider.terraform-provider-azurerm_v5.0.0_x5: [DEBUG] Registering Data Sources for "Advisor"..
2026-09-01T18:34:59.865+0700 [DEBUG] provider.terraform-provider-azurerm_v5.0.0_x5: [DEBUG] Registering Resources for "Advisor"..
2026-09-01T18:34:59.865+0700 [DEBUG] provider.terraform-provider-azurerm_v5.0.0_x5: [DEBUG] Registering Data Sources for "Azure Stack HCI"..
2026-09-01T18:34:59.865+0700 [DEBUG] provider.terraform-provider-azurerm_v5.0.0_x5: [DEBUG] Registering Resources for "Azure Stack HCI"..
2026-09-01T18:34:59.866+0700 [DEBUG] provider.terraform-provider-azurerm_v5.0.0_x5: [DEBUG] Registering Data Sources for "Batch"..
2026-09-01T18:34:59.866+0700 [DEBUG] provider.terraform-provider-azurerm_v5.0.0_x5: [DEBUG] Registering Resources for "Batch"..
2026-09-01T18:34:59.866+0700 [DEBUG] provider.terraform-provider-azurerm_v5.0.0_x5: [DEBUG] Registering Data Sources for "Bot"..
2026-09-01T18:34:59.866+0700 [DEBUG] provider.terraform-provider-azurerm_v5.0.0_x5: [DEBUG] Registering Resources for "Bot"..
2026-09-01T18:34:59.866+0700 [DEBUG] provider.terraform-provider-azurerm_v5.0.0_x5: [DEBUG] Registering Data Sources for "CDN"..
2026-09-01T18:34:59.866+0700 [DEBUG] provider.terraform-provider-azurerm_v5.0.0_x5: [DEBUG] Registering Resources for "CDN"..
2026-09-01T18:34:59.866+0700 [DEBUG] provider.terraform-provider-azurerm_v5.0.0_x5: [DEBUG] Registering Data Sources for "Trusted Signing"..
2026-09-01T18:34:59.866+0700 [DEBUG] provider.terraform-provider-azurerm_v5.0.0_x5: [DEBUG] Registering Resources for "Trusted Signing"..
2026-09-01T18:34:59.866+0700 [DEBUG] provider.terraform-provider-azurerm_v5.0.0_x5: [DEBUG] Registering Data Sources for "Cognitive Services"..
2026-09-01T18:34:59.866+0700 [DEBUG] provider.terraform-provider-azurerm_v5.0.0_x5: [DEBUG] Registering Resources for "Cognitive Services"..
2026-09-01T18:34:59.866+0700 [DEBUG] provider.terraform-provider-azurerm_v5.0.0_x5: [DEBUG] Registering Data Sources for "Communication"..
2026-09-01T18:34:59.866+0700 [DEBUG] provider.terraform-provider-azurerm_v5.0.0_x5: [DEBUG] Registering Resources for "Communication"..
2026-09-01T18:34:59.867+0700 [DEBUG] provider.terraform-provider-azurerm_v5.0.0_x5: [DEBUG] Registering Data Sources for "Compute"..
2026-09-01T18:34:59.867+0700 [DEBUG] provider.terraform-provider-azurerm_v5.0.0_x5: [DEBUG] Registering Resources for "Compute"..
2026-09-01T18:34:59.867+0700 [DEBUG] provider.terraform-provider-azurerm_v5.0.0_x5: [DEBUG] Registering Data Sources for "Connections"..
2026-09-01T18:34:59.867+0700 [DEBUG] provider.terraform-provider-azurerm_v5.0.0_x5: [DEBUG] Registering Resources for "Connections"..
2026-09-01T18:34:59.867+0700 [DEBUG] provider.terraform-provider-azurerm_v5.0.0_x5: [DEBUG] Registering Data Sources for "Consumption"..
2026-09-01T18:34:59.867+0700 [DEBUG] provider.terraform-provider-azurerm_v5.0.0_x5: [DEBUG] Registering Resources for "Consumption"..
2026-09-01T18:34:59.867+0700 [DEBUG] provider.terraform-provider-azurerm_v5.0.0_x5: [DEBUG] Registering Data Sources for "Container Apps"..
2026-09-01T18:34:59.867+0700 [DEBUG] provider.terraform-provider-azurerm_v5.0.0_x5: [DEBUG] Registering Resources for "Container Apps"..
2026-09-01T18:34:59.868+0700 [DEBUG] provider.terraform-provider-azurerm_v5.0.0_x5: [DEBUG] Registering Data Sources for "CosmosDB"..
2026-09-01T18:34:59.868+0700 [DEBUG] provider.terraform-provider-azurerm_v5.0.0_x5: [DEBUG] Registering Resources for "CosmosDB"..
2026-09-01T18:34:59.868+0700 [DEBUG] provider.terraform-provider-azurerm_v5.0.0_x5: [DEBUG] Registering Data Sources for "Cost Management"..
2026-09-01T18:34:59.868+0700 [DEBUG] provider.terraform-provider-azurerm_v5.0.0_x5: [DEBUG] Registering Resources for "Cost Management"..
2026-09-01T18:34:59.869+0700 [DEBUG] provider.terraform-provider-azurerm_v5.0.0_x5: [DEBUG] Registering Data Sources for "Dashboard"..
2026-09-01T18:34:59.869+0700 [DEBUG] provider.terraform-provider-azurerm_v5.0.0_x5: [DEBUG] Registering Resources for "Dashboard"..
2026-09-01T18:34:59.869+0700 [DEBUG] provider.terraform-provider-azurerm_v5.0.0_x5: [DEBUG] Registering Data Sources for "Databox Edge"..
2026-09-01T18:34:59.869+0700 [DEBUG] provider.terraform-provider-azurerm_v5.0.0_x5: [DEBUG] Registering Resources for "Databox Edge"..
2026-09-01T18:34:59.869+0700 [DEBUG] provider.terraform-provider-azurerm_v5.0.0_x5: [DEBUG] Registering Data Sources for "DataBricks"..
2026-09-01T18:34:59.869+0700 [DEBUG] provider.terraform-provider-azurerm_v5.0.0_x5: [DEBUG] Registering Resources for "DataBricks"..
2026-09-01T18:34:59.869+0700 [DEBUG] provider.terraform-provider-azurerm_v5.0.0_x5: [DEBUG] Registering Data Sources for "Data Factory"..
2026-09-01T18:34:59.869+0700 [DEBUG] provider.terraform-provider-azurerm_v5.0.0_x5: [DEBUG] Registering Resources for "Data Factory"..
2026-09-01T18:34:59.869+0700 [DEBUG] provider.terraform-provider-azurerm_v5.0.0_x5: [DEBUG] Registering Data Sources for "DataProtection"..
2026-09-01T18:34:59.869+0700 [DEBUG] provider.terraform-provider-azurerm_v5.0.0_x5: [DEBUG] Registering Resources for "DataProtection"..
2026-09-01T18:34:59.869+0700 [DEBUG] provider.terraform-provider-azurerm_v5.0.0_x5: [DEBUG] Registering Data Sources for "Desktop Virtualization"..
2026-09-01T18:34:59.869+0700 [DEBUG] provider.terraform-provider-azurerm_v5.0.0_x5: [DEBUG] Registering Resources for "Desktop Virtualization"..
2026-09-01T18:34:59.870+0700 [DEBUG] provider.terraform-provider-azurerm_v5.0.0_x5: [DEBUG] Registering Data Sources for "Digital Twins"..
2026-09-01T18:34:59.870+0700 [DEBUG] provider.terraform-provider-azurerm_v5.0.0_x5: [DEBUG] Registering Resources for "Digital Twins"..
2026-09-01T18:34:59.870+0700 [DEBUG] provider.terraform-provider-azurerm_v5.0.0_x5: [DEBUG] Registering Data Sources for "DNS"..
2026-09-01T18:34:59.870+0700 [DEBUG] provider.terraform-provider-azurerm_v5.0.0_x5: [DEBUG] Registering Resources for "DNS"..
2026-09-01T18:34:59.870+0700 [DEBUG] provider.terraform-provider-azurerm_v5.0.0_x5: [DEBUG] Registering Data Sources for "DomainServices"..
2026-09-01T18:34:59.870+0700 [DEBUG] provider.terraform-provider-azurerm_v5.0.0_x5: [DEBUG] Registering Resources for "DomainServices"..
2026-09-01T18:34:59.870+0700 [DEBUG] provider.terraform-provider-azurerm_v5.0.0_x5: [DEBUG] Registering Data Sources for "Dynatrace"..
2026-09-01T18:34:59.870+0700 [DEBUG] provider.terraform-provider-azurerm_v5.0.0_x5: [DEBUG] Registering Resources for "Dynatrace"..
2026-09-01T18:34:59.870+0700 [DEBUG] provider.terraform-provider-azurerm_v5.0.0_x5: [DEBUG] Registering Data Sources for "ElasticSan"..
2026-09-01T18:34:59.870+0700 [DEBUG] provider.terraform-provider-azurerm_v5.0.0_x5: [DEBUG] Registering Resources for "ElasticSan"..
2026-09-01T18:34:59.870+0700 [DEBUG] provider.terraform-provider-azurerm_v5.0.0_x5: [DEBUG] Registering Data Sources for "EventGrid"..
2026-09-01T18:34:59.870+0700 [DEBUG] provider.terraform-provider-azurerm_v5.0.0_x5: [DEBUG] Registering Resources for "EventGrid"..
2026-09-01T18:34:59.870+0700 [DEBUG] provider.terraform-provider-azurerm_v5.0.0_x5: [DEBUG] Registering Data Sources for "EventHub"..
2026-09-01T18:34:59.870+0700 [DEBUG] provider.terraform-provider-azurerm_v5.0.0_x5: [DEBUG] Registering Resources for "EventHub"..
2026-09-01T18:34:59.870+0700 [DEBUG] provider.terraform-provider-azurerm_v5.0.0_x5: [DEBUG] Registering Data Sources for "ExtendedLocation"..
2026-09-01T18:34:59.870+0700 [DEBUG] provider.terraform-provider-azurerm_v5.0.0_x5: [DEBUG] Registering Resources for "ExtendedLocation"..
2026-09-01T18:34:59.870+0700 [DEBUG] provider.terraform-provider-azurerm_v5.0.0_x5: [DEBUG] Registering Data Sources for "Fabric"..
2026-09-01T18:34:59.870+0700 [DEBUG] provider.terraform-provider-azurerm_v5.0.0_x5: [DEBUG] Registering Resources for "Fabric"..
2026-09-01T18:34:59.871+0700 [DEBUG] provider.terraform-provider-azurerm_v5.0.0_x5: [DEBUG] Registering Data Sources for "Fluid Relay"..
2026-09-01T18:34:59.871+0700 [DEBUG] provider.terraform-provider-azurerm_v5.0.0_x5: [DEBUG] Registering Resources for "Fluid Relay"..
2026-09-01T18:34:59.871+0700 [DEBUG] provider.terraform-provider-azurerm_v5.0.0_x5: [DEBUG] Registering Data Sources for "Graph Services"..
2026-09-01T18:34:59.871+0700 [DEBUG] provider.terraform-provider-azurerm_v5.0.0_x5: [DEBUG] Registering Resources for "Graph Services"..
2026-09-01T18:34:59.871+0700 [DEBUG] provider.terraform-provider-azurerm_v5.0.0_x5: [DEBUG] Registering Data Sources for "Hybrid Compute"..
2026-09-01T18:34:59.871+0700 [DEBUG] provider.terraform-provider-azurerm_v5.0.0_x5: [DEBUG] Registering Resources for "Hybrid Compute"..
2026-09-01T18:34:59.871+0700 [DEBUG] provider.terraform-provider-azurerm_v5.0.0_x5: [DEBUG] Registering Data Sources for "IoT Central"..
2026-09-01T18:34:59.871+0700 [DEBUG] provider.terraform-provider-azurerm_v5.0.0_x5: [DEBUG] Registering Resources for "IoT Central"..
2026-09-01T18:34:59.871+0700 [DEBUG] provider.terraform-provider-azurerm_v5.0.0_x5: [DEBUG] Registering Data Sources for "IoT Hub"..
2026-09-01T18:34:59.871+0700 [DEBUG] provider.terraform-provider-azurerm_v5.0.0_x5: [DEBUG] Registering Resources for "IoT Hub"..
2026-09-01T18:34:59.871+0700 [DEBUG] provider.terraform-provider-azurerm_v5.0.0_x5: [DEBUG] Registering Data Sources for "KeyVault"..
2026-09-01T18:34:59.871+0700 [DEBUG] provider.terraform-provider-azurerm_v5.0.0_x5: [DEBUG] Registering Resources for "KeyVault"..
2026-09-01T18:34:59.871+0700 [DEBUG] provider.terraform-provider-azurerm_v5.0.0_x5: [DEBUG] Registering Data Sources for "Kusto"..
2026-09-01T18:34:59.871+0700 [DEBUG] provider.terraform-provider-azurerm_v5.0.0_x5: [DEBUG] Registering Resources for "Kusto"..
2026-09-01T18:34:59.871+0700 [DEBUG] provider.terraform-provider-azurerm_v5.0.0_x5: [DEBUG] Registering Data Sources for "Load Balancer"..
2026-09-01T18:34:59.871+0700 [DEBUG] provider.terraform-provider-azurerm_v5.0.0_x5: [DEBUG] Registering Resources for "Load Balancer"..
2026-09-01T18:34:59.871+0700 [DEBUG] provider.terraform-provider-azurerm_v5.0.0_x5: [DEBUG] Registering Data Sources for "LoadTestService"..
2026-09-01T18:34:59.871+0700 [DEBUG] provider.terraform-provider-azurerm_v5.0.0_x5: [DEBUG] Registering Resources for "LoadTestService"..
2026-09-01T18:34:59.871+0700 [DEBUG] provider.terraform-provider-azurerm_v5.0.0_x5: [DEBUG] Registering Data Sources for "Log Analytics"..
2026-09-01T18:34:59.871+0700 [DEBUG] provider.terraform-provider-azurerm_v5.0.0_x5: [DEBUG] Registering Resources for "Log Analytics"..
2026-09-01T18:34:59.871+0700 [DEBUG] provider.terraform-provider-azurerm_v5.0.0_x5: [DEBUG] Registering Data Sources for "Logic"..
2026-09-01T18:34:59.871+0700 [DEBUG] provider.terraform-provider-azurerm_v5.0.0_x5: [DEBUG] Registering Resources for "Logic"..
2026-09-01T18:34:59.871+0700 [DEBUG] provider.terraform-provider-azurerm_v5.0.0_x5: [DEBUG] Registering Data Sources for "Machine Learning"..
2026-09-01T18:34:59.871+0700 [DEBUG] provider.terraform-provider-azurerm_v5.0.0_x5: [DEBUG] Registering Resources for "Machine Learning"..
2026-09-01T18:34:59.872+0700 [DEBUG] provider.terraform-provider-azurerm_v5.0.0_x5: [DEBUG] Registering Data Sources for "Maintenance"..
2026-09-01T18:34:59.872+0700 [DEBUG] provider.terraform-provider-azurerm_v5.0.0_x5: [DEBUG] Registering Resources for "Maintenance"..
2026-09-01T18:34:59.872+0700 [DEBUG] provider.terraform-provider-azurerm_v5.0.0_x5: [DEBUG] Registering Data Sources for "Managed DevOps Pools"..
2026-09-01T18:34:59.872+0700 [DEBUG] provider.terraform-provider-azurerm_v5.0.0_x5: [DEBUG] Registering Resources for "Managed DevOps Pools"..
2026-09-01T18:34:59.872+0700 [DEBUG] provider.terraform-provider-azurerm_v5.0.0_x5: [DEBUG] Registering Data Sources for "Managed HSM"..
2026-09-01T18:34:59.872+0700 [DEBUG] provider.terraform-provider-azurerm_v5.0.0_x5: [DEBUG] Registering Resources for "Managed HSM"..
2026-09-01T18:34:59.872+0700 [DEBUG] provider.terraform-provider-azurerm_v5.0.0_x5: [DEBUG] Registering Data Sources for "Managed Redis"..
2026-09-01T18:34:59.872+0700 [DEBUG] provider.terraform-provider-azurerm_v5.0.0_x5: [DEBUG] Registering Resources for "Managed Redis"..
2026-09-01T18:34:59.872+0700 [DEBUG] provider.terraform-provider-azurerm_v5.0.0_x5: [DEBUG] Registering Data Sources for "Mongo Cluster"..
2026-09-01T18:34:59.872+0700 [DEBUG] provider.terraform-provider-azurerm_v5.0.0_x5: [DEBUG] Registering Resources for "Mongo Cluster"..
2026-09-01T18:34:59.872+0700 [DEBUG] provider.terraform-provider-azurerm_v5.0.0_x5: [DEBUG] Registering Data Sources for "Monitor"..
2026-09-01T18:34:59.873+0700 [DEBUG] provider.terraform-provider-azurerm_v5.0.0_x5: [DEBUG] Registering Resources for "Monitor"..
2026-09-01T18:34:59.873+0700 [DEBUG] provider.terraform-provider-azurerm_v5.0.0_x5: [DEBUG] Registering Data Sources for "Microsoft SQL Server / Azure SQL"..
2026-09-01T18:34:59.873+0700 [DEBUG] provider.terraform-provider-azurerm_v5.0.0_x5: [DEBUG] Registering Resources for "Microsoft SQL Server / Azure SQL"..
2026-09-01T18:34:59.873+0700 [DEBUG] provider.terraform-provider-azurerm_v5.0.0_x5: [DEBUG] Registering Data Sources for "Microsoft SQL Server Managed Instances"..
2026-09-01T18:34:59.873+0700 [DEBUG] provider.terraform-provider-azurerm_v5.0.0_x5: [DEBUG] Registering Resources for "Microsoft SQL Server Managed Instances"..
2026-09-01T18:34:59.873+0700 [DEBUG] provider.terraform-provider-azurerm_v5.0.0_x5: [DEBUG] Registering Data Sources for "MySQL"..
2026-09-01T18:34:59.873+0700 [DEBUG] provider.terraform-provider-azurerm_v5.0.0_x5: [DEBUG] Registering Resources for "MySQL"..
2026-09-01T18:34:59.873+0700 [DEBUG] provider.terraform-provider-azurerm_v5.0.0_x5: [DEBUG] Registering Data Sources for "NetApp"..
2026-09-01T18:34:59.874+0700 [DEBUG] provider.terraform-provider-azurerm_v5.0.0_x5: [DEBUG] Registering Resources for "NetApp"..
2026-09-01T18:34:59.874+0700 [DEBUG] provider.terraform-provider-azurerm_v5.0.0_x5: [DEBUG] Registering Data Sources for "Network"..
2026-09-01T18:34:59.874+0700 [DEBUG] provider.terraform-provider-azurerm_v5.0.0_x5: [DEBUG] Registering Resources for "Network"..
2026-09-01T18:34:59.876+0700 [DEBUG] provider.terraform-provider-azurerm_v5.0.0_x5: [DEBUG] Registering Data Sources for "Network Function"..
2026-09-01T18:34:59.876+0700 [DEBUG] provider.terraform-provider-azurerm_v5.0.0_x5: [DEBUG] Registering Resources for "Network Function"..
2026-09-01T18:34:59.876+0700 [DEBUG] provider.terraform-provider-azurerm_v5.0.0_x5: [DEBUG] Registering Data Sources for "New Relic"..
2026-09-01T18:34:59.876+0700 [DEBUG] provider.terraform-provider-azurerm_v5.0.0_x5: [DEBUG] Registering Resources for "New Relic"..
2026-09-01T18:34:59.876+0700 [DEBUG] provider.terraform-provider-azurerm_v5.0.0_x5: [DEBUG] Registering Data Sources for "Nginx"..
2026-09-01T18:34:59.876+0700 [DEBUG] provider.terraform-provider-azurerm_v5.0.0_x5: [DEBUG] Registering Resources for "Nginx"..
2026-09-01T18:34:59.876+0700 [DEBUG] provider.terraform-provider-azurerm_v5.0.0_x5: [DEBUG] Registering Data Sources for "Oracle"..
2026-09-01T18:34:59.877+0700 [DEBUG] provider.terraform-provider-azurerm_v5.0.0_x5: [DEBUG] Registering Resources for "Oracle"..
2026-09-01T18:34:59.877+0700 [DEBUG] provider.terraform-provider-azurerm_v5.0.0_x5: [DEBUG] Registering Data Sources for "Orbital"..
2026-09-01T18:34:59.877+0700 [DEBUG] provider.terraform-provider-azurerm_v5.0.0_x5: [DEBUG] Registering Resources for "Orbital"..
2026-09-01T18:34:59.877+0700 [DEBUG] provider.terraform-provider-azurerm_v5.0.0_x5: [DEBUG] Registering Data Sources for "Palo Alto"..
2026-09-01T18:34:59.877+0700 [DEBUG] provider.terraform-provider-azurerm_v5.0.0_x5: [DEBUG] Registering Resources for "Palo Alto"..
2026-09-01T18:34:59.877+0700 [DEBUG] provider.terraform-provider-azurerm_v5.0.0_x5: [DEBUG] Registering Data Sources for "Policy"..
2026-09-01T18:34:59.877+0700 [DEBUG] provider.terraform-provider-azurerm_v5.0.0_x5: [DEBUG] Registering Resources for "Policy"..
2026-09-01T18:34:59.877+0700 [DEBUG] provider.terraform-provider-azurerm_v5.0.0_x5: [DEBUG] Registering Data Sources for "PostgreSQL"..
2026-09-01T18:34:59.878+0700 [DEBUG] provider.terraform-provider-azurerm_v5.0.0_x5: [DEBUG] Registering Resources for "PostgreSQL"..
2026-09-01T18:34:59.878+0700 [DEBUG] provider.terraform-provider-azurerm_v5.0.0_x5: [DEBUG] Registering Data Sources for "Private DNS Resolver"..
2026-09-01T18:34:59.878+0700 [DEBUG] provider.terraform-provider-azurerm_v5.0.0_x5: [DEBUG] Registering Resources for "Private DNS Resolver"..
2026-09-01T18:34:59.878+0700 [DEBUG] provider.terraform-provider-azurerm_v5.0.0_x5: [DEBUG] Registering Data Sources for "Qumulo"..
2026-09-01T18:34:59.878+0700 [DEBUG] provider.terraform-provider-azurerm_v5.0.0_x5: [DEBUG] Registering Resources for "Qumulo"..
2026-09-01T18:34:59.878+0700 [DEBUG] provider.terraform-provider-azurerm_v5.0.0_x5: [DEBUG] Registering Data Sources for "Recovery Services"..
2026-09-01T18:34:59.878+0700 [DEBUG] provider.terraform-provider-azurerm_v5.0.0_x5: [DEBUG] Registering Resources for "Recovery Services"..
2026-09-01T18:34:59.878+0700 [DEBUG] provider.terraform-provider-azurerm_v5.0.0_x5: [DEBUG] Registering Data Sources for "Red Hat OpenShift"..
2026-09-01T18:34:59.878+0700 [DEBUG] provider.terraform-provider-azurerm_v5.0.0_x5: [DEBUG] Registering Resources for "Red Hat OpenShift"..
2026-09-01T18:34:59.878+0700 [DEBUG] provider.terraform-provider-azurerm_v5.0.0_x5: [DEBUG] Registering Data Sources for "Redis"..
2026-09-01T18:34:59.878+0700 [DEBUG] provider.terraform-provider-azurerm_v5.0.0_x5: [DEBUG] Registering Resources for "Redis"..
2026-09-01T18:34:59.878+0700 [DEBUG] provider.terraform-provider-azurerm_v5.0.0_x5: [DEBUG] Registering Data Sources for "Resources"..
2026-09-01T18:34:59.878+0700 [DEBUG] provider.terraform-provider-azurerm_v5.0.0_x5: [DEBUG] Registering Resources for "Resources"..
2026-09-01T18:34:59.879+0700 [DEBUG] provider.terraform-provider-azurerm_v5.0.0_x5: [DEBUG] Registering Data Sources for "Search"..
2026-09-01T18:34:59.879+0700 [DEBUG] provider.terraform-provider-azurerm_v5.0.0_x5: [DEBUG] Registering Resources for "Search"..
2026-09-01T18:34:59.879+0700 [DEBUG] provider.terraform-provider-azurerm_v5.0.0_x5: [DEBUG] Registering Data Sources for "Security Center"..
2026-09-01T18:34:59.879+0700 [DEBUG] provider.terraform-provider-azurerm_v5.0.0_x5: [DEBUG] Registering Resources for "Security Center"..
2026-09-01T18:34:59.879+0700 [DEBUG] provider.terraform-provider-azurerm_v5.0.0_x5: [DEBUG] Registering Data Sources for "Sentinel"..
2026-09-01T18:34:59.879+0700 [DEBUG] provider.terraform-provider-azurerm_v5.0.0_x5: [DEBUG] Registering Resources for "Sentinel"..
2026-09-01T18:34:59.879+0700 [DEBUG] provider.terraform-provider-azurerm_v5.0.0_x5: [DEBUG] Registering Data Sources for "ServiceBus"..
2026-09-01T18:34:59.879+0700 [DEBUG] provider.terraform-provider-azurerm_v5.0.0_x5: [DEBUG] Registering Resources for "ServiceBus"..
2026-09-01T18:34:59.879+0700 [DEBUG] provider.terraform-provider-azurerm_v5.0.0_x5: [DEBUG] Registering Data Sources for "ServiceConnector"..
2026-09-01T18:34:59.879+0700 [DEBUG] provider.terraform-provider-azurerm_v5.0.0_x5: [DEBUG] Registering Resources for "ServiceConnector"..
2026-09-01T18:34:59.879+0700 [DEBUG] provider.terraform-provider-azurerm_v5.0.0_x5: [DEBUG] Registering Data Sources for "Service Fabric Managed Clusters"..
2026-09-01T18:34:59.879+0700 [DEBUG] provider.terraform-provider-azurerm_v5.0.0_x5: [DEBUG] Registering Resources for "Service Fabric Managed Clusters"..
2026-09-01T18:34:59.879+0700 [DEBUG] provider.terraform-provider-azurerm_v5.0.0_x5: [DEBUG] Registering Data Sources for "Service Networking"..
2026-09-01T18:34:59.879+0700 [DEBUG] provider.terraform-provider-azurerm_v5.0.0_x5: [DEBUG] Registering Resources for "Service Networking"..
2026-09-01T18:34:59.879+0700 [DEBUG] provider.terraform-provider-azurerm_v5.0.0_x5: [DEBUG] Registering Data Sources for "SignalR"..
2026-09-01T18:34:59.879+0700 [DEBUG] provider.terraform-provider-azurerm_v5.0.0_x5: [DEBUG] Registering Resources for "SignalR"..
2026-09-01T18:34:59.879+0700 [DEBUG] provider.terraform-provider-azurerm_v5.0.0_x5: [DEBUG] Registering Data Sources for "Spring Cloud"..
2026-09-01T18:34:59.879+0700 [DEBUG] provider.terraform-provider-azurerm_v5.0.0_x5: [DEBUG] Registering Resources for "Spring Cloud"..
2026-09-01T18:34:59.880+0700 [DEBUG] provider.terraform-provider-azurerm_v5.0.0_x5: [DEBUG] Registering Data Sources for "Storage"..
2026-09-01T18:34:59.880+0700 [DEBUG] provider.terraform-provider-azurerm_v5.0.0_x5: [DEBUG] Registering Resources for "Storage"..
2026-09-01T18:34:59.880+0700 [DEBUG] provider.terraform-provider-azurerm_v5.0.0_x5: [DEBUG] Registering Data Sources for "Storage Cache"..
2026-09-01T18:34:59.880+0700 [DEBUG] provider.terraform-provider-azurerm_v5.0.0_x5: [DEBUG] Registering Resources for "Storage Cache"..
2026-09-01T18:34:59.880+0700 [DEBUG] provider.terraform-provider-azurerm_v5.0.0_x5: [DEBUG] Registering Data Sources for "Storage Mover"..
2026-09-01T18:34:59.880+0700 [DEBUG] provider.terraform-provider-azurerm_v5.0.0_x5: [DEBUG] Registering Resources for "Storage Mover"..
2026-09-01T18:34:59.880+0700 [DEBUG] provider.terraform-provider-azurerm_v5.0.0_x5: [DEBUG] Registering Data Sources for "Stream Analytics"..
2026-09-01T18:34:59.880+0700 [DEBUG] provider.terraform-provider-azurerm_v5.0.0_x5: [DEBUG] Registering Resources for "Stream Analytics"..
2026-09-01T18:34:59.881+0700 [DEBUG] provider.terraform-provider-azurerm_v5.0.0_x5: [DEBUG] Registering Data Sources for "Subscription"..
2026-09-01T18:34:59.881+0700 [DEBUG] provider.terraform-provider-azurerm_v5.0.0_x5: [DEBUG] Registering Resources for "Subscription"..
2026-09-01T18:34:59.881+0700 [DEBUG] provider.terraform-provider-azurerm_v5.0.0_x5: [DEBUG] Registering Data Sources for "System Center Virtual Machine Manager"..
2026-09-01T18:34:59.881+0700 [DEBUG] provider.terraform-provider-azurerm_v5.0.0_x5: [DEBUG] Registering Resources for "System Center Virtual Machine Manager"..
2026-09-01T18:34:59.881+0700 [DEBUG] provider.terraform-provider-azurerm_v5.0.0_x5: [DEBUG] Registering Data Sources for "VideoIndexer"..
2026-09-01T18:34:59.881+0700 [DEBUG] provider.terraform-provider-azurerm_v5.0.0_x5: [DEBUG] Registering Resources for "VideoIndexer"..
2026-09-01T18:34:59.881+0700 [DEBUG] provider.terraform-provider-azurerm_v5.0.0_x5: [DEBUG] Registering Data Sources for "VMware"..
2026-09-01T18:34:59.881+0700 [DEBUG] provider.terraform-provider-azurerm_v5.0.0_x5: [DEBUG] Registering Resources for "VMware"..
2026-09-01T18:34:59.881+0700 [DEBUG] provider.terraform-provider-azurerm_v5.0.0_x5: [DEBUG] Registering Data Sources for "Web"..
2026-09-01T18:34:59.881+0700 [DEBUG] provider.terraform-provider-azurerm_v5.0.0_x5: [DEBUG] Registering Resources for "Web"..
2026-09-01T18:34:59.881+0700 [DEBUG] provider.terraform-provider-azurerm_v5.0.0_x5: [DEBUG] Registering Data Sources for "Workloads"..
2026-09-01T18:34:59.881+0700 [DEBUG] provider.terraform-provider-azurerm_v5.0.0_x5: [DEBUG] Registering Resources for "Workloads"..
2026-09-01T18:34:59.881+0700 [DEBUG] provider.terraform-provider-azurerm_v5.0.0_x5: [DEBUG] Registering Data Sources for "ChaosStudio"..
2026-09-01T18:34:59.881+0700 [DEBUG] provider.terraform-provider-azurerm_v5.0.0_x5: [DEBUG] Registering Resources for "ChaosStudio"..
2026-09-01T18:34:59.881+0700 [DEBUG] provider.terraform-provider-azurerm_v5.0.0_x5: [DEBUG] Registering Data Sources for "Container Services"..
2026-09-01T18:34:59.881+0700 [DEBUG] provider.terraform-provider-azurerm_v5.0.0_x5: [DEBUG] Registering Resources for "Container Services"..
2026-09-01T18:34:59.882+0700 [DEBUG] provider.terraform-provider-azurerm_v5.0.0_x5: [DEBUG] Registering Data Sources for "Dev Center"..
2026-09-01T18:34:59.882+0700 [DEBUG] provider.terraform-provider-azurerm_v5.0.0_x5: [DEBUG] Registering Resources for "Dev Center"..
2026-09-01T18:34:59.882+0700 [DEBUG] provider.terraform-provider-azurerm_v5.0.0_x5: [DEBUG] Registering Data Sources for "ManagedIdentity"..
2026-09-01T18:34:59.882+0700 [DEBUG] provider.terraform-provider-azurerm_v5.0.0_x5: [DEBUG] Registering Resources for "ManagedIdentity"..
2026-09-01T18:34:59.882+0700 [DEBUG] provider.terraform-provider-azurerm_v5.0.0_x5: [DEBUG] Registering Data Sources for "Advisor"..
2026-09-01T18:34:59.882+0700 [DEBUG] provider.terraform-provider-azurerm_v5.0.0_x5: [DEBUG] Registering Resources for "Advisor"..
2026-09-01T18:34:59.882+0700 [DEBUG] provider.terraform-provider-azurerm_v5.0.0_x5: [DEBUG] Registering Data Sources for "Analysis Services"..
2026-09-01T18:34:59.882+0700 [DEBUG] provider.terraform-provider-azurerm_v5.0.0_x5: [DEBUG] Registering Resources for "Analysis Services"..
2026-09-01T18:34:59.882+0700 [DEBUG] provider.terraform-provider-azurerm_v5.0.0_x5: [DEBUG] Registering Data Sources for "API Management"..
2026-09-01T18:34:59.882+0700 [DEBUG] provider.terraform-provider-azurerm_v5.0.0_x5: [DEBUG] Registering Resources for "API Management"..
2026-09-01T18:34:59.883+0700 [DEBUG] provider.terraform-provider-azurerm_v5.0.0_x5: [DEBUG] Registering Data Sources for "App Configuration"..
2026-09-01T18:34:59.883+0700 [DEBUG] provider.terraform-provider-azurerm_v5.0.0_x5: [DEBUG] Registering Resources for "App Configuration"..
2026-09-01T18:34:59.883+0700 [DEBUG] provider.terraform-provider-azurerm_v5.0.0_x5: [DEBUG] Registering Data Sources for "Application Insights"..
2026-09-01T18:34:59.883+0700 [DEBUG] provider.terraform-provider-azurerm_v5.0.0_x5: [DEBUG] Registering Resources for "Application Insights"..
2026-09-01T18:34:59.883+0700 [DEBUG] provider.terraform-provider-azurerm_v5.0.0_x5: [DEBUG] Registering Data Sources for "ArcKubernetes"..
2026-09-01T18:34:59.883+0700 [DEBUG] provider.terraform-provider-azurerm_v5.0.0_x5: [DEBUG] Registering Resources for "ArcKubernetes"..
2026-09-01T18:34:59.883+0700 [DEBUG] provider.terraform-provider-azurerm_v5.0.0_x5: [DEBUG] Registering Data Sources for "Attestation"..
2026-09-01T18:34:59.883+0700 [DEBUG] provider.terraform-provider-azurerm_v5.0.0_x5: [DEBUG] Registering Resources for "Attestation"..
2026-09-01T18:34:59.883+0700 [DEBUG] provider.terraform-provider-azurerm_v5.0.0_x5: [DEBUG] Registering Data Sources for "Authorization"..
2026-09-01T18:34:59.883+0700 [DEBUG] provider.terraform-provider-azurerm_v5.0.0_x5: [DEBUG] Registering Resources for "Authorization"..
2026-09-01T18:34:59.883+0700 [DEBUG] provider.terraform-provider-azurerm_v5.0.0_x5: [DEBUG] Registering Data Sources for "Automation"..
2026-09-01T18:34:59.883+0700 [DEBUG] provider.terraform-provider-azurerm_v5.0.0_x5: [DEBUG] Registering Resources for "Automation"..
2026-09-01T18:34:59.884+0700 [DEBUG] provider.terraform-provider-azurerm_v5.0.0_x5: [DEBUG] Registering Data Sources for "Azure Stack HCI"..
2026-09-01T18:34:59.884+0700 [DEBUG] provider.terraform-provider-azurerm_v5.0.0_x5: [DEBUG] Registering Resources for "Azure Stack HCI"..
2026-09-01T18:34:59.884+0700 [DEBUG] provider.terraform-provider-azurerm_v5.0.0_x5: [DEBUG] Registering Data Sources for "Batch"..
2026-09-01T18:34:59.884+0700 [DEBUG] provider.terraform-provider-azurerm_v5.0.0_x5: [DEBUG] Registering Resources for "Batch"..
2026-09-01T18:34:59.884+0700 [DEBUG] provider.terraform-provider-azurerm_v5.0.0_x5: [DEBUG] Registering Data Sources for "Billing"..
2026-09-01T18:34:59.884+0700 [DEBUG] provider.terraform-provider-azurerm_v5.0.0_x5: [DEBUG] Registering Resources for "Billing"..
2026-09-01T18:34:59.884+0700 [DEBUG] provider.terraform-provider-azurerm_v5.0.0_x5: [DEBUG] Registering Data Sources for "Blueprints"..
2026-09-01T18:34:59.884+0700 [DEBUG] provider.terraform-provider-azurerm_v5.0.0_x5: [DEBUG] Registering Resources for "Blueprints"..
2026-09-01T18:34:59.884+0700 [DEBUG] provider.terraform-provider-azurerm_v5.0.0_x5: [DEBUG] Registering Data Sources for "Bot"..
2026-09-01T18:34:59.884+0700 [DEBUG] provider.terraform-provider-azurerm_v5.0.0_x5: [DEBUG] Registering Resources for "Bot"..
2026-09-01T18:34:59.885+0700 [DEBUG] provider.terraform-provider-azurerm_v5.0.0_x5: [DEBUG] Registering Data Sources for "CDN"..
2026-09-01T18:34:59.885+0700 [DEBUG] provider.terraform-provider-azurerm_v5.0.0_x5: [DEBUG] Registering Resources for "CDN"..
2026-09-01T18:34:59.886+0700 [DEBUG] provider.terraform-provider-azurerm_v5.0.0_x5: [DEBUG] Registering Data Sources for "Cognitive Services"..
2026-09-01T18:34:59.886+0700 [DEBUG] provider.terraform-provider-azurerm_v5.0.0_x5: [DEBUG] Registering Resources for "Cognitive Services"..
2026-09-01T18:34:59.886+0700 [DEBUG] provider.terraform-provider-azurerm_v5.0.0_x5: [DEBUG] Registering Data Sources for "Compute"..
2026-09-01T18:34:59.886+0700 [DEBUG] provider.terraform-provider-azurerm_v5.0.0_x5: [DEBUG] Registering Resources for "Compute"..
2026-09-01T18:34:59.887+0700 [DEBUG] provider.terraform-provider-azurerm_v5.0.0_x5: [DEBUG] Registering Data Sources for "Confidential Ledger"..
2026-09-01T18:34:59.887+0700 [DEBUG] provider.terraform-provider-azurerm_v5.0.0_x5: [DEBUG] Registering Resources for "Confidential Ledger"..
2026-09-01T18:34:59.887+0700 [DEBUG] provider.terraform-provider-azurerm_v5.0.0_x5: [DEBUG] Registering Data Sources for "Connections"..
2026-09-01T18:34:59.887+0700 [DEBUG] provider.terraform-provider-azurerm_v5.0.0_x5: [DEBUG] Registering Resources for "Connections"..
2026-09-01T18:34:59.887+0700 [DEBUG] provider.terraform-provider-azurerm_v5.0.0_x5: [DEBUG] Registering Data Sources for "Consumption"..
2026-09-01T18:34:59.887+0700 [DEBUG] provider.terraform-provider-azurerm_v5.0.0_x5: [DEBUG] Registering Resources for "Consumption"..
2026-09-01T18:34:59.887+0700 [DEBUG] provider.terraform-provider-azurerm_v5.0.0_x5: [DEBUG] Registering Data Sources for "Container Services"..
2026-09-01T18:34:59.887+0700 [DEBUG] provider.terraform-provider-azurerm_v5.0.0_x5: [DEBUG] Registering Resources for "Container Services"..
2026-09-01T18:34:59.888+0700 [DEBUG] provider.terraform-provider-azurerm_v5.0.0_x5: [DEBUG] Registering Data Sources for "CosmosDB"..
2026-09-01T18:34:59.888+0700 [DEBUG] provider.terraform-provider-azurerm_v5.0.0_x5: [DEBUG] Registering Resources for "CosmosDB"..
2026-09-01T18:34:59.888+0700 [DEBUG] provider.terraform-provider-azurerm_v5.0.0_x5: [DEBUG] Registering Data Sources for "Custom Providers"..
2026-09-01T18:34:59.888+0700 [DEBUG] provider.terraform-provider-azurerm_v5.0.0_x5: [DEBUG] Registering Resources for "Custom Providers"..
2026-09-01T18:34:59.888+0700 [DEBUG] provider.terraform-provider-azurerm_v5.0.0_x5: [DEBUG] Registering Data Sources for "Dashboard"..
2026-09-01T18:34:59.888+0700 [DEBUG] provider.terraform-provider-azurerm_v5.0.0_x5: [DEBUG] Registering Resources for "Dashboard"..
2026-09-01T18:34:59.888+0700 [DEBUG] provider.terraform-provider-azurerm_v5.0.0_x5: [DEBUG] Registering Data Sources for "Database Migration"..
2026-09-01T18:34:59.888+0700 [DEBUG] provider.terraform-provider-azurerm_v5.0.0_x5: [DEBUG] Registering Resources for "Database Migration"..
2026-09-01T18:34:59.888+0700 [DEBUG] provider.terraform-provider-azurerm_v5.0.0_x5: [DEBUG] Registering Data Sources for "Databox Edge"..
2026-09-01T18:34:59.888+0700 [DEBUG] provider.terraform-provider-azurerm_v5.0.0_x5: [DEBUG] Registering Resources for "Databox Edge"..
2026-09-01T18:34:59.888+0700 [DEBUG] provider.terraform-provider-azurerm_v5.0.0_x5: [DEBUG] Registering Data Sources for "DataBricks"..
2026-09-01T18:34:59.888+0700 [DEBUG] provider.terraform-provider-azurerm_v5.0.0_x5: [DEBUG] Registering Resources for "DataBricks"..
2026-09-01T18:34:59.888+0700 [DEBUG] provider.terraform-provider-azurerm_v5.0.0_x5: [DEBUG] Registering Data Sources for "Datadog"..
2026-09-01T18:34:59.888+0700 [DEBUG] provider.terraform-provider-azurerm_v5.0.0_x5: [DEBUG] Registering Resources for "Datadog"..
2026-09-01T18:34:59.888+0700 [DEBUG] provider.terraform-provider-azurerm_v5.0.0_x5: [DEBUG] Registering Data Sources for "Data Factory"..
2026-09-01T18:34:59.888+0700 [DEBUG] provider.terraform-provider-azurerm_v5.0.0_x5: [DEBUG] Registering Resources for "Data Factory"..
2026-09-01T18:34:59.889+0700 [DEBUG] provider.terraform-provider-azurerm_v5.0.0_x5: [DEBUG] Registering Data Sources for "DataProtection"..
2026-09-01T18:34:59.889+0700 [DEBUG] provider.terraform-provider-azurerm_v5.0.0_x5: [DEBUG] Registering Resources for "DataProtection"..
2026-09-01T18:34:59.889+0700 [DEBUG] provider.terraform-provider-azurerm_v5.0.0_x5: [DEBUG] Registering Data Sources for "Data Share"..
2026-09-01T18:34:59.890+0700 [DEBUG] provider.terraform-provider-azurerm_v5.0.0_x5: [DEBUG] Registering Resources for "Data Share"..
2026-09-01T18:34:59.890+0700 [DEBUG] provider.terraform-provider-azurerm_v5.0.0_x5: [DEBUG] Registering Data Sources for "Desktop Virtualization"..
2026-09-01T18:34:59.890+0700 [DEBUG] provider.terraform-provider-azurerm_v5.0.0_x5: [DEBUG] Registering Resources for "Desktop Virtualization"..
2026-09-01T18:34:59.890+0700 [DEBUG] provider.terraform-provider-azurerm_v5.0.0_x5: [DEBUG] Registering Data Sources for "Dev Test"..
2026-09-01T18:34:59.890+0700 [DEBUG] provider.terraform-provider-azurerm_v5.0.0_x5: [DEBUG] Registering Resources for "Dev Test"..
2026-09-01T18:34:59.890+0700 [DEBUG] provider.terraform-provider-azurerm_v5.0.0_x5: [DEBUG] Registering Data Sources for "Digital Twins"..
2026-09-01T18:34:59.890+0700 [DEBUG] provider.terraform-provider-azurerm_v5.0.0_x5: [DEBUG] Registering Resources for "Digital Twins"..
2026-09-01T18:34:59.890+0700 [DEBUG] provider.terraform-provider-azurerm_v5.0.0_x5: [DEBUG] Registering Data Sources for "DNS"..
2026-09-01T18:34:59.890+0700 [DEBUG] provider.terraform-provider-azurerm_v5.0.0_x5: [DEBUG] Registering Resources for "DNS"..
2026-09-01T18:34:59.891+0700 [DEBUG] provider.terraform-provider-azurerm_v5.0.0_x5: [DEBUG] Registering Data Sources for "DomainServices"..
2026-09-01T18:34:59.891+0700 [DEBUG] provider.terraform-provider-azurerm_v5.0.0_x5: [DEBUG] Registering Resources for "DomainServices"..
2026-09-01T18:34:59.891+0700 [DEBUG] provider.terraform-provider-azurerm_v5.0.0_x5: [DEBUG] Registering Data Sources for "Elastic"..
2026-09-01T18:34:59.891+0700 [DEBUG] provider.terraform-provider-azurerm_v5.0.0_x5: [DEBUG] Registering Resources for "Elastic"..
2026-09-01T18:34:59.891+0700 [DEBUG] provider.terraform-provider-azurerm_v5.0.0_x5: [DEBUG] Registering Data Sources for "EventGrid"..
2026-09-01T18:34:59.891+0700 [DEBUG] provider.terraform-provider-azurerm_v5.0.0_x5: [DEBUG] Registering Resources for "EventGrid"..
2026-09-01T18:34:59.891+0700 [DEBUG] provider.terraform-provider-azurerm_v5.0.0_x5: [DEBUG] Registering Data Sources for "EventHub"..
2026-09-01T18:34:59.891+0700 [DEBUG] provider.terraform-provider-azurerm_v5.0.0_x5: [DEBUG] Registering Resources for "EventHub"..
2026-09-01T18:34:59.892+0700 [DEBUG] provider.terraform-provider-azurerm_v5.0.0_x5: [DEBUG] Registering Data Sources for "Firewall"..
2026-09-01T18:34:59.892+0700 [DEBUG] provider.terraform-provider-azurerm_v5.0.0_x5: [DEBUG] Registering Resources for "Firewall"..
2026-09-01T18:34:59.893+0700 [DEBUG] provider.terraform-provider-azurerm_v5.0.0_x5: [DEBUG] Registering Data Sources for "FrontDoor"..
2026-09-01T18:34:59.893+0700 [DEBUG] provider.terraform-provider-azurerm_v5.0.0_x5: [DEBUG] Registering Resources for "FrontDoor"..
2026-09-01T18:34:59.893+0700 [DEBUG] provider.terraform-provider-azurerm_v5.0.0_x5: [DEBUG] Registering Data Sources for "HDInsight"..
2026-09-01T18:34:59.893+0700 [DEBUG] provider.terraform-provider-azurerm_v5.0.0_x5: [DEBUG] Registering Resources for "HDInsight"..
2026-09-01T18:34:59.893+0700 [DEBUG] provider.terraform-provider-azurerm_v5.0.0_x5: [DEBUG] Registering Data Sources for "Health Care"..
2026-09-01T18:34:59.893+0700 [DEBUG] provider.terraform-provider-azurerm_v5.0.0_x5: [DEBUG] Registering Resources for "Health Care"..
2026-09-01T18:34:59.894+0700 [DEBUG] provider.terraform-provider-azurerm_v5.0.0_x5: [DEBUG] Registering Data Sources for "Hardware Security Module"..
2026-09-01T18:34:59.894+0700 [DEBUG] provider.terraform-provider-azurerm_v5.0.0_x5: [DEBUG] Registering Resources for "Hardware Security Module"..
2026-09-01T18:34:59.894+0700 [DEBUG] provider.terraform-provider-azurerm_v5.0.0_x5: [DEBUG] Registering Data Sources for "IoT Central"..
2026-09-01T18:34:59.894+0700 [DEBUG] provider.terraform-provider-azurerm_v5.0.0_x5: [DEBUG] Registering Resources for "IoT Central"..
2026-09-01T18:34:59.894+0700 [DEBUG] provider.terraform-provider-azurerm_v5.0.0_x5: [DEBUG] Registering Data Sources for "IoT Hub"..
2026-09-01T18:34:59.894+0700 [DEBUG] provider.terraform-provider-azurerm_v5.0.0_x5: [DEBUG] Registering Resources for "IoT Hub"..
2026-09-01T18:34:59.894+0700 [DEBUG] provider.terraform-provider-azurerm_v5.0.0_x5: [DEBUG] Registering Data Sources for "KeyVault"..
2026-09-01T18:34:59.894+0700 [DEBUG] provider.terraform-provider-azurerm_v5.0.0_x5: [DEBUG] Registering Resources for "KeyVault"..
2026-09-01T18:34:59.895+0700 [DEBUG] provider.terraform-provider-azurerm_v5.0.0_x5: [DEBUG] Registering Data Sources for "Kusto"..
2026-09-01T18:34:59.895+0700 [DEBUG] provider.terraform-provider-azurerm_v5.0.0_x5: [DEBUG] Registering Resources for "Kusto"..
2026-09-01T18:34:59.895+0700 [DEBUG] provider.terraform-provider-azurerm_v5.0.0_x5: [DEBUG] Registering Data Sources for "Legacy"..
2026-09-01T18:34:59.895+0700 [DEBUG] provider.terraform-provider-azurerm_v5.0.0_x5: [DEBUG] Registering Resources for "Legacy"..
2026-09-01T18:34:59.895+0700 [DEBUG] provider.terraform-provider-azurerm_v5.0.0_x5: [DEBUG] Registering Data Sources for "Lighthouse"..
2026-09-01T18:34:59.895+0700 [DEBUG] provider.terraform-provider-azurerm_v5.0.0_x5: [DEBUG] Registering Resources for "Lighthouse"..
2026-09-01T18:34:59.895+0700 [DEBUG] provider.terraform-provider-azurerm_v5.0.0_x5: [DEBUG] Registering Data Sources for "Load Balancer"..
2026-09-01T18:34:59.895+0700 [DEBUG] provider.terraform-provider-azurerm_v5.0.0_x5: [DEBUG] Registering Resources for "Load Balancer"..
2026-09-01T18:34:59.895+0700 [DEBUG] provider.terraform-provider-azurerm_v5.0.0_x5: [DEBUG] Registering Data Sources for "Log Analytics"..
2026-09-01T18:34:59.895+0700 [DEBUG] provider.terraform-provider-azurerm_v5.0.0_x5: [DEBUG] Registering Resources for "Log Analytics"..
2026-09-01T18:34:59.895+0700 [DEBUG] provider.terraform-provider-azurerm_v5.0.0_x5: [DEBUG] Registering Data Sources for "Logic"..
2026-09-01T18:34:59.895+0700 [DEBUG] provider.terraform-provider-azurerm_v5.0.0_x5: [DEBUG] Registering Resources for "Logic"..
2026-09-01T18:34:59.896+0700 [DEBUG] provider.terraform-provider-azurerm_v5.0.0_x5: [DEBUG] Registering Data Sources for "Machine Learning"..
2026-09-01T18:34:59.896+0700 [DEBUG] provider.terraform-provider-azurerm_v5.0.0_x5: [DEBUG] Registering Resources for "Machine Learning"..
2026-09-01T18:34:59.896+0700 [DEBUG] provider.terraform-provider-azurerm_v5.0.0_x5: [DEBUG] Registering Data Sources for "Maintenance"..
2026-09-01T18:34:59.896+0700 [DEBUG] provider.terraform-provider-azurerm_v5.0.0_x5: [DEBUG] Registering Resources for "Maintenance"..
2026-09-01T18:34:59.896+0700 [DEBUG] provider.terraform-provider-azurerm_v5.0.0_x5: [DEBUG] Registering Data Sources for "Managed Applications"..
2026-09-01T18:34:59.896+0700 [DEBUG] provider.terraform-provider-azurerm_v5.0.0_x5: [DEBUG] Registering Resources for "Managed Applications"..
2026-09-01T18:34:59.896+0700 [DEBUG] provider.terraform-provider-azurerm_v5.0.0_x5: [DEBUG] Registering Data Sources for "Managed HSM"..
2026-09-01T18:34:59.896+0700 [DEBUG] provider.terraform-provider-azurerm_v5.0.0_x5: [DEBUG] Registering Resources for "Managed HSM"..
2026-09-01T18:34:59.896+0700 [DEBUG] provider.terraform-provider-azurerm_v5.0.0_x5: [DEBUG] Registering Data Sources for "ManagedIdentity"..
2026-09-01T18:34:59.896+0700 [DEBUG] provider.terraform-provider-azurerm_v5.0.0_x5: [DEBUG] Registering Resources for "ManagedIdentity"..
2026-09-01T18:34:59.896+0700 [DEBUG] provider.terraform-provider-azurerm_v5.0.0_x5: [DEBUG] Registering Data Sources for "Management Group"..
2026-09-01T18:34:59.896+0700 [DEBUG] provider.terraform-provider-azurerm_v5.0.0_x5: [DEBUG] Registering Resources for "Management Group"..
2026-09-01T18:34:59.896+0700 [DEBUG] provider.terraform-provider-azurerm_v5.0.0_x5: [DEBUG] Registering Data Sources for "Maps"..
2026-09-01T18:34:59.896+0700 [DEBUG] provider.terraform-provider-azurerm_v5.0.0_x5: [DEBUG] Registering Resources for "Maps"..
2026-09-01T18:34:59.896+0700 [DEBUG] provider.terraform-provider-azurerm_v5.0.0_x5: [DEBUG] Registering Data Sources for "Monitor"..
2026-09-01T18:34:59.896+0700 [DEBUG] provider.terraform-provider-azurerm_v5.0.0_x5: [DEBUG] Registering Resources for "Monitor"..
2026-09-01T18:34:59.897+0700 [DEBUG] provider.terraform-provider-azurerm_v5.0.0_x5: [DEBUG] Registering Data Sources for "Microsoft SQL Server / Azure SQL"..
2026-09-01T18:34:59.897+0700 [DEBUG] provider.terraform-provider-azurerm_v5.0.0_x5: [DEBUG] Registering Resources for "Microsoft SQL Server / Azure SQL"..
2026-09-01T18:34:59.897+0700 [DEBUG] provider.terraform-provider-azurerm_v5.0.0_x5: [DEBUG] Registering Data Sources for "Microsoft SQL Server Managed Instances"..
2026-09-01T18:34:59.897+0700 [DEBUG] provider.terraform-provider-azurerm_v5.0.0_x5: [DEBUG] Registering Resources for "Microsoft SQL Server Managed Instances"..
2026-09-01T18:34:59.897+0700 [DEBUG] provider.terraform-provider-azurerm_v5.0.0_x5: [DEBUG] Registering Data Sources for "MySQL"..
2026-09-01T18:34:59.897+0700 [DEBUG] provider.terraform-provider-azurerm_v5.0.0_x5: [DEBUG] Registering Resources for "MySQL"..
2026-09-01T18:34:59.897+0700 [DEBUG] provider.terraform-provider-azurerm_v5.0.0_x5: [DEBUG] Registering Data Sources for "NetApp"..
2026-09-01T18:34:59.897+0700 [DEBUG] provider.terraform-provider-azurerm_v5.0.0_x5: [DEBUG] Registering Resources for "NetApp"..
2026-09-01T18:34:59.897+0700 [DEBUG] provider.terraform-provider-azurerm_v5.0.0_x5: [DEBUG] Registering Data Sources for "Network"..
2026-09-01T18:34:59.898+0700 [DEBUG] provider.terraform-provider-azurerm_v5.0.0_x5: [DEBUG] Registering Resources for "Network"..
2026-09-01T18:34:59.899+0700 [DEBUG] provider.terraform-provider-azurerm_v5.0.0_x5: [DEBUG] Registering Data Sources for "Notification Hub"..
2026-09-01T18:34:59.899+0700 [DEBUG] provider.terraform-provider-azurerm_v5.0.0_x5: [DEBUG] Registering Resources for "Notification Hub"..
2026-09-01T18:34:59.899+0700 [DEBUG] provider.terraform-provider-azurerm_v5.0.0_x5: [DEBUG] Registering Data Sources for "Policy"..
2026-09-01T18:34:59.899+0700 [DEBUG] provider.terraform-provider-azurerm_v5.0.0_x5: [DEBUG] Registering Resources for "Policy"..
2026-09-01T18:34:59.899+0700 [DEBUG] provider.terraform-provider-azurerm_v5.0.0_x5: [DEBUG] Registering Data Sources for "Portal"..
2026-09-01T18:34:59.899+0700 [DEBUG] provider.terraform-provider-azurerm_v5.0.0_x5: [DEBUG] Registering Resources for "Portal"..
2026-09-01T18:34:59.899+0700 [DEBUG] provider.terraform-provider-azurerm_v5.0.0_x5: [DEBUG] Registering Data Sources for "PostgreSQL"..
2026-09-01T18:34:59.899+0700 [DEBUG] provider.terraform-provider-azurerm_v5.0.0_x5: [DEBUG] Registering Resources for "PostgreSQL"..
2026-09-01T18:34:59.899+0700 [DEBUG] provider.terraform-provider-azurerm_v5.0.0_x5: [DEBUG] Registering Data Sources for "PowerBI"..
2026-09-01T18:34:59.899+0700 [DEBUG] provider.terraform-provider-azurerm_v5.0.0_x5: [DEBUG] Registering Resources for "PowerBI"..
2026-09-01T18:34:59.899+0700 [DEBUG] provider.terraform-provider-azurerm_v5.0.0_x5: [DEBUG] Registering Data Sources for "Private DNS"..
2026-09-01T18:34:59.899+0700 [DEBUG] provider.terraform-provider-azurerm_v5.0.0_x5: [DEBUG] Registering Resources for "Private DNS"..
2026-09-01T18:34:59.899+0700 [DEBUG] provider.terraform-provider-azurerm_v5.0.0_x5: [DEBUG] Registering Data Sources for "Purview"..
2026-09-01T18:34:59.899+0700 [DEBUG] provider.terraform-provider-azurerm_v5.0.0_x5: [DEBUG] Registering Resources for "Purview"..
2026-09-01T18:34:59.899+0700 [DEBUG] provider.terraform-provider-azurerm_v5.0.0_x5: [DEBUG] Registering Data Sources for "Recovery Services"..
2026-09-01T18:34:59.899+0700 [DEBUG] provider.terraform-provider-azurerm_v5.0.0_x5: [DEBUG] Registering Resources for "Recovery Services"..
2026-09-01T18:34:59.899+0700 [DEBUG] provider.terraform-provider-azurerm_v5.0.0_x5: [DEBUG] Registering Data Sources for "Redis"..
2026-09-01T18:34:59.899+0700 [DEBUG] provider.terraform-provider-azurerm_v5.0.0_x5: [DEBUG] Registering Resources for "Redis"..
2026-09-01T18:34:59.899+0700 [DEBUG] provider.terraform-provider-azurerm_v5.0.0_x5: [DEBUG] Registering Data Sources for "Redis Enterprise"..
2026-09-01T18:34:59.899+0700 [DEBUG] provider.terraform-provider-azurerm_v5.0.0_x5: [DEBUG] Registering Resources for "Redis Enterprise"..
2026-09-01T18:34:59.899+0700 [DEBUG] provider.terraform-provider-azurerm_v5.0.0_x5: [DEBUG] Registering Data Sources for "Relay"..
2026-09-01T18:34:59.899+0700 [DEBUG] provider.terraform-provider-azurerm_v5.0.0_x5: [DEBUG] Registering Resources for "Relay"..
2026-09-01T18:34:59.899+0700 [DEBUG] provider.terraform-provider-azurerm_v5.0.0_x5: [DEBUG] Registering Data Sources for "Resources"..
2026-09-01T18:34:59.900+0700 [DEBUG] provider.terraform-provider-azurerm_v5.0.0_x5: [DEBUG] Registering Resources for "Resources"..
2026-09-01T18:34:59.900+0700 [DEBUG] provider.terraform-provider-azurerm_v5.0.0_x5: [DEBUG] Registering Data Sources for "Search"..
2026-09-01T18:34:59.900+0700 [DEBUG] provider.terraform-provider-azurerm_v5.0.0_x5: [DEBUG] Registering Resources for "Search"..
2026-09-01T18:34:59.900+0700 [DEBUG] provider.terraform-provider-azurerm_v5.0.0_x5: [DEBUG] Registering Data Sources for "Security Center"..
2026-09-01T18:34:59.900+0700 [DEBUG] provider.terraform-provider-azurerm_v5.0.0_x5: [DEBUG] Registering Resources for "Security Center"..
2026-09-01T18:34:59.900+0700 [DEBUG] provider.terraform-provider-azurerm_v5.0.0_x5: [DEBUG] Registering Data Sources for "Sentinel"..
2026-09-01T18:34:59.900+0700 [DEBUG] provider.terraform-provider-azurerm_v5.0.0_x5: [DEBUG] Registering Resources for "Sentinel"..
2026-09-01T18:34:59.900+0700 [DEBUG] provider.terraform-provider-azurerm_v5.0.0_x5: [DEBUG] Registering Data Sources for "ServiceBus"..
2026-09-01T18:34:59.900+0700 [DEBUG] provider.terraform-provider-azurerm_v5.0.0_x5: [DEBUG] Registering Resources for "ServiceBus"..
2026-09-01T18:34:59.901+0700 [DEBUG] provider.terraform-provider-azurerm_v5.0.0_x5: [DEBUG] Registering Data Sources for "Service Fabric"..
2026-09-01T18:34:59.901+0700 [DEBUG] provider.terraform-provider-azurerm_v5.0.0_x5: [DEBUG] Registering Resources for "Service Fabric"..
2026-09-01T18:34:59.901+0700 [DEBUG] provider.terraform-provider-azurerm_v5.0.0_x5: [DEBUG] Registering Data Sources for "SignalR"..
2026-09-01T18:34:59.901+0700 [DEBUG] provider.terraform-provider-azurerm_v5.0.0_x5: [DEBUG] Registering Resources for "SignalR"..
2026-09-01T18:34:59.901+0700 [DEBUG] provider.terraform-provider-azurerm_v5.0.0_x5: [DEBUG] Registering Data Sources for "Spring Cloud"..
2026-09-01T18:34:59.901+0700 [DEBUG] provider.terraform-provider-azurerm_v5.0.0_x5: [DEBUG] Registering Resources for "Spring Cloud"..
2026-09-01T18:34:59.901+0700 [DEBUG] provider.terraform-provider-azurerm_v5.0.0_x5: [DEBUG] Registering Data Sources for "Storage"..
2026-09-01T18:34:59.901+0700 [DEBUG] provider.terraform-provider-azurerm_v5.0.0_x5: [DEBUG] Registering Resources for "Storage"..
2026-09-01T18:34:59.902+0700 [DEBUG] provider.terraform-provider-azurerm_v5.0.0_x5: [DEBUG] Registering Data Sources for "Storage Cache"..
2026-09-01T18:34:59.902+0700 [DEBUG] provider.terraform-provider-azurerm_v5.0.0_x5: [DEBUG] Registering Resources for "Storage Cache"..
2026-09-01T18:34:59.902+0700 [DEBUG] provider.terraform-provider-azurerm_v5.0.0_x5: [DEBUG] Registering Data Sources for "Stream Analytics"..
2026-09-01T18:34:59.902+0700 [DEBUG] provider.terraform-provider-azurerm_v5.0.0_x5: [DEBUG] Registering Resources for "Stream Analytics"..
2026-09-01T18:34:59.902+0700 [DEBUG] provider.terraform-provider-azurerm_v5.0.0_x5: [DEBUG] Registering Data Sources for "Subscription"..
2026-09-01T18:34:59.902+0700 [DEBUG] provider.terraform-provider-azurerm_v5.0.0_x5: [DEBUG] Registering Resources for "Subscription"..
2026-09-01T18:34:59.902+0700 [DEBUG] provider.terraform-provider-azurerm_v5.0.0_x5: [DEBUG] Registering Data Sources for "Synapse"..
2026-09-01T18:34:59.902+0700 [DEBUG] provider.terraform-provider-azurerm_v5.0.0_x5: [DEBUG] Registering Resources for "Synapse"..
2026-09-01T18:34:59.902+0700 [DEBUG] provider.terraform-provider-azurerm_v5.0.0_x5: [DEBUG] Registering Data Sources for "Traffic Manager"..
2026-09-01T18:34:59.902+0700 [DEBUG] provider.terraform-provider-azurerm_v5.0.0_x5: [DEBUG] Registering Resources for "Traffic Manager"..
2026-09-01T18:34:59.902+0700 [DEBUG] provider.terraform-provider-azurerm_v5.0.0_x5: [DEBUG] Registering Data Sources for "VMware"..
2026-09-01T18:34:59.902+0700 [DEBUG] provider.terraform-provider-azurerm_v5.0.0_x5: [DEBUG] Registering Resources for "VMware"..
2026-09-01T18:34:59.902+0700 [DEBUG] provider.terraform-provider-azurerm_v5.0.0_x5: [DEBUG] Registering Data Sources for "Web"..
2026-09-01T18:34:59.902+0700 [DEBUG] provider.terraform-provider-azurerm_v5.0.0_x5: [DEBUG] Registering Resources for "Web"..
2026-09-01T18:34:59.903+0700 [INFO]  provider.terraform-provider-azurerm_v5.0.0_x5: configuring server automatic mTLS: timestamp="2026-09-01T18:34:59.903+0700"
2026-09-01T18:34:59.910+0700 [DEBUG] provider: using plugin: version=5
2026-09-01T18:34:59.910+0700 [DEBUG] provider.terraform-provider-azurerm_v5.0.0_x5: plugin address: address=/var/folders/dc/71w9ly4s1z5b3mp02_3x4pmm0000gn/T/plugin267316538 network=unix timestamp="2026-09-01T18:34:59.910+0700"
2026-09-01T18:35:00.035+0700 [DEBUG] provider.stdio: received EOF, stopping recv loop: err="rpc error: code = Unavailable desc = error reading from server: EOF"
2026-09-01T18:35:00.038+0700 [INFO]  provider: plugin process exited: plugin=.terraform/providers/registry.terraform.io/hashicorp/azurerm/5.0.0/darwin_arm64/terraform-provider-azurerm_v5.0.0_x5 id=88156
2026-09-01T18:35:00.038+0700 [DEBUG] provider: plugin exited
2026-09-01T18:35:00.038+0700 [DEBUG] created provider logger: level=debug
2026-09-01T18:35:00.038+0700 [INFO]  provider: configuring client automatic mTLS
2026-09-01T18:35:00.041+0700 [DEBUG] provider: starting plugin: path=.terraform/providers/registry.terraform.io/hashicorp/local/2.9.0/darwin_arm64/terraform-provider-local_v2.9.0_x5 args=[".terraform/providers/registry.terraform.io/hashicorp/local/2.9.0/darwin_arm64/terraform-provider-local_v2.9.0_x5"]
2026-09-01T18:35:00.043+0700 [DEBUG] provider: plugin started: path=.terraform/providers/registry.terraform.io/hashicorp/local/2.9.0/darwin_arm64/terraform-provider-local_v2.9.0_x5 pid=88157
2026-09-01T18:35:00.043+0700 [DEBUG] provider: waiting for RPC address: plugin=.terraform/providers/registry.terraform.io/hashicorp/local/2.9.0/darwin_arm64/terraform-provider-local_v2.9.0_x5
2026-09-01T18:35:00.065+0700 [INFO]  provider.terraform-provider-local_v2.9.0_x5: configuring server automatic mTLS: timestamp="2026-09-01T18:35:00.064+0700"
2026-09-01T18:35:00.071+0700 [DEBUG] provider.terraform-provider-local_v2.9.0_x5: plugin address: address=/var/folders/dc/71w9ly4s1z5b3mp02_3x4pmm0000gn/T/plugin1743591897 network=unix timestamp="2026-09-01T18:35:00.071+0700"
2026-09-01T18:35:00.071+0700 [DEBUG] provider: using plugin: version=5
2026-09-01T18:35:00.080+0700 [DEBUG] No provider meta schema returned
2026-09-01T18:35:00.081+0700 [DEBUG] provider.stdio: received EOF, stopping recv loop: err="rpc error: code = Unavailable desc = error reading from server: EOF"
2026-09-01T18:35:00.082+0700 [INFO]  provider: plugin process exited: plugin=.terraform/providers/registry.terraform.io/hashicorp/local/2.9.0/darwin_arm64/terraform-provider-local_v2.9.0_x5 id=88157
2026-09-01T18:35:00.082+0700 [DEBUG] provider: plugin exited
2026-09-01T18:35:00.082+0700 [DEBUG] Building and walking validate graph
2026-09-01T18:35:00.085+0700 [DEBUG] ProviderTransformer: "data.aws_caller_identity.master-aws-account" (*terraform.NodeValidatableResource) needs provider["registry.terraform.io/hashicorp/aws"]
2026-09-01T18:35:00.085+0700 [DEBUG] pruning unused provider["registry.terraform.io/hashicorp/azurerm"]
2026-09-01T18:35:00.085+0700 [DEBUG] pruning unused provider["registry.terraform.io/hashicorp/local"]
2026-09-01T18:35:00.086+0700 [DEBUG] ReferenceTransformer: "data.aws_caller_identity.master-aws-account" references: []
2026-09-01T18:35:00.086+0700 [DEBUG] ReferenceTransformer: "output.account_id (expand)" references: [data.aws_caller_identity.master-aws-account]
2026-09-01T18:35:00.086+0700 [DEBUG] ReferenceTransformer: "output.account_id (expand)" references: data.aws_caller_identity.master-aws-account
2026-09-01T18:35:00.086+0700 [DEBUG] ReferenceTransformer: "output.caller_user (expand)" references: [data.aws_caller_identity.master-aws-account]
2026-09-01T18:35:00.086+0700 [DEBUG] ReferenceTransformer: "output.caller_user (expand)" references: data.aws_caller_identity.master-aws-account
2026-09-01T18:35:00.086+0700 [DEBUG] ReferenceTransformer: "output.arn (expand)" references: [data.aws_caller_identity.master-aws-account]
2026-09-01T18:35:00.086+0700 [DEBUG] ReferenceTransformer: "output.arn (expand)" references: data.aws_caller_identity.master-aws-account
2026-09-01T18:35:00.086+0700 [DEBUG] ReferenceTransformer: "provider[\"registry.terraform.io/hashicorp/aws\"]" references: []
2026-09-01T18:35:00.086+0700 [DEBUG] Starting graph walk: walkValidate
2026-09-01T18:35:00.088+0700 [DEBUG] created provider logger: level=debug
2026-09-01T18:35:00.088+0700 [INFO]  provider: configuring client automatic mTLS
2026-09-01T18:35:00.092+0700 [DEBUG] provider: starting plugin: path=.terraform/providers/registry.terraform.io/hashicorp/aws/6.62.0/darwin_arm64/terraform-provider-aws_v6.62.0_x5 args=[".terraform/providers/registry.terraform.io/hashicorp/aws/6.62.0/darwin_arm64/terraform-provider-aws_v6.62.0_x5"]
2026-09-01T18:35:00.111+0700 [DEBUG] provider: plugin started: path=.terraform/providers/registry.terraform.io/hashicorp/aws/6.62.0/darwin_arm64/terraform-provider-aws_v6.62.0_x5 pid=88160
2026-09-01T18:35:00.112+0700 [DEBUG] provider: waiting for RPC address: plugin=.terraform/providers/registry.terraform.io/hashicorp/aws/6.62.0/darwin_arm64/terraform-provider-aws_v6.62.0_x5
2026-09-01T18:35:00.242+0700 [DEBUG] provider.terraform-provider-aws_v6.62.0_x5: Starting github.com/hashicorp/terraform-provider-aws@6.62.0 (go1.26.6)...
2026-09-01T18:35:00.242+0700 [DEBUG] provider.terraform-provider-aws_v6.62.0_x5: Creating Terraform AWS Provider (SDKv2-style)...
2026-09-01T18:35:00.242+0700 [DEBUG] provider.terraform-provider-aws_v6.62.0_x5: Initializing Terraform AWS Provider (SDKv2-style)...
2026-09-01T18:35:00.272+0700 [DEBUG] provider.terraform-provider-aws_v6.62.0_x5: Creating Terraform AWS Provider (Framework-style)...
2026-09-01T18:35:00.272+0700 [DEBUG] provider.terraform-provider-aws_v6.62.0_x5: Initializing Terraform AWS Provider (Framework-style)...
2026-09-01T18:35:00.275+0700 [INFO]  provider.terraform-provider-aws_v6.62.0_x5: configuring server automatic mTLS: timestamp="2026-09-01T18:35:00.274+0700"
2026-09-01T18:35:00.281+0700 [DEBUG] provider.terraform-provider-aws_v6.62.0_x5: plugin address: address=/var/folders/dc/71w9ly4s1z5b3mp02_3x4pmm0000gn/T/plugin3890212050 network=unix timestamp="2026-09-01T18:35:00.281+0700"
2026-09-01T18:35:00.281+0700 [DEBUG] provider: using plugin: version=5
2026-09-01T18:35:00.374+0700 [DEBUG] provider.stdio: received EOF, stopping recv loop: err="rpc error: code = Unavailable desc = error reading from server: EOF"
2026-09-01T18:35:00.381+0700 [INFO]  provider: plugin process exited: plugin=.terraform/providers/registry.terraform.io/hashicorp/aws/6.62.0/darwin_arm64/terraform-provider-aws_v6.62.0_x5 id=88160
2026-09-01T18:35:00.381+0700 [DEBUG] provider: plugin exited
2026-09-01T18:35:00.381+0700 [INFO]  backend/local: apply calling Plan
2026-09-01T18:35:00.381+0700 [DEBUG] Building and walking plan graph for NormalMode
2026-09-01T18:35:00.382+0700 [DEBUG] ProviderTransformer: "data.aws_caller_identity.master-aws-account (expand)" (*terraform.nodeExpandPlannableResource) needs provider["registry.terraform.io/hashicorp/aws"]
2026-09-01T18:35:00.382+0700 [DEBUG] pruning unused provider["registry.terraform.io/hashicorp/azurerm"]
2026-09-01T18:35:00.382+0700 [DEBUG] pruning unused provider["registry.terraform.io/hashicorp/local"]
2026-09-01T18:35:00.382+0700 [DEBUG] ReferenceTransformer: "data.aws_caller_identity.master-aws-account (expand)" references: []
2026-09-01T18:35:00.382+0700 [DEBUG] ReferenceTransformer: "output.account_id (expand)" references: [data.aws_caller_identity.master-aws-account (expand)]
2026-09-01T18:35:00.382+0700 [DEBUG] ReferenceTransformer: "output.account_id (expand)" references: data.aws_caller_identity.master-aws-account (expand)
2026-09-01T18:35:00.382+0700 [DEBUG] ReferenceTransformer: "output.caller_user (expand)" references: [data.aws_caller_identity.master-aws-account (expand)]
2026-09-01T18:35:00.382+0700 [DEBUG] ReferenceTransformer: "output.caller_user (expand)" references: data.aws_caller_identity.master-aws-account (expand)
2026-09-01T18:35:00.382+0700 [DEBUG] ReferenceTransformer: "output.arn (expand)" references: [data.aws_caller_identity.master-aws-account (expand)]
2026-09-01T18:35:00.382+0700 [DEBUG] ReferenceTransformer: "output.arn (expand)" references: data.aws_caller_identity.master-aws-account (expand)
2026-09-01T18:35:00.382+0700 [DEBUG] ReferenceTransformer: "provider[\"registry.terraform.io/hashicorp/aws\"]" references: []
2026-09-01T18:35:00.382+0700 [DEBUG] Starting graph walk: walkPlan
2026-09-01T18:35:00.382+0700 [DEBUG] created provider logger: level=debug
2026-09-01T18:35:00.382+0700 [INFO]  provider: configuring client automatic mTLS
2026-09-01T18:35:00.385+0700 [DEBUG] provider: starting plugin: path=.terraform/providers/registry.terraform.io/hashicorp/aws/6.62.0/darwin_arm64/terraform-provider-aws_v6.62.0_x5 args=[".terraform/providers/registry.terraform.io/hashicorp/aws/6.62.0/darwin_arm64/terraform-provider-aws_v6.62.0_x5"]
2026-09-01T18:35:00.396+0700 [DEBUG] provider: plugin started: path=.terraform/providers/registry.terraform.io/hashicorp/aws/6.62.0/darwin_arm64/terraform-provider-aws_v6.62.0_x5 pid=88161
2026-09-01T18:35:00.396+0700 [DEBUG] provider: waiting for RPC address: plugin=.terraform/providers/registry.terraform.io/hashicorp/aws/6.62.0/darwin_arm64/terraform-provider-aws_v6.62.0_x5
2026-09-01T18:35:00.530+0700 [DEBUG] provider.terraform-provider-aws_v6.62.0_x5: Starting github.com/hashicorp/terraform-provider-aws@6.62.0 (go1.26.6)...
2026-09-01T18:35:00.530+0700 [DEBUG] provider.terraform-provider-aws_v6.62.0_x5: Creating Terraform AWS Provider (SDKv2-style)...
2026-09-01T18:35:00.530+0700 [DEBUG] provider.terraform-provider-aws_v6.62.0_x5: Initializing Terraform AWS Provider (SDKv2-style)...
2026-09-01T18:35:00.546+0700 [DEBUG] provider.terraform-provider-aws_v6.62.0_x5: Creating Terraform AWS Provider (Framework-style)...
2026-09-01T18:35:00.546+0700 [DEBUG] provider.terraform-provider-aws_v6.62.0_x5: Initializing Terraform AWS Provider (Framework-style)...
2026-09-01T18:35:00.548+0700 [INFO]  provider.terraform-provider-aws_v6.62.0_x5: configuring server automatic mTLS: timestamp="2026-09-01T18:35:00.548+0700"
2026-09-01T18:35:00.554+0700 [DEBUG] provider: using plugin: version=5
2026-09-01T18:35:00.554+0700 [DEBUG] provider.terraform-provider-aws_v6.62.0_x5: plugin address: address=/var/folders/dc/71w9ly4s1z5b3mp02_3x4pmm0000gn/T/plugin505878290 network=unix timestamp="2026-09-01T18:35:00.554+0700"
2026-09-01T18:35:00.622+0700 [DEBUG] provider.terraform-provider-aws_v6.62.0_x5: Configuring Terraform AWS Provider: @module=aws tf_req_id=dd1791aa-c36d-fcc3-7425-574e75344c4e tf_mux_provider="*schema.GRPCProviderServer" tf_provider_addr=registry.terraform.io/hashicorp/aws tf_rpc=ConfigureProvider @caller=github.com/hashicorp/terraform-provider-aws/internal/conns/config.go:150 timestamp="2026-09-01T18:35:00.622+0700"
2026-09-01T18:35:00.622+0700 [DEBUG] provider.terraform-provider-aws_v6.62.0_x5: Resolving credentials provider: tf_req_id=dd1791aa-c36d-fcc3-7425-574e75344c4e tf_rpc=ConfigureProvider @caller=github.com/hashicorp/aws-sdk-go-base/v2@v2.0.0-beta.73/logging/tf_logger.go:47 @module=aws.aws-base tf_mux_provider="*schema.GRPCProviderServer" tf_provider_addr=registry.terraform.io/hashicorp/aws timestamp="2026-09-01T18:35:00.622+0700"
2026-09-01T18:35:00.622+0700 [DEBUG] provider.terraform-provider-aws_v6.62.0_x5: Setting profile: tf_rpc=ConfigureProvider tf_aws.profile=master-programmatic-admin-role tf_mux_provider="*schema.GRPCProviderServer" tf_provider_addr=registry.terraform.io/hashicorp/aws tf_req_id=dd1791aa-c36d-fcc3-7425-574e75344c4e @caller=github.com/hashicorp/aws-sdk-go-base/v2@v2.0.0-beta.73/logging/tf_logger.go:47 @module=aws.aws-base tf_aws.profile.source=provider timestamp="2026-09-01T18:35:00.622+0700"
2026-09-01T18:35:00.622+0700 [DEBUG] provider.terraform-provider-aws_v6.62.0_x5: Loading configuration: tf_req_id=dd1791aa-c36d-fcc3-7425-574e75344c4e @module=aws.aws-base tf_mux_provider="*schema.GRPCProviderServer" tf_provider_addr=registry.terraform.io/hashicorp/aws tf_rpc=ConfigureProvider @caller=github.com/hashicorp/aws-sdk-go-base/v2@v2.0.0-beta.73/logging/tf_logger.go:47 timestamp="2026-09-01T18:35:00.622+0700"
2026-09-01T18:35:00.624+0700 [DEBUG] provider.terraform-provider-aws_v6.62.0_x5: Retrieving credentials: @module=aws.aws-base tf_mux_provider="*schema.GRPCProviderServer" tf_provider_addr=registry.terraform.io/hashicorp/aws tf_req_id=dd1791aa-c36d-fcc3-7425-574e75344c4e tf_rpc=ConfigureProvider @caller=github.com/hashicorp/aws-sdk-go-base/v2@v2.0.0-beta.73/logging/tf_logger.go:47 timestamp="2026-09-01T18:35:00.623+0700"
2026-09-01T18:35:00.625+0700 [DEBUG] provider.terraform-provider-aws_v6.62.0_x5: HTTP Request Sent: http.method=POST http.request.header.amz_sdk_invocation_id=a170c913-93e0-4401-9d62-1477e207fdea http.request.header.amz_sdk_request="attempt=1; max=3" http.request.header.authorization="AWS4-HMAC-SHA256 Credential=AKIA************QVVS/20260901/ap-southeast-1/sts/aws4_request, SignedHeaders=amz-sdk-invocation-id;amz-sdk-request;content-length;content-type;host;x-amz-date, Signature=*****" rpc.system.name=aws-api @caller=github.com/hashicorp/aws-sdk-go-base/v2@v2.0.0-beta.73/logging/tf_logger.go:47
  http.request.body=
  | Action=AssumeRole&DurationSeconds=900&RoleArn=arn%3Aaws%3Aiam%3A%3A767397956626%3Arole%2Fmaster-programmatic-admin-role&RoleSessionName=aws-go-sdk-1788262500624077000&Version=2011-06-15
   net.peer.name=sts.ap-southeast-1.amazonaws.com tf_aws.sdk=aws-sdk-go-v2 tf_aws.signing_region="" tf_mux_provider="*schema.GRPCProviderServer" tf_req_id=dd1791aa-c36d-fcc3-7425-574e75344c4e aws.region=ap-southeast-1 http.request.header.content_type=application/x-www-form-urlencoded http.url=https://sts.ap-southeast-1.amazonaws.com/ http.user_agent="APN/1.0 HashiCorp/1.0 Terraform/1.16.0 (+https://www.terraform.io) terraform-provider-aws/6.62.0 (+https://registry.terraform.io/providers/hashicorp/aws) aws-sdk-go-v2/1.43.7 ua/2.1 os/macos lang/go#1.26.6 md/GOOS#darwin md/GOARCH#arm64 api/sts#1.45.7 m/n,o" tf_provider_addr=registry.terraform.io/hashicorp/aws rpc.method=STS/AssumeRole tf_rpc=ConfigureProvider http.request.header.x_amz_date=20260901T113500Z http.request_content_length=185 @module=aws.aws-base timestamp="2026-09-01T18:35:00.625+0700"
2026-09-01T18:35:04.269+0700 [DEBUG] provider.terraform-provider-aws_v6.62.0_x5: HTTP Response Received: http.response.header.x_amz_sts_extended_request_id=MTphcC1zb3V0aGVhc3QtMTpTOjE3ODgyNjI1MDQzNDE6UjpmQURGblBTZw== http.response_content_length=1545 http.status_code=200 tf_provider_addr=registry.terraform.io/hashicorp/aws rpc.method=STS/AssumeRole tf_aws.sdk=aws-sdk-go-v2 tf_aws.signing_region="" @module=aws.aws-base http.duration=3643 http.response.header.x_amzn_requestid=e6fb3045-0ad9-4e5c-bc40-ebcfab062ab9 tf_req_id=dd1791aa-c36d-fcc3-7425-574e75344c4e @caller=github.com/hashicorp/aws-sdk-go-base/v2@v2.0.0-beta.73/logging/tf_logger.go:47 http.response.header.date="Tue, 01 Sep 2026 11:35:04 GMT" rpc.system.name=aws-api tf_mux_provider="*schema.GRPCProviderServer" tf_rpc=ConfigureProvider aws.region=ap-southeast-1
  http.response.body=
  | <AssumeRoleResponse xmlns="https://sts.amazonaws.com/doc/2011-06-15/">
  |   <AssumeRoleResult>
  |     <AssumedRoleUser>
  |       <AssumedRoleId>AROA*************CJFM:aws-go-sdk-1788262500624077000</AssumedRoleId>
  |       <Arn>arn:aws:sts::767397956626:assumed-role/master-programmatic-admin-role/aws-go-sdk-1788262500624077000</Arn>
  |     </AssumedRoleUser>
  |     <Credentials>
  |       <AccessKeyId>ASIA************VQCG</AccessKeyId>
  |       <SecretAccessKey>oiuN********************************JFkB</SecretAccessKey>
  |       <SessionToken>IQoJb3JpZ2luX2VjEOT//////////wEaDmFwLXNvdXRoZWFzdC0xIkYwRAIgYiwanHUtC/jbKYzKkNzR/Mrm1zefkO/FerMT03C0rNoCIHCoAs5h120WBX278nObJ3+u9KuRhZR5ik+EuPmMmTbxKrQCCK3//////////wEQABoMNzY3Mzk3OTU2NjI2Igz/utT9BwiAEQHWnW8qiALUd2CjKZkX8tkO1pOsoZMQSlWXhrcJ8QUR0FVtqt4eFw4pxBqVCTeNDAxH4aFYsJhPiWwfP+IYSATaVFvVCsp7dV5Ixctut1k60Zuo0ptwCx66kaulqlovqNyglj66dj+C5E6lrVCwfPtg9ujo6v2lSJ8EAGv/NokBJgDTE/e4oJdbyPpOk0FnoKQj6EuSrwLHdlbXXjkqDheNOIdc47lbgzTg9erRTFDUK0Gmdiz8Ble1RAfDBKzU9LmpXaPD+OXAg4Og99gDjeQG+v2ekcAvTlvv6lVSInTIVkejjWteG14gxl2DcteqzXool6fh4DEGoqCuZPeOtEEKk3ZamIoP3TZV1lPu8bMw6PDa1AY6ngHYaEXagIVuGERAVK+swY3ChHGeu3rFhmztHkwlB3LGLTHNfC+iY75uLi5XraaLaCezLeqbxKyEW0xZ+WBDJ+M7Gb2MxXueXZQMyOZAQvUbWU1F1S/4pegJJ+484h08Mi5PKn69O+US8PKy2lL4pJWZK+B+pOGWEjhH2djuZvM/Srtm+jXl3tdrTIcE29+ifTUR6bsH0Gv8ydUoggVD6Q==</SessionToken>
  |       <Expiration>2026-09-01T11:50:04Z</Expiration>
  |     </Credentials>
  |   </AssumeRoleResult>
  |   <ResponseMetadata>
  |     <RequestId>e6fb3045-0ad9-4e5c-bc40-ebcfab062ab9</RequestId>
  |   </ResponseMetadata>
  | </AssumeRoleResponse>
   http.response.header.content_type=text/xml timestamp="2026-09-01T18:35:04.269+0700"
2026-09-01T18:35:04.270+0700 [INFO]  provider.terraform-provider-aws_v6.62.0_x5: Retrieved credentials: @caller=github.com/hashicorp/aws-sdk-go-base/v2@v2.0.0-beta.73/logging/tf_logger.go:39 tf_provider_addr=registry.terraform.io/hashicorp/aws @module=aws.aws-base tf_aws.credentials_source=AssumeRoleProvider tf_mux_provider="*schema.GRPCProviderServer" tf_req_id=dd1791aa-c36d-fcc3-7425-574e75344c4e tf_rpc=ConfigureProvider timestamp="2026-09-01T18:35:04.269+0700"
2026-09-01T18:35:04.270+0700 [DEBUG] provider.terraform-provider-aws_v6.62.0_x5: Loading configuration: tf_req_id=dd1791aa-c36d-fcc3-7425-574e75344c4e tf_provider_addr=registry.terraform.io/hashicorp/aws tf_rpc=ConfigureProvider @caller=github.com/hashicorp/aws-sdk-go-base/v2@v2.0.0-beta.73/logging/tf_logger.go:47 @module=aws.aws-base tf_mux_provider="*schema.GRPCProviderServer" timestamp="2026-09-01T18:35:04.270+0700"
2026-09-01T18:35:04.271+0700 [DEBUG] provider.terraform-provider-aws_v6.62.0_x5: Retrieving AWS account details: tf_provider_addr=registry.terraform.io/hashicorp/aws tf_req_id=dd1791aa-c36d-fcc3-7425-574e75344c4e tf_rpc=ConfigureProvider @caller=github.com/hashicorp/terraform-provider-aws/internal/conns/config.go:188 @module=aws tf_mux_provider="*schema.GRPCProviderServer" timestamp="2026-09-01T18:35:04.271+0700"
2026-09-01T18:35:04.271+0700 [DEBUG] provider.terraform-provider-aws_v6.62.0_x5: Retrieving caller identity from STS: tf_rpc=ConfigureProvider @caller=github.com/hashicorp/aws-sdk-go-base/v2@v2.0.0-beta.73/logging/tf_logger.go:47 @module=aws.aws-base tf_mux_provider="*schema.GRPCProviderServer" tf_provider_addr=registry.terraform.io/hashicorp/aws tf_req_id=dd1791aa-c36d-fcc3-7425-574e75344c4e timestamp="2026-09-01T18:35:04.271+0700"
2026-09-01T18:35:04.272+0700 [DEBUG] provider.terraform-provider-aws_v6.62.0_x5: HTTP Request Sent: http.url=https://sts.ap-southeast-1.amazonaws.com/ http.user_agent="APN/1.0 HashiCorp/1.0 Terraform/1.16.0 (+https://www.terraform.io) terraform-provider-aws/6.62.0 (+https://registry.terraform.io/providers/hashicorp/aws) aws-sdk-go-v2/1.43.7 ua/2.1 os/macos lang/go#1.26.6 md/GOOS#darwin md/GOARCH#arm64 api/sts#1.45.7 m/i,n,o" rpc.system.name=aws-api tf_aws.signing_region="" tf_mux_provider="*schema.GRPCProviderServer" tf_provider_addr=registry.terraform.io/hashicorp/aws http.request.header.x_amz_security_token="*****" http.method=POST
  http.request.body=
  | Action=GetCallerIdentity&Version=2011-06-15
   http.request.header.amz_sdk_request="attempt=1; max=25" http.request.header.authorization="AWS4-HMAC-SHA256 Credential=ASIA************VQCG/20260901/ap-southeast-1/sts/aws4_request, SignedHeaders=amz-sdk-invocation-id;amz-sdk-request;content-length;content-type;host;x-amz-date;x-amz-security-token, Signature=*****" @module=aws.aws-base http.request.header.amz_sdk_invocation_id=44169fb5-fddf-47a6-a310-720cbead811b http.request.header.content_type=application/x-www-form-urlencoded http.request_content_length=43 tf_req_id=dd1791aa-c36d-fcc3-7425-574e75344c4e tf_rpc=ConfigureProvider @caller=github.com/hashicorp/aws-sdk-go-base/v2@v2.0.0-beta.73/logging/tf_logger.go:47 http.request.header.x_amz_date=20260901T113504Z net.peer.name=sts.ap-southeast-1.amazonaws.com rpc.method=STS/GetCallerIdentity tf_aws.sdk=aws-sdk-go-v2 aws.region=ap-southeast-1 timestamp="2026-09-01T18:35:04.272+0700"
2026-09-01T18:35:04.522+0700 [DEBUG] provider.terraform-provider-aws_v6.62.0_x5: HTTP Response Received: http.response.header.date="Tue, 01 Sep 2026 11:35:04 GMT" http.response.header.x_amzn_requestid=4a454b4c-63ef-47ea-be12-016f58c0b567 http.status_code=200 tf_aws.sdk=aws-sdk-go-v2 tf_aws.signing_region="" @caller=github.com/hashicorp/aws-sdk-go-base/v2@v2.0.0-beta.73/logging/tf_logger.go:47 @module=aws.aws-base http.response.header.content_type=text/xml http.response.header.x_amz_sts_extended_request_id=MTphcC1zb3V0aGVhc3QtMTpTOjE3ODgyNjI1MDQ2MDM6UjpMSGZKT2ZCRg== tf_mux_provider="*schema.GRPCProviderServer" tf_rpc=ConfigureProvider aws.region=ap-southeast-1 rpc.method=STS/GetCallerIdentity rpc.system.name=aws-api tf_provider_addr=registry.terraform.io/hashicorp/aws tf_req_id=dd1791aa-c36d-fcc3-7425-574e75344c4e
  http.response.body=
  | <GetCallerIdentityResponse xmlns="https://sts.amazonaws.com/doc/2011-06-15/">
  |   <GetCallerIdentityResult>
  |     <Arn>arn:aws:sts::767397956626:assumed-role/master-programmatic-admin-role/aws-go-sdk-1788262500624077000</Arn>
  |     <UserId>AROA*************CJFM:aws-go-sdk-1788262500624077000</UserId>
  |     <Account>767397956626</Account>
  |   </GetCallerIdentityResult>
  |   <ResponseMetadata>
  |     <RequestId>4a454b4c-63ef-47ea-be12-016f58c0b567</RequestId>
  |   </ResponseMetadata>
  | </GetCallerIdentityResponse>
   http.response_content_length=497 http.duration=248 timestamp="2026-09-01T18:35:04.521+0700"
2026-09-01T18:35:04.523+0700 [INFO]  provider.terraform-provider-aws_v6.62.0_x5: Retrieved caller identity from STS: tf_mux_provider="*schema.GRPCProviderServer" tf_rpc=ConfigureProvider @caller=github.com/hashicorp/aws-sdk-go-base/v2@v2.0.0-beta.73/logging/tf_logger.go:39 tf_provider_addr=registry.terraform.io/hashicorp/aws tf_req_id=dd1791aa-c36d-fcc3-7425-574e75344c4e @module=aws.aws-base timestamp="2026-09-01T18:35:04.521+0700"
2026-09-01T18:35:04.525+0700 [DEBUG] No policy client configured, skipping policy evaluation for provider["registry.terraform.io/hashicorp/aws"]
2026-09-01T18:35:04.577+0700 [DEBUG] provider.terraform-provider-aws_v6.62.0_x5: HTTP Request Sent: http.request.header.content_type=application/x-www-form-urlencoded tf_aws.sdk=aws-sdk-go-v2 tf_aws.signing_region="" tf_mux_provider="*proto5server.Server" @module=aws http.request.header.x_amz_security_token="*****" http.url=https://sts.ap-southeast-1.amazonaws.com/ rpc.system.name=aws-api tf_rpc=ReadDataSource http.request.header.x_amz_date=20260901T113504Z tf_data_source_type=aws_caller_identity tf_provider_addr=registry.terraform.io/hashicorp/aws tf_req_id=4a9fe36f-504b-eb77-1c19-a4515ed36126 aws.region=ap-southeast-1 http.method=POST http.request.header.amz_sdk_invocation_id=59f02a11-a9ad-4517-97fe-3e0eefc9ac00 http.request.header.amz_sdk_request="attempt=1; max=25" http.request_content_length=43 http.user_agent="APN/1.0 HashiCorp/1.0 Terraform/1.16.0 (+https://www.terraform.io) terraform-provider-aws/6.62.0 (+https://registry.terraform.io/providers/hashicorp/aws) aws-sdk-go-v2/1.43.7 ua/2.1 os/macos lang/go#1.26.6 md/GOOS#darwin md/GOARCH#arm64 api/sts#1.45.7 m/i,n,o" net.peer.name=sts.ap-southeast-1.amazonaws.com rpc.method=STS/GetCallerIdentity @caller=github.com/hashicorp/aws-sdk-go-base/v2@v2.0.0-beta.73/logging/tf_logger.go:45
  http.request.body=
  | Action=GetCallerIdentity&Version=2011-06-15
   http.request.header.authorization="AWS4-HMAC-SHA256 Credential=ASIA************VQCG/20260901/ap-southeast-1/sts/aws4_request, SignedHeaders=amz-sdk-invocation-id;amz-sdk-request;content-length;content-type;host;x-amz-date;x-amz-security-token, Signature=*****" timestamp="2026-09-01T18:35:04.577+0700"
2026-09-01T18:35:04.613+0700 [DEBUG] provider.terraform-provider-aws_v6.62.0_x5: HTTP Response Received: http.response.header.x_amz_sts_extended_request_id=MTphcC1zb3V0aGVhc3QtMTpTOjE3ODgyNjI1MDQ3MDI6Ujp4WHBIZGdWRA== http.response.header.x_amzn_requestid=c94b6341-4e1a-4ac5-baa7-d2cd8841f468 tf_provider_addr=registry.terraform.io/hashicorp/aws tf_req_id=4a9fe36f-504b-eb77-1c19-a4515ed36126
  http.response.body=
  | <GetCallerIdentityResponse xmlns="https://sts.amazonaws.com/doc/2011-06-15/">
  |   <GetCallerIdentityResult>
  |     <Arn>arn:aws:sts::767397956626:assumed-role/master-programmatic-admin-role/aws-go-sdk-1788262500624077000</Arn>
  |     <UserId>AROA*************CJFM:aws-go-sdk-1788262500624077000</UserId>
  |     <Account>767397956626</Account>
  |   </GetCallerIdentityResult>
  |   <ResponseMetadata>
  |     <RequestId>c94b6341-4e1a-4ac5-baa7-d2cd8841f468</RequestId>
  |   </ResponseMetadata>
  | </GetCallerIdentityResponse>
   rpc.system.name=aws-api tf_aws.signing_region="" tf_rpc=ReadDataSource http.duration=36 tf_aws.sdk=aws-sdk-go-v2 @caller=github.com/hashicorp/aws-sdk-go-base/v2@v2.0.0-beta.73/logging/tf_logger.go:45 aws.region=ap-southeast-1 http.response.header.content_type=text/xml http.response_content_length=497 http.status_code=200 rpc.method=STS/GetCallerIdentity tf_data_source_type=aws_caller_identity tf_mux_provider="*proto5server.Server" @module=aws http.response.header.date="Tue, 01 Sep 2026 11:35:04 GMT" timestamp="2026-09-01T18:35:04.613+0700"
2026-09-01T18:35:04.614+0700 [DEBUG] provider.stdio: received EOF, stopping recv loop: err="rpc error: code = Unavailable desc = error reading from server: EOF"
2026-09-01T18:35:04.623+0700 [INFO]  provider: plugin process exited: plugin=.terraform/providers/registry.terraform.io/hashicorp/aws/6.62.0/darwin_arm64/terraform-provider-aws_v6.62.0_x5 id=88161
2026-09-01T18:35:04.623+0700 [DEBUG] provider: plugin exited
2026-09-01T18:35:04.623+0700 [DEBUG] building apply graph to check for errors
2026-09-01T18:35:04.623+0700 [DEBUG] ProviderTransformer: "data.aws_caller_identity.master-aws-account (expand)" (*terraform.nodeExpandApplyableResource) needs provider["registry.terraform.io/hashicorp/aws"]
2026-09-01T18:35:04.624+0700 [DEBUG] pruning unused provider["registry.terraform.io/hashicorp/azurerm"]
2026-09-01T18:35:04.624+0700 [DEBUG] pruning unused provider["registry.terraform.io/hashicorp/local"]
2026-09-01T18:35:04.624+0700 [DEBUG] ReferenceTransformer: "data.aws_caller_identity.master-aws-account (expand)" references: []
2026-09-01T18:35:04.624+0700 [DEBUG] ReferenceTransformer: "output.account_id (expand)" references: [data.aws_caller_identity.master-aws-account (expand)]
2026-09-01T18:35:04.624+0700 [DEBUG] ReferenceTransformer: "output.account_id (expand)" references: data.aws_caller_identity.master-aws-account (expand)
2026-09-01T18:35:04.624+0700 [DEBUG] ReferenceTransformer: "output.caller_user (expand)" references: [data.aws_caller_identity.master-aws-account (expand)]
2026-09-01T18:35:04.624+0700 [DEBUG] ReferenceTransformer: "output.caller_user (expand)" references: data.aws_caller_identity.master-aws-account (expand)
2026-09-01T18:35:04.624+0700 [DEBUG] ReferenceTransformer: "output.arn (expand)" references: [data.aws_caller_identity.master-aws-account (expand)]
2026-09-01T18:35:04.624+0700 [DEBUG] ReferenceTransformer: "output.arn (expand)" references: data.aws_caller_identity.master-aws-account (expand)
2026-09-01T18:35:04.624+0700 [DEBUG] ReferenceTransformer: "provider[\"registry.terraform.io/hashicorp/aws\"]" references: []
2026-09-01T18:35:04.726+0700 [INFO]  backend/local: apply calling Apply
2026-09-01T18:35:04.726+0700 [DEBUG] Building and walking apply graph for NormalMode plan
2026-09-01T18:35:04.727+0700 [DEBUG] ProviderTransformer: "data.aws_caller_identity.master-aws-account (expand)" (*terraform.nodeExpandApplyableResource) needs provider["registry.terraform.io/hashicorp/aws"]
2026-09-01T18:35:04.727+0700 [DEBUG] pruning unused provider["registry.terraform.io/hashicorp/local"]
2026-09-01T18:35:04.727+0700 [DEBUG] pruning unused provider["registry.terraform.io/hashicorp/azurerm"]
2026-09-01T18:35:04.727+0700 [DEBUG] ReferenceTransformer: "output.account_id (expand)" references: [data.aws_caller_identity.master-aws-account (expand)]
2026-09-01T18:35:04.727+0700 [DEBUG] ReferenceTransformer: "output.account_id (expand)" references: data.aws_caller_identity.master-aws-account (expand)
2026-09-01T18:35:04.727+0700 [DEBUG] ReferenceTransformer: "output.caller_user (expand)" references: [data.aws_caller_identity.master-aws-account (expand)]
2026-09-01T18:35:04.727+0700 [DEBUG] ReferenceTransformer: "output.caller_user (expand)" references: data.aws_caller_identity.master-aws-account (expand)
2026-09-01T18:35:04.727+0700 [DEBUG] ReferenceTransformer: "output.arn (expand)" references: [data.aws_caller_identity.master-aws-account (expand)]
2026-09-01T18:35:04.727+0700 [DEBUG] ReferenceTransformer: "output.arn (expand)" references: data.aws_caller_identity.master-aws-account (expand)
2026-09-01T18:35:04.727+0700 [DEBUG] ReferenceTransformer: "provider[\"registry.terraform.io/hashicorp/aws\"]" references: []
2026-09-01T18:35:04.727+0700 [DEBUG] ReferenceTransformer: "data.aws_caller_identity.master-aws-account (expand)" references: []
2026-09-01T18:35:04.727+0700 [DEBUG] Starting graph walk: walkApply
2026-09-01T18:35:04.727+0700 [DEBUG] created provider logger: level=debug
2026-09-01T18:35:04.727+0700 [INFO]  provider: configuring client automatic mTLS
2026-09-01T18:35:04.730+0700 [DEBUG] provider: starting plugin: path=.terraform/providers/registry.terraform.io/hashicorp/aws/6.62.0/darwin_arm64/terraform-provider-aws_v6.62.0_x5 args=[".terraform/providers/registry.terraform.io/hashicorp/aws/6.62.0/darwin_arm64/terraform-provider-aws_v6.62.0_x5"]
2026-09-01T18:35:04.747+0700 [DEBUG] provider: plugin started: path=.terraform/providers/registry.terraform.io/hashicorp/aws/6.62.0/darwin_arm64/terraform-provider-aws_v6.62.0_x5 pid=88185
2026-09-01T18:35:04.747+0700 [DEBUG] provider: waiting for RPC address: plugin=.terraform/providers/registry.terraform.io/hashicorp/aws/6.62.0/darwin_arm64/terraform-provider-aws_v6.62.0_x5
2026-09-01T18:35:04.877+0700 [DEBUG] provider.terraform-provider-aws_v6.62.0_x5: Starting github.com/hashicorp/terraform-provider-aws@6.62.0 (go1.26.6)...
2026-09-01T18:35:04.877+0700 [DEBUG] provider.terraform-provider-aws_v6.62.0_x5: Creating Terraform AWS Provider (SDKv2-style)...
2026-09-01T18:35:04.877+0700 [DEBUG] provider.terraform-provider-aws_v6.62.0_x5: Initializing Terraform AWS Provider (SDKv2-style)...
2026-09-01T18:35:04.893+0700 [DEBUG] provider.terraform-provider-aws_v6.62.0_x5: Creating Terraform AWS Provider (Framework-style)...
2026-09-01T18:35:04.893+0700 [DEBUG] provider.terraform-provider-aws_v6.62.0_x5: Initializing Terraform AWS Provider (Framework-style)...
2026-09-01T18:35:04.895+0700 [INFO]  provider.terraform-provider-aws_v6.62.0_x5: configuring server automatic mTLS: timestamp="2026-09-01T18:35:04.895+0700"
2026-09-01T18:35:04.901+0700 [DEBUG] provider: using plugin: version=5
2026-09-01T18:35:04.901+0700 [DEBUG] provider.terraform-provider-aws_v6.62.0_x5: plugin address: network=unix address=/var/folders/dc/71w9ly4s1z5b3mp02_3x4pmm0000gn/T/plugin1257390680 timestamp="2026-09-01T18:35:04.901+0700"
2026-09-01T18:35:04.965+0700 [DEBUG] provider.terraform-provider-aws_v6.62.0_x5: Configuring Terraform AWS Provider: @caller=github.com/hashicorp/terraform-provider-aws/internal/conns/config.go:150 tf_mux_provider="*schema.GRPCProviderServer" tf_provider_addr=registry.terraform.io/hashicorp/aws tf_req_id=af31ac56-a402-8786-79e6-2f4706ced182 @module=aws tf_rpc=ConfigureProvider timestamp="2026-09-01T18:35:04.965+0700"
2026-09-01T18:35:04.965+0700 [DEBUG] provider.terraform-provider-aws_v6.62.0_x5: Resolving credentials provider: tf_mux_provider="*schema.GRPCProviderServer" tf_provider_addr=registry.terraform.io/hashicorp/aws @caller=github.com/hashicorp/aws-sdk-go-base/v2@v2.0.0-beta.73/logging/tf_logger.go:47 @module=aws.aws-base tf_req_id=af31ac56-a402-8786-79e6-2f4706ced182 tf_rpc=ConfigureProvider timestamp="2026-09-01T18:35:04.965+0700"
2026-09-01T18:35:04.965+0700 [DEBUG] provider.terraform-provider-aws_v6.62.0_x5: Setting profile: @module=aws.aws-base tf_aws.profile=master-programmatic-admin-role tf_provider_addr=registry.terraform.io/hashicorp/aws @caller=github.com/hashicorp/aws-sdk-go-base/v2@v2.0.0-beta.73/logging/tf_logger.go:47 tf_aws.profile.source=provider tf_mux_provider="*schema.GRPCProviderServer" tf_req_id=af31ac56-a402-8786-79e6-2f4706ced182 tf_rpc=ConfigureProvider timestamp="2026-09-01T18:35:04.965+0700"
2026-09-01T18:35:04.965+0700 [DEBUG] provider.terraform-provider-aws_v6.62.0_x5: Loading configuration: tf_mux_provider="*schema.GRPCProviderServer" tf_req_id=af31ac56-a402-8786-79e6-2f4706ced182 @caller=github.com/hashicorp/aws-sdk-go-base/v2@v2.0.0-beta.73/logging/tf_logger.go:47 tf_provider_addr=registry.terraform.io/hashicorp/aws tf_rpc=ConfigureProvider @module=aws.aws-base timestamp="2026-09-01T18:35:04.965+0700"
2026-09-01T18:35:04.965+0700 [DEBUG] provider.terraform-provider-aws_v6.62.0_x5: Retrieving credentials: tf_provider_addr=registry.terraform.io/hashicorp/aws @caller=github.com/hashicorp/aws-sdk-go-base/v2@v2.0.0-beta.73/logging/tf_logger.go:47 @module=aws.aws-base tf_req_id=af31ac56-a402-8786-79e6-2f4706ced182 tf_rpc=ConfigureProvider tf_mux_provider="*schema.GRPCProviderServer" timestamp="2026-09-01T18:35:04.965+0700"
2026-09-01T18:35:04.965+0700 [DEBUG] provider.terraform-provider-aws_v6.62.0_x5: HTTP Request Sent: http.request_content_length=185 http.request.header.amz_sdk_invocation_id=88f66180-6d63-4eb9-b54a-c6f191d2a25f http.request.header.amz_sdk_request="attempt=1; max=3" tf_req_id=af31ac56-a402-8786-79e6-2f4706ced182 tf_rpc=ConfigureProvider aws.region=ap-southeast-1 http.method=POST http.request.header.authorization="AWS4-HMAC-SHA256 Credential=AKIA************QVVS/20260901/ap-southeast-1/sts/aws4_request, SignedHeaders=amz-sdk-invocation-id;amz-sdk-request;content-length;content-type;host;x-amz-date, Signature=*****" net.peer.name=sts.ap-southeast-1.amazonaws.com rpc.method=STS/AssumeRole http.request.header.x_amz_date=20260901T113504Z @module=aws.aws-base
  http.request.body=
  | Action=AssumeRole&DurationSeconds=900&RoleArn=arn%3Aaws%3Aiam%3A%3A767397956626%3Arole%2Fmaster-programmatic-admin-role&RoleSessionName=aws-go-sdk-1788262504965625000&Version=2011-06-15
   http.request.header.content_type=application/x-www-form-urlencoded http.url=https://sts.ap-southeast-1.amazonaws.com/ http.user_agent="APN/1.0 HashiCorp/1.0 Terraform/1.16.0 (+https://www.terraform.io) terraform-provider-aws/6.62.0 (+https://registry.terraform.io/providers/hashicorp/aws) aws-sdk-go-v2/1.43.7 ua/2.1 os/macos lang/go#1.26.6 md/GOOS#darwin md/GOARCH#arm64 api/sts#1.45.7 m/n,o" rpc.system.name=aws-api @caller=github.com/hashicorp/aws-sdk-go-base/v2@v2.0.0-beta.73/logging/tf_logger.go:47 tf_aws.sdk=aws-sdk-go-v2 tf_aws.signing_region="" tf_mux_provider="*schema.GRPCProviderServer" tf_provider_addr=registry.terraform.io/hashicorp/aws timestamp="2026-09-01T18:35:04.965+0700"
2026-09-01T18:35:05.143+0700 [DEBUG] provider.terraform-provider-aws_v6.62.0_x5: HTTP Response Received: aws.region=ap-southeast-1 http.response.header.content_type=text/xml http.response.header.x_amz_sts_extended_request_id=MTphcC1zb3V0aGVhc3QtMTpTOjE3ODgyNjI1MDUyMTI6Ujoxa3FhS0pUMQ== tf_aws.sdk=aws-sdk-go-v2 tf_aws.signing_region="" tf_rpc=ConfigureProvider http.response_content_length=1545 rpc.method=STS/AssumeRole tf_mux_provider="*schema.GRPCProviderServer" tf_req_id=af31ac56-a402-8786-79e6-2f4706ced182 @module=aws.aws-base http.duration=176 http.response.header.date="Tue, 01 Sep 2026 11:35:05 GMT" http.status_code=200 rpc.system.name=aws-api
  http.response.body=
  | <AssumeRoleResponse xmlns="https://sts.amazonaws.com/doc/2011-06-15/">
  |   <AssumeRoleResult>
  |     <AssumedRoleUser>
  |       <AssumedRoleId>AROA*************CJFM:aws-go-sdk-1788262504965625000</AssumedRoleId>
  |       <Arn>arn:aws:sts::767397956626:assumed-role/master-programmatic-admin-role/aws-go-sdk-1788262504965625000</Arn>
  |     </AssumedRoleUser>
  |     <Credentials>
  |       <AccessKeyId>ASIA************JXD6</AccessKeyId>
  |       <SecretAccessKey>r44B********************************d/2g</SecretAccessKey>
  |       <SessionToken>IQoJb3JpZ2luX2VjEOT//////////wEaDmFwLXNvdXRoZWFzdC0xIkcwRQIgf/6LfOZSZeIswd0i8WhV5ry3HgiM6XiQGvsUUc6YUmwCIQDoVpgYU5lR6ild/ZcWnzu8uN+MN8ctrKBkL4lFrjQN3yq0Agit//////////8BEAAaDDc2NzM5Nzk1NjYyNiIM0GaQpzhfdBDYbm9fKogCVjYWmdiRfFvczysC9TKr/lOHUXn0oKXbr139H1wUNUQVY8iM9tuzW7AQehhpjkY7jM7Sq5HllJgepAvmLov0LHPiSfI2JNyX9nkQAIu9MBjTYT6miMnEXIBWKDLDqnI5fPovJqKZGRTa78UwvrLSv1WU+fCiRSU1UBMDhTZWeXUJMBMW5OfIXzroKxrgnWrpimdQmVkBTGL1PhT4HIhtIHNfw9G7RoRwMNcWT7xbKE/DXM2muhsdS9wlCoPok9bnRwOeE8BtF6f5JPqJ4QHtfa2tUdRZYgn67Eibiqe5C+xcOwyZWnNaxNRzrUDkuorKHYrIfA9u9tC0rii5/jEBD0n19JIGqE9wMOnw2tQGOp0Bm7r7tz7L9iUIzgl+RS5XLWodpi3z0McJdRqZsGiJW2SyiyTSsMKXn7aH9yyXrqGl72/VRW1vTZVuuevGYuFB5LgMAu8+TCG/UAlijz5IWVlcEONwj1P1GBwRdoClwr+kyQL68tcYB8JUxCII/ceiBmvfCHgmcvt8Gi7pyjsSX39MVMzAV1Fp3/p9bEMC0bsVjgyK1yNF2WW8bUxUlA==</SessionToken>
  |       <Expiration>2026-09-01T11:50:05Z</Expiration>
  |     </Credentials>
  |   </AssumeRoleResult>
  |   <ResponseMetadata>
  |     <RequestId>3d9175be-8be4-404f-afc0-9dd3192ecc94</RequestId>
  |   </ResponseMetadata>
  | </AssumeRoleResponse>
   http.response.header.x_amzn_requestid=3d9175be-8be4-404f-afc0-9dd3192ecc94 tf_provider_addr=registry.terraform.io/hashicorp/aws @caller=github.com/hashicorp/aws-sdk-go-base/v2@v2.0.0-beta.73/logging/tf_logger.go:47 timestamp="2026-09-01T18:35:05.143+0700"
2026-09-01T18:35:05.143+0700 [INFO]  provider.terraform-provider-aws_v6.62.0_x5: Retrieved credentials: @module=aws.aws-base tf_aws.credentials_source=AssumeRoleProvider tf_mux_provider="*schema.GRPCProviderServer" tf_req_id=af31ac56-a402-8786-79e6-2f4706ced182 tf_provider_addr=registry.terraform.io/hashicorp/aws tf_rpc=ConfigureProvider @caller=github.com/hashicorp/aws-sdk-go-base/v2@v2.0.0-beta.73/logging/tf_logger.go:39 timestamp="2026-09-01T18:35:05.143+0700"
2026-09-01T18:35:05.143+0700 [DEBUG] provider.terraform-provider-aws_v6.62.0_x5: Loading configuration: @caller=github.com/hashicorp/aws-sdk-go-base/v2@v2.0.0-beta.73/logging/tf_logger.go:47 tf_req_id=af31ac56-a402-8786-79e6-2f4706ced182 tf_rpc=ConfigureProvider @module=aws.aws-base tf_mux_provider="*schema.GRPCProviderServer" tf_provider_addr=registry.terraform.io/hashicorp/aws timestamp="2026-09-01T18:35:05.143+0700"
2026-09-01T18:35:05.143+0700 [DEBUG] provider.terraform-provider-aws_v6.62.0_x5: Retrieving AWS account details: @caller=github.com/hashicorp/terraform-provider-aws/internal/conns/config.go:188 @module=aws tf_mux_provider="*schema.GRPCProviderServer" tf_req_id=af31ac56-a402-8786-79e6-2f4706ced182 tf_provider_addr=registry.terraform.io/hashicorp/aws tf_rpc=ConfigureProvider timestamp="2026-09-01T18:35:05.143+0700"
2026-09-01T18:35:05.143+0700 [DEBUG] provider.terraform-provider-aws_v6.62.0_x5: Retrieving caller identity from STS: tf_rpc=ConfigureProvider @module=aws.aws-base tf_mux_provider="*schema.GRPCProviderServer" tf_provider_addr=registry.terraform.io/hashicorp/aws tf_req_id=af31ac56-a402-8786-79e6-2f4706ced182 @caller=github.com/hashicorp/aws-sdk-go-base/v2@v2.0.0-beta.73/logging/tf_logger.go:47 timestamp="2026-09-01T18:35:05.143+0700"
2026-09-01T18:35:05.144+0700 [DEBUG] provider.terraform-provider-aws_v6.62.0_x5: HTTP Request Sent: http.request_content_length=43 http.url=https://sts.ap-southeast-1.amazonaws.com/ tf_aws.sdk=aws-sdk-go-v2 tf_rpc=ConfigureProvider http.request.header.amz_sdk_invocation_id=792a1df8-d84f-424f-b2ed-b3e807f6ce9d http.request.header.authorization="AWS4-HMAC-SHA256 Credential=ASIA************JXD6/20260901/ap-southeast-1/sts/aws4_request, SignedHeaders=amz-sdk-invocation-id;amz-sdk-request;content-length;content-type;host;x-amz-date;x-amz-security-token, Signature=*****" tf_aws.signing_region="" tf_mux_provider="*schema.GRPCProviderServer" tf_req_id=af31ac56-a402-8786-79e6-2f4706ced182 @caller=github.com/hashicorp/aws-sdk-go-base/v2@v2.0.0-beta.73/logging/tf_logger.go:47
  http.request.body=
  | Action=GetCallerIdentity&Version=2011-06-15
   http.request.header.x_amz_date=20260901T113505Z http.user_agent="APN/1.0 HashiCorp/1.0 Terraform/1.16.0 (+https://www.terraform.io) terraform-provider-aws/6.62.0 (+https://registry.terraform.io/providers/hashicorp/aws) aws-sdk-go-v2/1.43.7 ua/2.1 os/macos lang/go#1.26.6 md/GOOS#darwin md/GOARCH#arm64 api/sts#1.45.7 m/i,n,o" tf_provider_addr=registry.terraform.io/hashicorp/aws aws.region=ap-southeast-1 http.request.header.amz_sdk_request="attempt=1; max=25" http.request.header.content_type=application/x-www-form-urlencoded net.peer.name=sts.ap-southeast-1.amazonaws.com rpc.method=STS/GetCallerIdentity rpc.system.name=aws-api @module=aws.aws-base http.method=POST http.request.header.x_amz_security_token="*****" timestamp="2026-09-01T18:35:05.143+0700"
2026-09-01T18:35:05.299+0700 [DEBUG] No policy client configured, skipping policy evaluation for provider["registry.terraform.io/hashicorp/aws"]
2026-09-01T18:35:05.299+0700 [DEBUG] provider.terraform-provider-aws_v6.62.0_x5: HTTP Response Received: http.response.header.content_type=text/xml rpc.method=STS/GetCallerIdentity tf_mux_provider="*schema.GRPCProviderServer" tf_provider_addr=registry.terraform.io/hashicorp/aws tf_rpc=ConfigureProvider http.response.header.date="Tue, 01 Sep 2026 11:35:05 GMT" http.response_content_length=497 rpc.system.name=aws-api tf_aws.signing_region="" @caller=github.com/hashicorp/aws-sdk-go-base/v2@v2.0.0-beta.73/logging/tf_logger.go:47 http.response.header.x_amz_sts_extended_request_id=MTphcC1zb3V0aGVhc3QtMTpTOjE3ODgyNjI1MDUzODM6UjpWS3lidVhKUg== http.status_code=200 tf_aws.sdk=aws-sdk-go-v2 @module=aws.aws-base aws.region=ap-southeast-1 http.duration=152
  http.response.body=
  | <GetCallerIdentityResponse xmlns="https://sts.amazonaws.com/doc/2011-06-15/">
  |   <GetCallerIdentityResult>
  |     <Arn>arn:aws:sts::767397956626:assumed-role/master-programmatic-admin-role/aws-go-sdk-1788262504965625000</Arn>
  |     <UserId>AROA*************CJFM:aws-go-sdk-1788262504965625000</UserId>
  |     <Account>767397956626</Account>
  |   </GetCallerIdentityResult>
  |   <ResponseMetadata>
  |     <RequestId>120b99c5-6cda-4362-ad88-e508c3adb27e</RequestId>
  |   </ResponseMetadata>
  | </GetCallerIdentityResponse>
   http.response.header.x_amzn_requestid=120b99c5-6cda-4362-ad88-e508c3adb27e tf_req_id=af31ac56-a402-8786-79e6-2f4706ced182 timestamp="2026-09-01T18:35:05.296+0700"
2026-09-01T18:35:05.300+0700 [INFO]  provider.terraform-provider-aws_v6.62.0_x5: Retrieved caller identity from STS: tf_mux_provider="*schema.GRPCProviderServer" tf_req_id=af31ac56-a402-8786-79e6-2f4706ced182 @caller=github.com/hashicorp/aws-sdk-go-base/v2@v2.0.0-beta.73/logging/tf_logger.go:39 tf_provider_addr=registry.terraform.io/hashicorp/aws tf_rpc=ConfigureProvider @module=aws.aws-base timestamp="2026-09-01T18:35:05.297+0700"
2026-09-01T18:35:05.300+0700 [DEBUG] provider.stdio: received EOF, stopping recv loop: err="rpc error: code = Unavailable desc = error reading from server: EOF"
2026-09-01T18:35:05.308+0700 [INFO]  provider: plugin process exited: plugin=.terraform/providers/registry.terraform.io/hashicorp/aws/6.62.0/darwin_arm64/terraform-provider-aws_v6.62.0_x5 id=88185
2026-09-01T18:35:05.308+0700 [DEBUG] provider: plugin exited
2026-09-01T18:35:35.735+0700 [INFO]  Terraform version: 1.16.0
2026-09-01T18:35:35.735+0700 [DEBUG] using github.com/hashicorp/go-tfe v1.108.0
2026-09-01T18:35:35.735+0700 [DEBUG] using github.com/hashicorp/hcl/v2 v2.24.0
2026-09-01T18:35:35.735+0700 [DEBUG] using github.com/hashicorp/terraform-svchost v0.2.1
2026-09-01T18:35:35.735+0700 [DEBUG] using github.com/zclconf/go-cty v1.18.1
2026-09-01T18:35:35.735+0700 [INFO]  Go runtime version: go1.26.4
2026-09-01T18:35:35.735+0700 [INFO]  CLI args: []string{"terraform", "apply", "-auto-approve"}
2026-09-01T18:35:35.736+0700 [DEBUG] Attempting to open CLI config file: /Users/thettun/.terraformrc
2026-09-01T18:35:35.736+0700 [DEBUG] File doesn't exist, but doesn't need to. Ignoring.
2026-09-01T18:35:35.736+0700 [DEBUG] ignoring non-existing provider search directory terraform.d/plugins
2026-09-01T18:35:35.736+0700 [DEBUG] ignoring non-existing provider search directory /Users/thettun/.terraform.d/plugins
2026-09-01T18:35:35.736+0700 [DEBUG] ignoring non-existing provider search directory /Users/thettun/Library/Application Support/io.terraform/plugins
2026-09-01T18:35:35.736+0700 [DEBUG] ignoring non-existing provider search directory /Library/Application Support/io.terraform/plugins
2026-09-01T18:35:35.738+0700 [INFO]  CLI command args: []string{"apply", "-auto-approve"}
2026-09-01T18:35:36.536+0700 [DEBUG] checking for provisioner in "."
2026-09-01T18:35:36.538+0700 [DEBUG] checking for provisioner in "/opt/homebrew/bin"
2026-09-01T18:35:36.542+0700 [INFO]  backend/local: starting Apply operation
2026-09-01T18:35:36.549+0700 [DEBUG] Starting graph walk: walkInit
2026-09-01T18:35:36.553+0700 [DEBUG] created provider logger: level=debug
2026-09-01T18:35:36.553+0700 [INFO]  provider: configuring client automatic mTLS
2026-09-01T18:35:36.561+0700 [DEBUG] provider: starting plugin: path=.terraform/providers/registry.terraform.io/hashicorp/aws/6.62.0/darwin_arm64/terraform-provider-aws_v6.62.0_x5 args=[".terraform/providers/registry.terraform.io/hashicorp/aws/6.62.0/darwin_arm64/terraform-provider-aws_v6.62.0_x5"]
2026-09-01T18:35:36.575+0700 [DEBUG] provider: plugin started: path=.terraform/providers/registry.terraform.io/hashicorp/aws/6.62.0/darwin_arm64/terraform-provider-aws_v6.62.0_x5 pid=88577
2026-09-01T18:35:36.575+0700 [DEBUG] provider: waiting for RPC address: plugin=.terraform/providers/registry.terraform.io/hashicorp/aws/6.62.0/darwin_arm64/terraform-provider-aws_v6.62.0_x5
2026-09-01T18:35:36.780+0700 [DEBUG] provider.terraform-provider-aws_v6.62.0_x5: Starting github.com/hashicorp/terraform-provider-aws@6.62.0 (go1.26.6)...
2026-09-01T18:35:36.780+0700 [DEBUG] provider.terraform-provider-aws_v6.62.0_x5: Creating Terraform AWS Provider (SDKv2-style)...
2026-09-01T18:35:36.780+0700 [DEBUG] provider.terraform-provider-aws_v6.62.0_x5: Initializing Terraform AWS Provider (SDKv2-style)...
2026-09-01T18:35:36.819+0700 [DEBUG] provider.terraform-provider-aws_v6.62.0_x5: Creating Terraform AWS Provider (Framework-style)...
2026-09-01T18:35:36.819+0700 [DEBUG] provider.terraform-provider-aws_v6.62.0_x5: Initializing Terraform AWS Provider (Framework-style)...
2026-09-01T18:35:36.822+0700 [INFO]  provider.terraform-provider-aws_v6.62.0_x5: configuring server automatic mTLS: timestamp="2026-09-01T18:35:36.822+0700"
2026-09-01T18:35:36.828+0700 [DEBUG] provider: using plugin: version=5
2026-09-01T18:35:36.828+0700 [DEBUG] provider.terraform-provider-aws_v6.62.0_x5: plugin address: address=/var/folders/dc/71w9ly4s1z5b3mp02_3x4pmm0000gn/T/plugin3532144490 network=unix timestamp="2026-09-01T18:35:36.828+0700"
2026-09-01T18:35:37.907+0700 [DEBUG] provider.stdio: received EOF, stopping recv loop: err="rpc error: code = Unavailable desc = error reading from server: EOF"
2026-09-01T18:35:37.916+0700 [INFO]  provider: plugin process exited: plugin=.terraform/providers/registry.terraform.io/hashicorp/aws/6.62.0/darwin_arm64/terraform-provider-aws_v6.62.0_x5 id=88577
2026-09-01T18:35:37.916+0700 [DEBUG] provider: plugin exited
2026-09-01T18:35:37.916+0700 [DEBUG] created provider logger: level=debug
2026-09-01T18:35:37.916+0700 [INFO]  provider: configuring client automatic mTLS
2026-09-01T18:35:37.919+0700 [DEBUG] provider: starting plugin: path=.terraform/providers/registry.terraform.io/hashicorp/azurerm/5.0.0/darwin_arm64/terraform-provider-azurerm_v5.0.0_x5 args=[".terraform/providers/registry.terraform.io/hashicorp/azurerm/5.0.0/darwin_arm64/terraform-provider-azurerm_v5.0.0_x5"]
2026-09-01T18:35:37.924+0700 [DEBUG] provider: plugin started: path=.terraform/providers/registry.terraform.io/hashicorp/azurerm/5.0.0/darwin_arm64/terraform-provider-azurerm_v5.0.0_x5 pid=88578
2026-09-01T18:35:37.924+0700 [DEBUG] provider: waiting for RPC address: plugin=.terraform/providers/registry.terraform.io/hashicorp/azurerm/5.0.0/darwin_arm64/terraform-provider-azurerm_v5.0.0_x5
2026-09-01T18:35:37.999+0700 [DEBUG] provider.terraform-provider-azurerm_v5.0.0_x5: [DEBUG] Registering Data Sources for "AAD B2C"..
2026-09-01T18:35:37.999+0700 [DEBUG] provider.terraform-provider-azurerm_v5.0.0_x5: [DEBUG] Registering Resources for "AAD B2C"..
2026-09-01T18:35:37.999+0700 [DEBUG] provider.terraform-provider-azurerm_v5.0.0_x5: [DEBUG] Registering Data Sources for "API Management"..
2026-09-01T18:35:37.999+0700 [DEBUG] provider.terraform-provider-azurerm_v5.0.0_x5: [DEBUG] Registering Resources for "API Management"..
2026-09-01T18:35:38.000+0700 [DEBUG] provider.terraform-provider-azurerm_v5.0.0_x5: [DEBUG] Registering Data Sources for "App Configuration"..
2026-09-01T18:35:38.000+0700 [DEBUG] provider.terraform-provider-azurerm_v5.0.0_x5: [DEBUG] Registering Resources for "App Configuration"..
2026-09-01T18:35:38.000+0700 [DEBUG] provider.terraform-provider-azurerm_v5.0.0_x5: [DEBUG] Registering Data Sources for "Application Insights"..
2026-09-01T18:35:38.000+0700 [DEBUG] provider.terraform-provider-azurerm_v5.0.0_x5: [DEBUG] Registering Resources for "Application Insights"..
2026-09-01T18:35:38.001+0700 [DEBUG] provider.terraform-provider-azurerm_v5.0.0_x5: [DEBUG] Registering Data Sources for "AppService"..
2026-09-01T18:35:38.002+0700 [DEBUG] provider.terraform-provider-azurerm_v5.0.0_x5: [DEBUG] Registering Resources for "AppService"..
2026-09-01T18:35:38.006+0700 [DEBUG] provider.terraform-provider-azurerm_v5.0.0_x5: [DEBUG] Registering Data Sources for "ArcKubernetes"..
2026-09-01T18:35:38.006+0700 [DEBUG] provider.terraform-provider-azurerm_v5.0.0_x5: [DEBUG] Registering Resources for "ArcKubernetes"..
2026-09-01T18:35:38.007+0700 [DEBUG] provider.terraform-provider-azurerm_v5.0.0_x5: [DEBUG] Registering Data Sources for "Arc Resource Bridge"..
2026-09-01T18:35:38.007+0700 [DEBUG] provider.terraform-provider-azurerm_v5.0.0_x5: [DEBUG] Registering Resources for "Arc Resource Bridge"..
2026-09-01T18:35:38.007+0700 [DEBUG] provider.terraform-provider-azurerm_v5.0.0_x5: [DEBUG] Registering Data Sources for "Authorization"..
2026-09-01T18:35:38.007+0700 [DEBUG] provider.terraform-provider-azurerm_v5.0.0_x5: [DEBUG] Registering Resources for "Authorization"..
2026-09-01T18:35:38.007+0700 [DEBUG] provider.terraform-provider-azurerm_v5.0.0_x5: [DEBUG] Registering Data Sources for "Automanage"..
2026-09-01T18:35:38.007+0700 [DEBUG] provider.terraform-provider-azurerm_v5.0.0_x5: [DEBUG] Registering Resources for "Automanage"..
2026-09-01T18:35:38.007+0700 [DEBUG] provider.terraform-provider-azurerm_v5.0.0_x5: [DEBUG] Registering Data Sources for "Automation"..
2026-09-01T18:35:38.007+0700 [DEBUG] provider.terraform-provider-azurerm_v5.0.0_x5: [DEBUG] Registering Resources for "Automation"..
2026-09-01T18:35:38.008+0700 [DEBUG] provider.terraform-provider-azurerm_v5.0.0_x5: [DEBUG] Registering Data Sources for "Advisor"..
2026-09-01T18:35:38.008+0700 [DEBUG] provider.terraform-provider-azurerm_v5.0.0_x5: [DEBUG] Registering Resources for "Advisor"..
2026-09-01T18:35:38.008+0700 [DEBUG] provider.terraform-provider-azurerm_v5.0.0_x5: [DEBUG] Registering Data Sources for "Azure Stack HCI"..
2026-09-01T18:35:38.008+0700 [DEBUG] provider.terraform-provider-azurerm_v5.0.0_x5: [DEBUG] Registering Resources for "Azure Stack HCI"..
2026-09-01T18:35:38.008+0700 [DEBUG] provider.terraform-provider-azurerm_v5.0.0_x5: [DEBUG] Registering Data Sources for "Batch"..
2026-09-01T18:35:38.008+0700 [DEBUG] provider.terraform-provider-azurerm_v5.0.0_x5: [DEBUG] Registering Resources for "Batch"..
2026-09-01T18:35:38.008+0700 [DEBUG] provider.terraform-provider-azurerm_v5.0.0_x5: [DEBUG] Registering Data Sources for "Bot"..
2026-09-01T18:35:38.008+0700 [DEBUG] provider.terraform-provider-azurerm_v5.0.0_x5: [DEBUG] Registering Resources for "Bot"..
2026-09-01T18:35:38.008+0700 [DEBUG] provider.terraform-provider-azurerm_v5.0.0_x5: [DEBUG] Registering Data Sources for "CDN"..
2026-09-01T18:35:38.008+0700 [DEBUG] provider.terraform-provider-azurerm_v5.0.0_x5: [DEBUG] Registering Resources for "CDN"..
2026-09-01T18:35:38.008+0700 [DEBUG] provider.terraform-provider-azurerm_v5.0.0_x5: [DEBUG] Registering Data Sources for "Trusted Signing"..
2026-09-01T18:35:38.008+0700 [DEBUG] provider.terraform-provider-azurerm_v5.0.0_x5: [DEBUG] Registering Resources for "Trusted Signing"..
2026-09-01T18:35:38.008+0700 [DEBUG] provider.terraform-provider-azurerm_v5.0.0_x5: [DEBUG] Registering Data Sources for "Cognitive Services"..
2026-09-01T18:35:38.009+0700 [DEBUG] provider.terraform-provider-azurerm_v5.0.0_x5: [DEBUG] Registering Resources for "Cognitive Services"..
2026-09-01T18:35:38.009+0700 [DEBUG] provider.terraform-provider-azurerm_v5.0.0_x5: [DEBUG] Registering Data Sources for "Communication"..
2026-09-01T18:35:38.009+0700 [DEBUG] provider.terraform-provider-azurerm_v5.0.0_x5: [DEBUG] Registering Resources for "Communication"..
2026-09-01T18:35:38.009+0700 [DEBUG] provider.terraform-provider-azurerm_v5.0.0_x5: [DEBUG] Registering Data Sources for "Compute"..
2026-09-01T18:35:38.009+0700 [DEBUG] provider.terraform-provider-azurerm_v5.0.0_x5: [DEBUG] Registering Resources for "Compute"..
2026-09-01T18:35:38.009+0700 [DEBUG] provider.terraform-provider-azurerm_v5.0.0_x5: [DEBUG] Registering Data Sources for "Connections"..
2026-09-01T18:35:38.009+0700 [DEBUG] provider.terraform-provider-azurerm_v5.0.0_x5: [DEBUG] Registering Resources for "Connections"..
2026-09-01T18:35:38.009+0700 [DEBUG] provider.terraform-provider-azurerm_v5.0.0_x5: [DEBUG] Registering Data Sources for "Consumption"..
2026-09-01T18:35:38.009+0700 [DEBUG] provider.terraform-provider-azurerm_v5.0.0_x5: [DEBUG] Registering Resources for "Consumption"..
2026-09-01T18:35:38.010+0700 [DEBUG] provider.terraform-provider-azurerm_v5.0.0_x5: [DEBUG] Registering Data Sources for "Container Apps"..
2026-09-01T18:35:38.010+0700 [DEBUG] provider.terraform-provider-azurerm_v5.0.0_x5: [DEBUG] Registering Resources for "Container Apps"..
2026-09-01T18:35:38.010+0700 [DEBUG] provider.terraform-provider-azurerm_v5.0.0_x5: [DEBUG] Registering Data Sources for "CosmosDB"..
2026-09-01T18:35:38.010+0700 [DEBUG] provider.terraform-provider-azurerm_v5.0.0_x5: [DEBUG] Registering Resources for "CosmosDB"..
2026-09-01T18:35:38.011+0700 [DEBUG] provider.terraform-provider-azurerm_v5.0.0_x5: [DEBUG] Registering Data Sources for "Cost Management"..
2026-09-01T18:35:38.011+0700 [DEBUG] provider.terraform-provider-azurerm_v5.0.0_x5: [DEBUG] Registering Resources for "Cost Management"..
2026-09-01T18:35:38.011+0700 [DEBUG] provider.terraform-provider-azurerm_v5.0.0_x5: [DEBUG] Registering Data Sources for "Dashboard"..
2026-09-01T18:35:38.011+0700 [DEBUG] provider.terraform-provider-azurerm_v5.0.0_x5: [DEBUG] Registering Resources for "Dashboard"..
2026-09-01T18:35:38.011+0700 [DEBUG] provider.terraform-provider-azurerm_v5.0.0_x5: [DEBUG] Registering Data Sources for "Databox Edge"..
2026-09-01T18:35:38.011+0700 [DEBUG] provider.terraform-provider-azurerm_v5.0.0_x5: [DEBUG] Registering Resources for "Databox Edge"..
2026-09-01T18:35:38.011+0700 [DEBUG] provider.terraform-provider-azurerm_v5.0.0_x5: [DEBUG] Registering Data Sources for "DataBricks"..
2026-09-01T18:35:38.011+0700 [DEBUG] provider.terraform-provider-azurerm_v5.0.0_x5: [DEBUG] Registering Resources for "DataBricks"..
2026-09-01T18:35:38.011+0700 [DEBUG] provider.terraform-provider-azurerm_v5.0.0_x5: [DEBUG] Registering Data Sources for "Data Factory"..
2026-09-01T18:35:38.011+0700 [DEBUG] provider.terraform-provider-azurerm_v5.0.0_x5: [DEBUG] Registering Resources for "Data Factory"..
2026-09-01T18:35:38.012+0700 [DEBUG] provider.terraform-provider-azurerm_v5.0.0_x5: [DEBUG] Registering Data Sources for "DataProtection"..
2026-09-01T18:35:38.012+0700 [DEBUG] provider.terraform-provider-azurerm_v5.0.0_x5: [DEBUG] Registering Resources for "DataProtection"..
2026-09-01T18:35:38.012+0700 [DEBUG] provider.terraform-provider-azurerm_v5.0.0_x5: [DEBUG] Registering Data Sources for "Desktop Virtualization"..
2026-09-01T18:35:38.012+0700 [DEBUG] provider.terraform-provider-azurerm_v5.0.0_x5: [DEBUG] Registering Resources for "Desktop Virtualization"..
2026-09-01T18:35:38.012+0700 [DEBUG] provider.terraform-provider-azurerm_v5.0.0_x5: [DEBUG] Registering Data Sources for "Digital Twins"..
2026-09-01T18:35:38.012+0700 [DEBUG] provider.terraform-provider-azurerm_v5.0.0_x5: [DEBUG] Registering Resources for "Digital Twins"..
2026-09-01T18:35:38.012+0700 [DEBUG] provider.terraform-provider-azurerm_v5.0.0_x5: [DEBUG] Registering Data Sources for "DNS"..
2026-09-01T18:35:38.012+0700 [DEBUG] provider.terraform-provider-azurerm_v5.0.0_x5: [DEBUG] Registering Resources for "DNS"..
2026-09-01T18:35:38.012+0700 [DEBUG] provider.terraform-provider-azurerm_v5.0.0_x5: [DEBUG] Registering Data Sources for "DomainServices"..
2026-09-01T18:35:38.012+0700 [DEBUG] provider.terraform-provider-azurerm_v5.0.0_x5: [DEBUG] Registering Resources for "DomainServices"..
2026-09-01T18:35:38.012+0700 [DEBUG] provider.terraform-provider-azurerm_v5.0.0_x5: [DEBUG] Registering Data Sources for "Dynatrace"..
2026-09-01T18:35:38.012+0700 [DEBUG] provider.terraform-provider-azurerm_v5.0.0_x5: [DEBUG] Registering Resources for "Dynatrace"..
2026-09-01T18:35:38.012+0700 [DEBUG] provider.terraform-provider-azurerm_v5.0.0_x5: [DEBUG] Registering Data Sources for "ElasticSan"..
2026-09-01T18:35:38.013+0700 [DEBUG] provider.terraform-provider-azurerm_v5.0.0_x5: [DEBUG] Registering Resources for "ElasticSan"..
2026-09-01T18:35:38.013+0700 [DEBUG] provider.terraform-provider-azurerm_v5.0.0_x5: [DEBUG] Registering Data Sources for "EventGrid"..
2026-09-01T18:35:38.013+0700 [DEBUG] provider.terraform-provider-azurerm_v5.0.0_x5: [DEBUG] Registering Resources for "EventGrid"..
2026-09-01T18:35:38.013+0700 [DEBUG] provider.terraform-provider-azurerm_v5.0.0_x5: [DEBUG] Registering Data Sources for "EventHub"..
2026-09-01T18:35:38.013+0700 [DEBUG] provider.terraform-provider-azurerm_v5.0.0_x5: [DEBUG] Registering Resources for "EventHub"..
2026-09-01T18:35:38.013+0700 [DEBUG] provider.terraform-provider-azurerm_v5.0.0_x5: [DEBUG] Registering Data Sources for "ExtendedLocation"..
2026-09-01T18:35:38.013+0700 [DEBUG] provider.terraform-provider-azurerm_v5.0.0_x5: [DEBUG] Registering Resources for "ExtendedLocation"..
2026-09-01T18:35:38.013+0700 [DEBUG] provider.terraform-provider-azurerm_v5.0.0_x5: [DEBUG] Registering Data Sources for "Fabric"..
2026-09-01T18:35:38.013+0700 [DEBUG] provider.terraform-provider-azurerm_v5.0.0_x5: [DEBUG] Registering Resources for "Fabric"..
2026-09-01T18:35:38.013+0700 [DEBUG] provider.terraform-provider-azurerm_v5.0.0_x5: [DEBUG] Registering Data Sources for "Fluid Relay"..
2026-09-01T18:35:38.013+0700 [DEBUG] provider.terraform-provider-azurerm_v5.0.0_x5: [DEBUG] Registering Resources for "Fluid Relay"..
2026-09-01T18:35:38.013+0700 [DEBUG] provider.terraform-provider-azurerm_v5.0.0_x5: [DEBUG] Registering Data Sources for "Graph Services"..
2026-09-01T18:35:38.013+0700 [DEBUG] provider.terraform-provider-azurerm_v5.0.0_x5: [DEBUG] Registering Resources for "Graph Services"..
2026-09-01T18:35:38.013+0700 [DEBUG] provider.terraform-provider-azurerm_v5.0.0_x5: [DEBUG] Registering Data Sources for "Hybrid Compute"..
2026-09-01T18:35:38.013+0700 [DEBUG] provider.terraform-provider-azurerm_v5.0.0_x5: [DEBUG] Registering Resources for "Hybrid Compute"..
2026-09-01T18:35:38.013+0700 [DEBUG] provider.terraform-provider-azurerm_v5.0.0_x5: [DEBUG] Registering Data Sources for "IoT Central"..
2026-09-01T18:35:38.013+0700 [DEBUG] provider.terraform-provider-azurerm_v5.0.0_x5: [DEBUG] Registering Resources for "IoT Central"..
2026-09-01T18:35:38.013+0700 [DEBUG] provider.terraform-provider-azurerm_v5.0.0_x5: [DEBUG] Registering Data Sources for "IoT Hub"..
2026-09-01T18:35:38.013+0700 [DEBUG] provider.terraform-provider-azurerm_v5.0.0_x5: [DEBUG] Registering Resources for "IoT Hub"..
2026-09-01T18:35:38.013+0700 [DEBUG] provider.terraform-provider-azurerm_v5.0.0_x5: [DEBUG] Registering Data Sources for "KeyVault"..
2026-09-01T18:35:38.014+0700 [DEBUG] provider.terraform-provider-azurerm_v5.0.0_x5: [DEBUG] Registering Resources for "KeyVault"..
2026-09-01T18:35:38.014+0700 [DEBUG] provider.terraform-provider-azurerm_v5.0.0_x5: [DEBUG] Registering Data Sources for "Kusto"..
2026-09-01T18:35:38.014+0700 [DEBUG] provider.terraform-provider-azurerm_v5.0.0_x5: [DEBUG] Registering Resources for "Kusto"..
2026-09-01T18:35:38.014+0700 [DEBUG] provider.terraform-provider-azurerm_v5.0.0_x5: [DEBUG] Registering Data Sources for "Load Balancer"..
2026-09-01T18:35:38.014+0700 [DEBUG] provider.terraform-provider-azurerm_v5.0.0_x5: [DEBUG] Registering Resources for "Load Balancer"..
2026-09-01T18:35:38.014+0700 [DEBUG] provider.terraform-provider-azurerm_v5.0.0_x5: [DEBUG] Registering Data Sources for "LoadTestService"..
2026-09-01T18:35:38.014+0700 [DEBUG] provider.terraform-provider-azurerm_v5.0.0_x5: [DEBUG] Registering Resources for "LoadTestService"..
2026-09-01T18:35:38.014+0700 [DEBUG] provider.terraform-provider-azurerm_v5.0.0_x5: [DEBUG] Registering Data Sources for "Log Analytics"..
2026-09-01T18:35:38.014+0700 [DEBUG] provider.terraform-provider-azurerm_v5.0.0_x5: [DEBUG] Registering Resources for "Log Analytics"..
2026-09-01T18:35:38.014+0700 [DEBUG] provider.terraform-provider-azurerm_v5.0.0_x5: [DEBUG] Registering Data Sources for "Logic"..
2026-09-01T18:35:38.014+0700 [DEBUG] provider.terraform-provider-azurerm_v5.0.0_x5: [DEBUG] Registering Resources for "Logic"..
2026-09-01T18:35:38.014+0700 [DEBUG] provider.terraform-provider-azurerm_v5.0.0_x5: [DEBUG] Registering Data Sources for "Machine Learning"..
2026-09-01T18:35:38.014+0700 [DEBUG] provider.terraform-provider-azurerm_v5.0.0_x5: [DEBUG] Registering Resources for "Machine Learning"..
2026-09-01T18:35:38.014+0700 [DEBUG] provider.terraform-provider-azurerm_v5.0.0_x5: [DEBUG] Registering Data Sources for "Maintenance"..
2026-09-01T18:35:38.014+0700 [DEBUG] provider.terraform-provider-azurerm_v5.0.0_x5: [DEBUG] Registering Resources for "Maintenance"..
2026-09-01T18:35:38.014+0700 [DEBUG] provider.terraform-provider-azurerm_v5.0.0_x5: [DEBUG] Registering Data Sources for "Managed DevOps Pools"..
2026-09-01T18:35:38.014+0700 [DEBUG] provider.terraform-provider-azurerm_v5.0.0_x5: [DEBUG] Registering Resources for "Managed DevOps Pools"..
2026-09-01T18:35:38.015+0700 [DEBUG] provider.terraform-provider-azurerm_v5.0.0_x5: [DEBUG] Registering Data Sources for "Managed HSM"..
2026-09-01T18:35:38.015+0700 [DEBUG] provider.terraform-provider-azurerm_v5.0.0_x5: [DEBUG] Registering Resources for "Managed HSM"..
2026-09-01T18:35:38.015+0700 [DEBUG] provider.terraform-provider-azurerm_v5.0.0_x5: [DEBUG] Registering Data Sources for "Managed Redis"..
2026-09-01T18:35:38.015+0700 [DEBUG] provider.terraform-provider-azurerm_v5.0.0_x5: [DEBUG] Registering Resources for "Managed Redis"..
2026-09-01T18:35:38.015+0700 [DEBUG] provider.terraform-provider-azurerm_v5.0.0_x5: [DEBUG] Registering Data Sources for "Mongo Cluster"..
2026-09-01T18:35:38.015+0700 [DEBUG] provider.terraform-provider-azurerm_v5.0.0_x5: [DEBUG] Registering Resources for "Mongo Cluster"..
2026-09-01T18:35:38.015+0700 [DEBUG] provider.terraform-provider-azurerm_v5.0.0_x5: [DEBUG] Registering Data Sources for "Monitor"..
2026-09-01T18:35:38.015+0700 [DEBUG] provider.terraform-provider-azurerm_v5.0.0_x5: [DEBUG] Registering Resources for "Monitor"..
2026-09-01T18:35:38.016+0700 [DEBUG] provider.terraform-provider-azurerm_v5.0.0_x5: [DEBUG] Registering Data Sources for "Microsoft SQL Server / Azure SQL"..
2026-09-01T18:35:38.016+0700 [DEBUG] provider.terraform-provider-azurerm_v5.0.0_x5: [DEBUG] Registering Resources for "Microsoft SQL Server / Azure SQL"..
2026-09-01T18:35:38.016+0700 [DEBUG] provider.terraform-provider-azurerm_v5.0.0_x5: [DEBUG] Registering Data Sources for "Microsoft SQL Server Managed Instances"..
2026-09-01T18:35:38.016+0700 [DEBUG] provider.terraform-provider-azurerm_v5.0.0_x5: [DEBUG] Registering Resources for "Microsoft SQL Server Managed Instances"..
2026-09-01T18:35:38.016+0700 [DEBUG] provider.terraform-provider-azurerm_v5.0.0_x5: [DEBUG] Registering Data Sources for "MySQL"..
2026-09-01T18:35:38.016+0700 [DEBUG] provider.terraform-provider-azurerm_v5.0.0_x5: [DEBUG] Registering Resources for "MySQL"..
2026-09-01T18:35:38.016+0700 [DEBUG] provider.terraform-provider-azurerm_v5.0.0_x5: [DEBUG] Registering Data Sources for "NetApp"..
2026-09-01T18:35:38.017+0700 [DEBUG] provider.terraform-provider-azurerm_v5.0.0_x5: [DEBUG] Registering Resources for "NetApp"..
2026-09-01T18:35:38.017+0700 [DEBUG] provider.terraform-provider-azurerm_v5.0.0_x5: [DEBUG] Registering Data Sources for "Network"..
2026-09-01T18:35:38.017+0700 [DEBUG] provider.terraform-provider-azurerm_v5.0.0_x5: [DEBUG] Registering Resources for "Network"..
2026-09-01T18:35:38.018+0700 [DEBUG] provider.terraform-provider-azurerm_v5.0.0_x5: [DEBUG] Registering Data Sources for "Network Function"..
2026-09-01T18:35:38.018+0700 [DEBUG] provider.terraform-provider-azurerm_v5.0.0_x5: [DEBUG] Registering Resources for "Network Function"..
2026-09-01T18:35:38.018+0700 [DEBUG] provider.terraform-provider-azurerm_v5.0.0_x5: [DEBUG] Registering Data Sources for "New Relic"..
2026-09-01T18:35:38.018+0700 [DEBUG] provider.terraform-provider-azurerm_v5.0.0_x5: [DEBUG] Registering Resources for "New Relic"..
2026-09-01T18:35:38.018+0700 [DEBUG] provider.terraform-provider-azurerm_v5.0.0_x5: [DEBUG] Registering Data Sources for "Nginx"..
2026-09-01T18:35:38.018+0700 [DEBUG] provider.terraform-provider-azurerm_v5.0.0_x5: [DEBUG] Registering Resources for "Nginx"..
2026-09-01T18:35:38.019+0700 [DEBUG] provider.terraform-provider-azurerm_v5.0.0_x5: [DEBUG] Registering Data Sources for "Oracle"..
2026-09-01T18:35:38.019+0700 [DEBUG] provider.terraform-provider-azurerm_v5.0.0_x5: [DEBUG] Registering Resources for "Oracle"..
2026-09-01T18:35:38.019+0700 [DEBUG] provider.terraform-provider-azurerm_v5.0.0_x5: [DEBUG] Registering Data Sources for "Orbital"..
2026-09-01T18:35:38.019+0700 [DEBUG] provider.terraform-provider-azurerm_v5.0.0_x5: [DEBUG] Registering Resources for "Orbital"..
2026-09-01T18:35:38.019+0700 [DEBUG] provider.terraform-provider-azurerm_v5.0.0_x5: [DEBUG] Registering Data Sources for "Palo Alto"..
2026-09-01T18:35:38.019+0700 [DEBUG] provider.terraform-provider-azurerm_v5.0.0_x5: [DEBUG] Registering Resources for "Palo Alto"..
2026-09-01T18:35:38.020+0700 [DEBUG] provider.terraform-provider-azurerm_v5.0.0_x5: [DEBUG] Registering Data Sources for "Policy"..
2026-09-01T18:35:38.020+0700 [DEBUG] provider.terraform-provider-azurerm_v5.0.0_x5: [DEBUG] Registering Resources for "Policy"..
2026-09-01T18:35:38.020+0700 [DEBUG] provider.terraform-provider-azurerm_v5.0.0_x5: [DEBUG] Registering Data Sources for "PostgreSQL"..
2026-09-01T18:35:38.020+0700 [DEBUG] provider.terraform-provider-azurerm_v5.0.0_x5: [DEBUG] Registering Resources for "PostgreSQL"..
2026-09-01T18:35:38.020+0700 [DEBUG] provider.terraform-provider-azurerm_v5.0.0_x5: [DEBUG] Registering Data Sources for "Private DNS Resolver"..
2026-09-01T18:35:38.020+0700 [DEBUG] provider.terraform-provider-azurerm_v5.0.0_x5: [DEBUG] Registering Resources for "Private DNS Resolver"..
2026-09-01T18:35:38.020+0700 [DEBUG] provider.terraform-provider-azurerm_v5.0.0_x5: [DEBUG] Registering Data Sources for "Qumulo"..
2026-09-01T18:35:38.020+0700 [DEBUG] provider.terraform-provider-azurerm_v5.0.0_x5: [DEBUG] Registering Resources for "Qumulo"..
2026-09-01T18:35:38.020+0700 [DEBUG] provider.terraform-provider-azurerm_v5.0.0_x5: [DEBUG] Registering Data Sources for "Recovery Services"..
2026-09-01T18:35:38.020+0700 [DEBUG] provider.terraform-provider-azurerm_v5.0.0_x5: [DEBUG] Registering Resources for "Recovery Services"..
2026-09-01T18:35:38.021+0700 [DEBUG] provider.terraform-provider-azurerm_v5.0.0_x5: [DEBUG] Registering Data Sources for "Red Hat OpenShift"..
2026-09-01T18:35:38.021+0700 [DEBUG] provider.terraform-provider-azurerm_v5.0.0_x5: [DEBUG] Registering Resources for "Red Hat OpenShift"..
2026-09-01T18:35:38.021+0700 [DEBUG] provider.terraform-provider-azurerm_v5.0.0_x5: [DEBUG] Registering Data Sources for "Redis"..
2026-09-01T18:35:38.021+0700 [DEBUG] provider.terraform-provider-azurerm_v5.0.0_x5: [DEBUG] Registering Resources for "Redis"..
2026-09-01T18:35:38.021+0700 [DEBUG] provider.terraform-provider-azurerm_v5.0.0_x5: [DEBUG] Registering Data Sources for "Resources"..
2026-09-01T18:35:38.021+0700 [DEBUG] provider.terraform-provider-azurerm_v5.0.0_x5: [DEBUG] Registering Resources for "Resources"..
2026-09-01T18:35:38.021+0700 [DEBUG] provider.terraform-provider-azurerm_v5.0.0_x5: [DEBUG] Registering Data Sources for "Search"..
2026-09-01T18:35:38.021+0700 [DEBUG] provider.terraform-provider-azurerm_v5.0.0_x5: [DEBUG] Registering Resources for "Search"..
2026-09-01T18:35:38.021+0700 [DEBUG] provider.terraform-provider-azurerm_v5.0.0_x5: [DEBUG] Registering Data Sources for "Security Center"..
2026-09-01T18:35:38.021+0700 [DEBUG] provider.terraform-provider-azurerm_v5.0.0_x5: [DEBUG] Registering Resources for "Security Center"..
2026-09-01T18:35:38.021+0700 [DEBUG] provider.terraform-provider-azurerm_v5.0.0_x5: [DEBUG] Registering Data Sources for "Sentinel"..
2026-09-01T18:35:38.021+0700 [DEBUG] provider.terraform-provider-azurerm_v5.0.0_x5: [DEBUG] Registering Resources for "Sentinel"..
2026-09-01T18:35:38.021+0700 [DEBUG] provider.terraform-provider-azurerm_v5.0.0_x5: [DEBUG] Registering Data Sources for "ServiceBus"..
2026-09-01T18:35:38.022+0700 [DEBUG] provider.terraform-provider-azurerm_v5.0.0_x5: [DEBUG] Registering Resources for "ServiceBus"..
2026-09-01T18:35:38.022+0700 [DEBUG] provider.terraform-provider-azurerm_v5.0.0_x5: [DEBUG] Registering Data Sources for "ServiceConnector"..
2026-09-01T18:35:38.022+0700 [DEBUG] provider.terraform-provider-azurerm_v5.0.0_x5: [DEBUG] Registering Resources for "ServiceConnector"..
2026-09-01T18:35:38.022+0700 [DEBUG] provider.terraform-provider-azurerm_v5.0.0_x5: [DEBUG] Registering Data Sources for "Service Fabric Managed Clusters"..
2026-09-01T18:35:38.022+0700 [DEBUG] provider.terraform-provider-azurerm_v5.0.0_x5: [DEBUG] Registering Resources for "Service Fabric Managed Clusters"..
2026-09-01T18:35:38.022+0700 [DEBUG] provider.terraform-provider-azurerm_v5.0.0_x5: [DEBUG] Registering Data Sources for "Service Networking"..
2026-09-01T18:35:38.022+0700 [DEBUG] provider.terraform-provider-azurerm_v5.0.0_x5: [DEBUG] Registering Resources for "Service Networking"..
2026-09-01T18:35:38.022+0700 [DEBUG] provider.terraform-provider-azurerm_v5.0.0_x5: [DEBUG] Registering Data Sources for "SignalR"..
2026-09-01T18:35:38.022+0700 [DEBUG] provider.terraform-provider-azurerm_v5.0.0_x5: [DEBUG] Registering Resources for "SignalR"..
2026-09-01T18:35:38.022+0700 [DEBUG] provider.terraform-provider-azurerm_v5.0.0_x5: [DEBUG] Registering Data Sources for "Spring Cloud"..
2026-09-01T18:35:38.022+0700 [DEBUG] provider.terraform-provider-azurerm_v5.0.0_x5: [DEBUG] Registering Resources for "Spring Cloud"..
2026-09-01T18:35:38.022+0700 [DEBUG] provider.terraform-provider-azurerm_v5.0.0_x5: [DEBUG] Registering Data Sources for "Storage"..
2026-09-01T18:35:38.022+0700 [DEBUG] provider.terraform-provider-azurerm_v5.0.0_x5: [DEBUG] Registering Resources for "Storage"..
2026-09-01T18:35:38.023+0700 [DEBUG] provider.terraform-provider-azurerm_v5.0.0_x5: [DEBUG] Registering Data Sources for "Storage Cache"..
2026-09-01T18:35:38.023+0700 [DEBUG] provider.terraform-provider-azurerm_v5.0.0_x5: [DEBUG] Registering Resources for "Storage Cache"..
2026-09-01T18:35:38.023+0700 [DEBUG] provider.terraform-provider-azurerm_v5.0.0_x5: [DEBUG] Registering Data Sources for "Storage Mover"..
2026-09-01T18:35:38.023+0700 [DEBUG] provider.terraform-provider-azurerm_v5.0.0_x5: [DEBUG] Registering Resources for "Storage Mover"..
2026-09-01T18:35:38.023+0700 [DEBUG] provider.terraform-provider-azurerm_v5.0.0_x5: [DEBUG] Registering Data Sources for "Stream Analytics"..
2026-09-01T18:35:38.023+0700 [DEBUG] provider.terraform-provider-azurerm_v5.0.0_x5: [DEBUG] Registering Resources for "Stream Analytics"..
2026-09-01T18:35:38.023+0700 [DEBUG] provider.terraform-provider-azurerm_v5.0.0_x5: [DEBUG] Registering Data Sources for "Subscription"..
2026-09-01T18:35:38.023+0700 [DEBUG] provider.terraform-provider-azurerm_v5.0.0_x5: [DEBUG] Registering Resources for "Subscription"..
2026-09-01T18:35:38.023+0700 [DEBUG] provider.terraform-provider-azurerm_v5.0.0_x5: [DEBUG] Registering Data Sources for "System Center Virtual Machine Manager"..
2026-09-01T18:35:38.023+0700 [DEBUG] provider.terraform-provider-azurerm_v5.0.0_x5: [DEBUG] Registering Resources for "System Center Virtual Machine Manager"..
2026-09-01T18:35:38.024+0700 [DEBUG] provider.terraform-provider-azurerm_v5.0.0_x5: [DEBUG] Registering Data Sources for "VideoIndexer"..
2026-09-01T18:35:38.024+0700 [DEBUG] provider.terraform-provider-azurerm_v5.0.0_x5: [DEBUG] Registering Resources for "VideoIndexer"..
2026-09-01T18:35:38.024+0700 [DEBUG] provider.terraform-provider-azurerm_v5.0.0_x5: [DEBUG] Registering Data Sources for "VMware"..
2026-09-01T18:35:38.024+0700 [DEBUG] provider.terraform-provider-azurerm_v5.0.0_x5: [DEBUG] Registering Resources for "VMware"..
2026-09-01T18:35:38.024+0700 [DEBUG] provider.terraform-provider-azurerm_v5.0.0_x5: [DEBUG] Registering Data Sources for "Web"..
2026-09-01T18:35:38.024+0700 [DEBUG] provider.terraform-provider-azurerm_v5.0.0_x5: [DEBUG] Registering Resources for "Web"..
2026-09-01T18:35:38.024+0700 [DEBUG] provider.terraform-provider-azurerm_v5.0.0_x5: [DEBUG] Registering Data Sources for "Workloads"..
2026-09-01T18:35:38.024+0700 [DEBUG] provider.terraform-provider-azurerm_v5.0.0_x5: [DEBUG] Registering Resources for "Workloads"..
2026-09-01T18:35:38.024+0700 [DEBUG] provider.terraform-provider-azurerm_v5.0.0_x5: [DEBUG] Registering Data Sources for "ChaosStudio"..
2026-09-01T18:35:38.024+0700 [DEBUG] provider.terraform-provider-azurerm_v5.0.0_x5: [DEBUG] Registering Resources for "ChaosStudio"..
2026-09-01T18:35:38.024+0700 [DEBUG] provider.terraform-provider-azurerm_v5.0.0_x5: [DEBUG] Registering Data Sources for "Container Services"..
2026-09-01T18:35:38.024+0700 [DEBUG] provider.terraform-provider-azurerm_v5.0.0_x5: [DEBUG] Registering Resources for "Container Services"..
2026-09-01T18:35:38.024+0700 [DEBUG] provider.terraform-provider-azurerm_v5.0.0_x5: [DEBUG] Registering Data Sources for "Dev Center"..
2026-09-01T18:35:38.025+0700 [DEBUG] provider.terraform-provider-azurerm_v5.0.0_x5: [DEBUG] Registering Resources for "Dev Center"..
2026-09-01T18:35:38.025+0700 [DEBUG] provider.terraform-provider-azurerm_v5.0.0_x5: [DEBUG] Registering Data Sources for "ManagedIdentity"..
2026-09-01T18:35:38.025+0700 [DEBUG] provider.terraform-provider-azurerm_v5.0.0_x5: [DEBUG] Registering Resources for "ManagedIdentity"..
2026-09-01T18:35:38.025+0700 [DEBUG] provider.terraform-provider-azurerm_v5.0.0_x5: [DEBUG] Registering Data Sources for "Advisor"..
2026-09-01T18:35:38.025+0700 [DEBUG] provider.terraform-provider-azurerm_v5.0.0_x5: [DEBUG] Registering Resources for "Advisor"..
2026-09-01T18:35:38.025+0700 [DEBUG] provider.terraform-provider-azurerm_v5.0.0_x5: [DEBUG] Registering Data Sources for "Analysis Services"..
2026-09-01T18:35:38.025+0700 [DEBUG] provider.terraform-provider-azurerm_v5.0.0_x5: [DEBUG] Registering Resources for "Analysis Services"..
2026-09-01T18:35:38.025+0700 [DEBUG] provider.terraform-provider-azurerm_v5.0.0_x5: [DEBUG] Registering Data Sources for "API Management"..
2026-09-01T18:35:38.025+0700 [DEBUG] provider.terraform-provider-azurerm_v5.0.0_x5: [DEBUG] Registering Resources for "API Management"..
2026-09-01T18:35:38.026+0700 [DEBUG] provider.terraform-provider-azurerm_v5.0.0_x5: [DEBUG] Registering Data Sources for "App Configuration"..
2026-09-01T18:35:38.026+0700 [DEBUG] provider.terraform-provider-azurerm_v5.0.0_x5: [DEBUG] Registering Resources for "App Configuration"..
2026-09-01T18:35:38.026+0700 [DEBUG] provider.terraform-provider-azurerm_v5.0.0_x5: [DEBUG] Registering Data Sources for "Application Insights"..
2026-09-01T18:35:38.026+0700 [DEBUG] provider.terraform-provider-azurerm_v5.0.0_x5: [DEBUG] Registering Resources for "Application Insights"..
2026-09-01T18:35:38.026+0700 [DEBUG] provider.terraform-provider-azurerm_v5.0.0_x5: [DEBUG] Registering Data Sources for "ArcKubernetes"..
2026-09-01T18:35:38.026+0700 [DEBUG] provider.terraform-provider-azurerm_v5.0.0_x5: [DEBUG] Registering Resources for "ArcKubernetes"..
2026-09-01T18:35:38.026+0700 [DEBUG] provider.terraform-provider-azurerm_v5.0.0_x5: [DEBUG] Registering Data Sources for "Attestation"..
2026-09-01T18:35:38.026+0700 [DEBUG] provider.terraform-provider-azurerm_v5.0.0_x5: [DEBUG] Registering Resources for "Attestation"..
2026-09-01T18:35:38.026+0700 [DEBUG] provider.terraform-provider-azurerm_v5.0.0_x5: [DEBUG] Registering Data Sources for "Authorization"..
2026-09-01T18:35:38.026+0700 [DEBUG] provider.terraform-provider-azurerm_v5.0.0_x5: [DEBUG] Registering Resources for "Authorization"..
2026-09-01T18:35:38.026+0700 [DEBUG] provider.terraform-provider-azurerm_v5.0.0_x5: [DEBUG] Registering Data Sources for "Automation"..
2026-09-01T18:35:38.026+0700 [DEBUG] provider.terraform-provider-azurerm_v5.0.0_x5: [DEBUG] Registering Resources for "Automation"..
2026-09-01T18:35:38.027+0700 [DEBUG] provider.terraform-provider-azurerm_v5.0.0_x5: [DEBUG] Registering Data Sources for "Azure Stack HCI"..
2026-09-01T18:35:38.027+0700 [DEBUG] provider.terraform-provider-azurerm_v5.0.0_x5: [DEBUG] Registering Resources for "Azure Stack HCI"..
2026-09-01T18:35:38.027+0700 [DEBUG] provider.terraform-provider-azurerm_v5.0.0_x5: [DEBUG] Registering Data Sources for "Batch"..
2026-09-01T18:35:38.027+0700 [DEBUG] provider.terraform-provider-azurerm_v5.0.0_x5: [DEBUG] Registering Resources for "Batch"..
2026-09-01T18:35:38.027+0700 [DEBUG] provider.terraform-provider-azurerm_v5.0.0_x5: [DEBUG] Registering Data Sources for "Billing"..
2026-09-01T18:35:38.027+0700 [DEBUG] provider.terraform-provider-azurerm_v5.0.0_x5: [DEBUG] Registering Resources for "Billing"..
2026-09-01T18:35:38.027+0700 [DEBUG] provider.terraform-provider-azurerm_v5.0.0_x5: [DEBUG] Registering Data Sources for "Blueprints"..
2026-09-01T18:35:38.027+0700 [DEBUG] provider.terraform-provider-azurerm_v5.0.0_x5: [DEBUG] Registering Resources for "Blueprints"..
2026-09-01T18:35:38.027+0700 [DEBUG] provider.terraform-provider-azurerm_v5.0.0_x5: [DEBUG] Registering Data Sources for "Bot"..
2026-09-01T18:35:38.027+0700 [DEBUG] provider.terraform-provider-azurerm_v5.0.0_x5: [DEBUG] Registering Resources for "Bot"..
2026-09-01T18:35:38.027+0700 [DEBUG] provider.terraform-provider-azurerm_v5.0.0_x5: [DEBUG] Registering Data Sources for "CDN"..
2026-09-01T18:35:38.027+0700 [DEBUG] provider.terraform-provider-azurerm_v5.0.0_x5: [DEBUG] Registering Resources for "CDN"..
2026-09-01T18:35:38.029+0700 [DEBUG] provider.terraform-provider-azurerm_v5.0.0_x5: [DEBUG] Registering Data Sources for "Cognitive Services"..
2026-09-01T18:35:38.029+0700 [DEBUG] provider.terraform-provider-azurerm_v5.0.0_x5: [DEBUG] Registering Resources for "Cognitive Services"..
2026-09-01T18:35:38.029+0700 [DEBUG] provider.terraform-provider-azurerm_v5.0.0_x5: [DEBUG] Registering Data Sources for "Compute"..
2026-09-01T18:35:38.029+0700 [DEBUG] provider.terraform-provider-azurerm_v5.0.0_x5: [DEBUG] Registering Resources for "Compute"..
2026-09-01T18:35:38.030+0700 [DEBUG] provider.terraform-provider-azurerm_v5.0.0_x5: [DEBUG] Registering Data Sources for "Confidential Ledger"..
2026-09-01T18:35:38.030+0700 [DEBUG] provider.terraform-provider-azurerm_v5.0.0_x5: [DEBUG] Registering Resources for "Confidential Ledger"..
2026-09-01T18:35:38.030+0700 [DEBUG] provider.terraform-provider-azurerm_v5.0.0_x5: [DEBUG] Registering Data Sources for "Connections"..
2026-09-01T18:35:38.030+0700 [DEBUG] provider.terraform-provider-azurerm_v5.0.0_x5: [DEBUG] Registering Resources for "Connections"..
2026-09-01T18:35:38.030+0700 [DEBUG] provider.terraform-provider-azurerm_v5.0.0_x5: [DEBUG] Registering Data Sources for "Consumption"..
2026-09-01T18:35:38.030+0700 [DEBUG] provider.terraform-provider-azurerm_v5.0.0_x5: [DEBUG] Registering Resources for "Consumption"..
2026-09-01T18:35:38.030+0700 [DEBUG] provider.terraform-provider-azurerm_v5.0.0_x5: [DEBUG] Registering Data Sources for "Container Services"..
2026-09-01T18:35:38.030+0700 [DEBUG] provider.terraform-provider-azurerm_v5.0.0_x5: [DEBUG] Registering Resources for "Container Services"..
2026-09-01T18:35:38.031+0700 [DEBUG] provider.terraform-provider-azurerm_v5.0.0_x5: [DEBUG] Registering Data Sources for "CosmosDB"..
2026-09-01T18:35:38.031+0700 [DEBUG] provider.terraform-provider-azurerm_v5.0.0_x5: [DEBUG] Registering Resources for "CosmosDB"..
2026-09-01T18:35:38.031+0700 [DEBUG] provider.terraform-provider-azurerm_v5.0.0_x5: [DEBUG] Registering Data Sources for "Custom Providers"..
2026-09-01T18:35:38.031+0700 [DEBUG] provider.terraform-provider-azurerm_v5.0.0_x5: [DEBUG] Registering Resources for "Custom Providers"..
2026-09-01T18:35:38.031+0700 [DEBUG] provider.terraform-provider-azurerm_v5.0.0_x5: [DEBUG] Registering Data Sources for "Dashboard"..
2026-09-01T18:35:38.031+0700 [DEBUG] provider.terraform-provider-azurerm_v5.0.0_x5: [DEBUG] Registering Resources for "Dashboard"..
2026-09-01T18:35:38.031+0700 [DEBUG] provider.terraform-provider-azurerm_v5.0.0_x5: [DEBUG] Registering Data Sources for "Database Migration"..
2026-09-01T18:35:38.031+0700 [DEBUG] provider.terraform-provider-azurerm_v5.0.0_x5: [DEBUG] Registering Resources for "Database Migration"..
2026-09-01T18:35:38.031+0700 [DEBUG] provider.terraform-provider-azurerm_v5.0.0_x5: [DEBUG] Registering Data Sources for "Databox Edge"..
2026-09-01T18:35:38.031+0700 [DEBUG] provider.terraform-provider-azurerm_v5.0.0_x5: [DEBUG] Registering Resources for "Databox Edge"..
2026-09-01T18:35:38.031+0700 [DEBUG] provider.terraform-provider-azurerm_v5.0.0_x5: [DEBUG] Registering Data Sources for "DataBricks"..
2026-09-01T18:35:38.031+0700 [DEBUG] provider.terraform-provider-azurerm_v5.0.0_x5: [DEBUG] Registering Resources for "DataBricks"..
2026-09-01T18:35:38.031+0700 [DEBUG] provider.terraform-provider-azurerm_v5.0.0_x5: [DEBUG] Registering Data Sources for "Datadog"..
2026-09-01T18:35:38.031+0700 [DEBUG] provider.terraform-provider-azurerm_v5.0.0_x5: [DEBUG] Registering Resources for "Datadog"..
2026-09-01T18:35:38.031+0700 [DEBUG] provider.terraform-provider-azurerm_v5.0.0_x5: [DEBUG] Registering Data Sources for "Data Factory"..
2026-09-01T18:35:38.031+0700 [DEBUG] provider.terraform-provider-azurerm_v5.0.0_x5: [DEBUG] Registering Resources for "Data Factory"..
2026-09-01T18:35:38.032+0700 [DEBUG] provider.terraform-provider-azurerm_v5.0.0_x5: [DEBUG] Registering Data Sources for "DataProtection"..
2026-09-01T18:35:38.032+0700 [DEBUG] provider.terraform-provider-azurerm_v5.0.0_x5: [DEBUG] Registering Resources for "DataProtection"..
2026-09-01T18:35:38.032+0700 [DEBUG] provider.terraform-provider-azurerm_v5.0.0_x5: [DEBUG] Registering Data Sources for "Data Share"..
2026-09-01T18:35:38.033+0700 [DEBUG] provider.terraform-provider-azurerm_v5.0.0_x5: [DEBUG] Registering Resources for "Data Share"..
2026-09-01T18:35:38.033+0700 [DEBUG] provider.terraform-provider-azurerm_v5.0.0_x5: [DEBUG] Registering Data Sources for "Desktop Virtualization"..
2026-09-01T18:35:38.033+0700 [DEBUG] provider.terraform-provider-azurerm_v5.0.0_x5: [DEBUG] Registering Resources for "Desktop Virtualization"..
2026-09-01T18:35:38.033+0700 [DEBUG] provider.terraform-provider-azurerm_v5.0.0_x5: [DEBUG] Registering Data Sources for "Dev Test"..
2026-09-01T18:35:38.033+0700 [DEBUG] provider.terraform-provider-azurerm_v5.0.0_x5: [DEBUG] Registering Resources for "Dev Test"..
2026-09-01T18:35:38.034+0700 [DEBUG] provider.terraform-provider-azurerm_v5.0.0_x5: [DEBUG] Registering Data Sources for "Digital Twins"..
2026-09-01T18:35:38.034+0700 [DEBUG] provider.terraform-provider-azurerm_v5.0.0_x5: [DEBUG] Registering Resources for "Digital Twins"..
2026-09-01T18:35:38.034+0700 [DEBUG] provider.terraform-provider-azurerm_v5.0.0_x5: [DEBUG] Registering Data Sources for "DNS"..
2026-09-01T18:35:38.034+0700 [DEBUG] provider.terraform-provider-azurerm_v5.0.0_x5: [DEBUG] Registering Resources for "DNS"..
2026-09-01T18:35:38.034+0700 [DEBUG] provider.terraform-provider-azurerm_v5.0.0_x5: [DEBUG] Registering Data Sources for "DomainServices"..
2026-09-01T18:35:38.034+0700 [DEBUG] provider.terraform-provider-azurerm_v5.0.0_x5: [DEBUG] Registering Resources for "DomainServices"..
2026-09-01T18:35:38.034+0700 [DEBUG] provider.terraform-provider-azurerm_v5.0.0_x5: [DEBUG] Registering Data Sources for "Elastic"..
2026-09-01T18:35:38.034+0700 [DEBUG] provider.terraform-provider-azurerm_v5.0.0_x5: [DEBUG] Registering Resources for "Elastic"..
2026-09-01T18:35:38.034+0700 [DEBUG] provider.terraform-provider-azurerm_v5.0.0_x5: [DEBUG] Registering Data Sources for "EventGrid"..
2026-09-01T18:35:38.034+0700 [DEBUG] provider.terraform-provider-azurerm_v5.0.0_x5: [DEBUG] Registering Resources for "EventGrid"..
2026-09-01T18:35:38.034+0700 [DEBUG] provider.terraform-provider-azurerm_v5.0.0_x5: [DEBUG] Registering Data Sources for "EventHub"..
2026-09-01T18:35:38.035+0700 [DEBUG] provider.terraform-provider-azurerm_v5.0.0_x5: [DEBUG] Registering Resources for "EventHub"..
2026-09-01T18:35:38.035+0700 [DEBUG] provider.terraform-provider-azurerm_v5.0.0_x5: [DEBUG] Registering Data Sources for "Firewall"..
2026-09-01T18:35:38.035+0700 [DEBUG] provider.terraform-provider-azurerm_v5.0.0_x5: [DEBUG] Registering Resources for "Firewall"..
2026-09-01T18:35:38.035+0700 [DEBUG] provider.terraform-provider-azurerm_v5.0.0_x5: [DEBUG] Registering Data Sources for "FrontDoor"..
2026-09-01T18:35:38.035+0700 [DEBUG] provider.terraform-provider-azurerm_v5.0.0_x5: [DEBUG] Registering Resources for "FrontDoor"..
2026-09-01T18:35:38.035+0700 [DEBUG] provider.terraform-provider-azurerm_v5.0.0_x5: [DEBUG] Registering Data Sources for "HDInsight"..
2026-09-01T18:35:38.035+0700 [DEBUG] provider.terraform-provider-azurerm_v5.0.0_x5: [DEBUG] Registering Resources for "HDInsight"..
2026-09-01T18:35:38.036+0700 [DEBUG] provider.terraform-provider-azurerm_v5.0.0_x5: [DEBUG] Registering Data Sources for "Health Care"..
2026-09-01T18:35:38.036+0700 [DEBUG] provider.terraform-provider-azurerm_v5.0.0_x5: [DEBUG] Registering Resources for "Health Care"..
2026-09-01T18:35:38.036+0700 [DEBUG] provider.terraform-provider-azurerm_v5.0.0_x5: [DEBUG] Registering Data Sources for "Hardware Security Module"..
2026-09-01T18:35:38.036+0700 [DEBUG] provider.terraform-provider-azurerm_v5.0.0_x5: [DEBUG] Registering Resources for "Hardware Security Module"..
2026-09-01T18:35:38.036+0700 [DEBUG] provider.terraform-provider-azurerm_v5.0.0_x5: [DEBUG] Registering Data Sources for "IoT Central"..
2026-09-01T18:35:38.036+0700 [DEBUG] provider.terraform-provider-azurerm_v5.0.0_x5: [DEBUG] Registering Resources for "IoT Central"..
2026-09-01T18:35:38.036+0700 [DEBUG] provider.terraform-provider-azurerm_v5.0.0_x5: [DEBUG] Registering Data Sources for "IoT Hub"..
2026-09-01T18:35:38.036+0700 [DEBUG] provider.terraform-provider-azurerm_v5.0.0_x5: [DEBUG] Registering Resources for "IoT Hub"..
2026-09-01T18:35:38.037+0700 [DEBUG] provider.terraform-provider-azurerm_v5.0.0_x5: [DEBUG] Registering Data Sources for "KeyVault"..
2026-09-01T18:35:38.037+0700 [DEBUG] provider.terraform-provider-azurerm_v5.0.0_x5: [DEBUG] Registering Resources for "KeyVault"..
2026-09-01T18:35:38.038+0700 [DEBUG] provider.terraform-provider-azurerm_v5.0.0_x5: [DEBUG] Registering Data Sources for "Kusto"..
2026-09-01T18:35:38.038+0700 [DEBUG] provider.terraform-provider-azurerm_v5.0.0_x5: [DEBUG] Registering Resources for "Kusto"..
2026-09-01T18:35:38.038+0700 [DEBUG] provider.terraform-provider-azurerm_v5.0.0_x5: [DEBUG] Registering Data Sources for "Legacy"..
2026-09-01T18:35:38.038+0700 [DEBUG] provider.terraform-provider-azurerm_v5.0.0_x5: [DEBUG] Registering Resources for "Legacy"..
2026-09-01T18:35:38.038+0700 [DEBUG] provider.terraform-provider-azurerm_v5.0.0_x5: [DEBUG] Registering Data Sources for "Lighthouse"..
2026-09-01T18:35:38.038+0700 [DEBUG] provider.terraform-provider-azurerm_v5.0.0_x5: [DEBUG] Registering Resources for "Lighthouse"..
2026-09-01T18:35:38.038+0700 [DEBUG] provider.terraform-provider-azurerm_v5.0.0_x5: [DEBUG] Registering Data Sources for "Load Balancer"..
2026-09-01T18:35:38.039+0700 [DEBUG] provider.terraform-provider-azurerm_v5.0.0_x5: [DEBUG] Registering Resources for "Load Balancer"..
2026-09-01T18:35:38.039+0700 [DEBUG] provider.terraform-provider-azurerm_v5.0.0_x5: [DEBUG] Registering Data Sources for "Log Analytics"..
2026-09-01T18:35:38.039+0700 [DEBUG] provider.terraform-provider-azurerm_v5.0.0_x5: [DEBUG] Registering Resources for "Log Analytics"..
2026-09-01T18:35:38.039+0700 [DEBUG] provider.terraform-provider-azurerm_v5.0.0_x5: [DEBUG] Registering Data Sources for "Logic"..
2026-09-01T18:35:38.039+0700 [DEBUG] provider.terraform-provider-azurerm_v5.0.0_x5: [DEBUG] Registering Resources for "Logic"..
2026-09-01T18:35:38.039+0700 [DEBUG] provider.terraform-provider-azurerm_v5.0.0_x5: [DEBUG] Registering Data Sources for "Machine Learning"..
2026-09-01T18:35:38.039+0700 [DEBUG] provider.terraform-provider-azurerm_v5.0.0_x5: [DEBUG] Registering Resources for "Machine Learning"..
2026-09-01T18:35:38.039+0700 [DEBUG] provider.terraform-provider-azurerm_v5.0.0_x5: [DEBUG] Registering Data Sources for "Maintenance"..
2026-09-01T18:35:38.039+0700 [DEBUG] provider.terraform-provider-azurerm_v5.0.0_x5: [DEBUG] Registering Resources for "Maintenance"..
2026-09-01T18:35:38.039+0700 [DEBUG] provider.terraform-provider-azurerm_v5.0.0_x5: [DEBUG] Registering Data Sources for "Managed Applications"..
2026-09-01T18:35:38.039+0700 [DEBUG] provider.terraform-provider-azurerm_v5.0.0_x5: [DEBUG] Registering Resources for "Managed Applications"..
2026-09-01T18:35:38.039+0700 [DEBUG] provider.terraform-provider-azurerm_v5.0.0_x5: [DEBUG] Registering Data Sources for "Managed HSM"..
2026-09-01T18:35:38.039+0700 [DEBUG] provider.terraform-provider-azurerm_v5.0.0_x5: [DEBUG] Registering Resources for "Managed HSM"..
2026-09-01T18:35:38.039+0700 [DEBUG] provider.terraform-provider-azurerm_v5.0.0_x5: [DEBUG] Registering Data Sources for "ManagedIdentity"..
2026-09-01T18:35:38.039+0700 [DEBUG] provider.terraform-provider-azurerm_v5.0.0_x5: [DEBUG] Registering Resources for "ManagedIdentity"..
2026-09-01T18:35:38.039+0700 [DEBUG] provider.terraform-provider-azurerm_v5.0.0_x5: [DEBUG] Registering Data Sources for "Management Group"..
2026-09-01T18:35:38.039+0700 [DEBUG] provider.terraform-provider-azurerm_v5.0.0_x5: [DEBUG] Registering Resources for "Management Group"..
2026-09-01T18:35:38.039+0700 [DEBUG] provider.terraform-provider-azurerm_v5.0.0_x5: [DEBUG] Registering Data Sources for "Maps"..
2026-09-01T18:35:38.039+0700 [DEBUG] provider.terraform-provider-azurerm_v5.0.0_x5: [DEBUG] Registering Resources for "Maps"..
2026-09-01T18:35:38.039+0700 [DEBUG] provider.terraform-provider-azurerm_v5.0.0_x5: [DEBUG] Registering Data Sources for "Monitor"..
2026-09-01T18:35:38.040+0700 [DEBUG] provider.terraform-provider-azurerm_v5.0.0_x5: [DEBUG] Registering Resources for "Monitor"..
2026-09-01T18:35:38.040+0700 [DEBUG] provider.terraform-provider-azurerm_v5.0.0_x5: [DEBUG] Registering Data Sources for "Microsoft SQL Server / Azure SQL"..
2026-09-01T18:35:38.040+0700 [DEBUG] provider.terraform-provider-azurerm_v5.0.0_x5: [DEBUG] Registering Resources for "Microsoft SQL Server / Azure SQL"..
2026-09-01T18:35:38.040+0700 [DEBUG] provider.terraform-provider-azurerm_v5.0.0_x5: [DEBUG] Registering Data Sources for "Microsoft SQL Server Managed Instances"..
2026-09-01T18:35:38.040+0700 [DEBUG] provider.terraform-provider-azurerm_v5.0.0_x5: [DEBUG] Registering Resources for "Microsoft SQL Server Managed Instances"..
2026-09-01T18:35:38.040+0700 [DEBUG] provider.terraform-provider-azurerm_v5.0.0_x5: [DEBUG] Registering Data Sources for "MySQL"..
2026-09-01T18:35:38.040+0700 [DEBUG] provider.terraform-provider-azurerm_v5.0.0_x5: [DEBUG] Registering Resources for "MySQL"..
2026-09-01T18:35:38.041+0700 [DEBUG] provider.terraform-provider-azurerm_v5.0.0_x5: [DEBUG] Registering Data Sources for "NetApp"..
2026-09-01T18:35:38.041+0700 [DEBUG] provider.terraform-provider-azurerm_v5.0.0_x5: [DEBUG] Registering Resources for "NetApp"..
2026-09-01T18:35:38.041+0700 [DEBUG] provider.terraform-provider-azurerm_v5.0.0_x5: [DEBUG] Registering Data Sources for "Network"..
2026-09-01T18:35:38.041+0700 [DEBUG] provider.terraform-provider-azurerm_v5.0.0_x5: [DEBUG] Registering Resources for "Network"..
2026-09-01T18:35:38.042+0700 [DEBUG] provider.terraform-provider-azurerm_v5.0.0_x5: [DEBUG] Registering Data Sources for "Notification Hub"..
2026-09-01T18:35:38.042+0700 [DEBUG] provider.terraform-provider-azurerm_v5.0.0_x5: [DEBUG] Registering Resources for "Notification Hub"..
2026-09-01T18:35:38.042+0700 [DEBUG] provider.terraform-provider-azurerm_v5.0.0_x5: [DEBUG] Registering Data Sources for "Policy"..
2026-09-01T18:35:38.042+0700 [DEBUG] provider.terraform-provider-azurerm_v5.0.0_x5: [DEBUG] Registering Resources for "Policy"..
2026-09-01T18:35:38.042+0700 [DEBUG] provider.terraform-provider-azurerm_v5.0.0_x5: [DEBUG] Registering Data Sources for "Portal"..
2026-09-01T18:35:38.042+0700 [DEBUG] provider.terraform-provider-azurerm_v5.0.0_x5: [DEBUG] Registering Resources for "Portal"..
2026-09-01T18:35:38.042+0700 [DEBUG] provider.terraform-provider-azurerm_v5.0.0_x5: [DEBUG] Registering Data Sources for "PostgreSQL"..
2026-09-01T18:35:38.042+0700 [DEBUG] provider.terraform-provider-azurerm_v5.0.0_x5: [DEBUG] Registering Resources for "PostgreSQL"..
2026-09-01T18:35:38.042+0700 [DEBUG] provider.terraform-provider-azurerm_v5.0.0_x5: [DEBUG] Registering Data Sources for "PowerBI"..
2026-09-01T18:35:38.042+0700 [DEBUG] provider.terraform-provider-azurerm_v5.0.0_x5: [DEBUG] Registering Resources for "PowerBI"..
2026-09-01T18:35:38.042+0700 [DEBUG] provider.terraform-provider-azurerm_v5.0.0_x5: [DEBUG] Registering Data Sources for "Private DNS"..
2026-09-01T18:35:38.042+0700 [DEBUG] provider.terraform-provider-azurerm_v5.0.0_x5: [DEBUG] Registering Resources for "Private DNS"..
2026-09-01T18:35:38.042+0700 [DEBUG] provider.terraform-provider-azurerm_v5.0.0_x5: [DEBUG] Registering Data Sources for "Purview"..
2026-09-01T18:35:38.042+0700 [DEBUG] provider.terraform-provider-azurerm_v5.0.0_x5: [DEBUG] Registering Resources for "Purview"..
2026-09-01T18:35:38.042+0700 [DEBUG] provider.terraform-provider-azurerm_v5.0.0_x5: [DEBUG] Registering Data Sources for "Recovery Services"..
2026-09-01T18:35:38.043+0700 [DEBUG] provider.terraform-provider-azurerm_v5.0.0_x5: [DEBUG] Registering Resources for "Recovery Services"..
2026-09-01T18:35:38.043+0700 [DEBUG] provider.terraform-provider-azurerm_v5.0.0_x5: [DEBUG] Registering Data Sources for "Redis"..
2026-09-01T18:35:38.043+0700 [DEBUG] provider.terraform-provider-azurerm_v5.0.0_x5: [DEBUG] Registering Resources for "Redis"..
2026-09-01T18:35:38.043+0700 [DEBUG] provider.terraform-provider-azurerm_v5.0.0_x5: [DEBUG] Registering Data Sources for "Redis Enterprise"..
2026-09-01T18:35:38.043+0700 [DEBUG] provider.terraform-provider-azurerm_v5.0.0_x5: [DEBUG] Registering Resources for "Redis Enterprise"..
2026-09-01T18:35:38.043+0700 [DEBUG] provider.terraform-provider-azurerm_v5.0.0_x5: [DEBUG] Registering Data Sources for "Relay"..
2026-09-01T18:35:38.043+0700 [DEBUG] provider.terraform-provider-azurerm_v5.0.0_x5: [DEBUG] Registering Resources for "Relay"..
2026-09-01T18:35:38.043+0700 [DEBUG] provider.terraform-provider-azurerm_v5.0.0_x5: [DEBUG] Registering Data Sources for "Resources"..
2026-09-01T18:35:38.043+0700 [DEBUG] provider.terraform-provider-azurerm_v5.0.0_x5: [DEBUG] Registering Resources for "Resources"..
2026-09-01T18:35:38.043+0700 [DEBUG] provider.terraform-provider-azurerm_v5.0.0_x5: [DEBUG] Registering Data Sources for "Search"..
2026-09-01T18:35:38.043+0700 [DEBUG] provider.terraform-provider-azurerm_v5.0.0_x5: [DEBUG] Registering Resources for "Search"..
2026-09-01T18:35:38.043+0700 [DEBUG] provider.terraform-provider-azurerm_v5.0.0_x5: [DEBUG] Registering Data Sources for "Security Center"..
2026-09-01T18:35:38.043+0700 [DEBUG] provider.terraform-provider-azurerm_v5.0.0_x5: [DEBUG] Registering Resources for "Security Center"..
2026-09-01T18:35:38.043+0700 [DEBUG] provider.terraform-provider-azurerm_v5.0.0_x5: [DEBUG] Registering Data Sources for "Sentinel"..
2026-09-01T18:35:38.043+0700 [DEBUG] provider.terraform-provider-azurerm_v5.0.0_x5: [DEBUG] Registering Resources for "Sentinel"..
2026-09-01T18:35:38.043+0700 [DEBUG] provider.terraform-provider-azurerm_v5.0.0_x5: [DEBUG] Registering Data Sources for "ServiceBus"..
2026-09-01T18:35:38.044+0700 [DEBUG] provider.terraform-provider-azurerm_v5.0.0_x5: [DEBUG] Registering Resources for "ServiceBus"..
2026-09-01T18:35:38.044+0700 [DEBUG] provider.terraform-provider-azurerm_v5.0.0_x5: [DEBUG] Registering Data Sources for "Service Fabric"..
2026-09-01T18:35:38.044+0700 [DEBUG] provider.terraform-provider-azurerm_v5.0.0_x5: [DEBUG] Registering Resources for "Service Fabric"..
2026-09-01T18:35:38.044+0700 [DEBUG] provider.terraform-provider-azurerm_v5.0.0_x5: [DEBUG] Registering Data Sources for "SignalR"..
2026-09-01T18:35:38.044+0700 [DEBUG] provider.terraform-provider-azurerm_v5.0.0_x5: [DEBUG] Registering Resources for "SignalR"..
2026-09-01T18:35:38.044+0700 [DEBUG] provider.terraform-provider-azurerm_v5.0.0_x5: [DEBUG] Registering Data Sources for "Spring Cloud"..
2026-09-01T18:35:38.044+0700 [DEBUG] provider.terraform-provider-azurerm_v5.0.0_x5: [DEBUG] Registering Resources for "Spring Cloud"..
2026-09-01T18:35:38.045+0700 [DEBUG] provider.terraform-provider-azurerm_v5.0.0_x5: [DEBUG] Registering Data Sources for "Storage"..
2026-09-01T18:35:38.045+0700 [DEBUG] provider.terraform-provider-azurerm_v5.0.0_x5: [DEBUG] Registering Resources for "Storage"..
2026-09-01T18:35:38.045+0700 [DEBUG] provider.terraform-provider-azurerm_v5.0.0_x5: [DEBUG] Registering Data Sources for "Storage Cache"..
2026-09-01T18:35:38.045+0700 [DEBUG] provider.terraform-provider-azurerm_v5.0.0_x5: [DEBUG] Registering Resources for "Storage Cache"..
2026-09-01T18:35:38.045+0700 [DEBUG] provider.terraform-provider-azurerm_v5.0.0_x5: [DEBUG] Registering Data Sources for "Stream Analytics"..
2026-09-01T18:35:38.045+0700 [DEBUG] provider.terraform-provider-azurerm_v5.0.0_x5: [DEBUG] Registering Resources for "Stream Analytics"..
2026-09-01T18:35:38.045+0700 [DEBUG] provider.terraform-provider-azurerm_v5.0.0_x5: [DEBUG] Registering Data Sources for "Subscription"..
2026-09-01T18:35:38.045+0700 [DEBUG] provider.terraform-provider-azurerm_v5.0.0_x5: [DEBUG] Registering Resources for "Subscription"..
2026-09-01T18:35:38.045+0700 [DEBUG] provider.terraform-provider-azurerm_v5.0.0_x5: [DEBUG] Registering Data Sources for "Synapse"..
2026-09-01T18:35:38.045+0700 [DEBUG] provider.terraform-provider-azurerm_v5.0.0_x5: [DEBUG] Registering Resources for "Synapse"..
2026-09-01T18:35:38.046+0700 [DEBUG] provider.terraform-provider-azurerm_v5.0.0_x5: [DEBUG] Registering Data Sources for "Traffic Manager"..
2026-09-01T18:35:38.046+0700 [DEBUG] provider.terraform-provider-azurerm_v5.0.0_x5: [DEBUG] Registering Resources for "Traffic Manager"..
2026-09-01T18:35:38.046+0700 [DEBUG] provider.terraform-provider-azurerm_v5.0.0_x5: [DEBUG] Registering Data Sources for "VMware"..
2026-09-01T18:35:38.046+0700 [DEBUG] provider.terraform-provider-azurerm_v5.0.0_x5: [DEBUG] Registering Resources for "VMware"..
2026-09-01T18:35:38.046+0700 [DEBUG] provider.terraform-provider-azurerm_v5.0.0_x5: [DEBUG] Registering Data Sources for "Web"..
2026-09-01T18:35:38.046+0700 [DEBUG] provider.terraform-provider-azurerm_v5.0.0_x5: [DEBUG] Registering Resources for "Web"..
2026-09-01T18:35:38.047+0700 [INFO]  provider.terraform-provider-azurerm_v5.0.0_x5: configuring server automatic mTLS: timestamp="2026-09-01T18:35:38.047+0700"
2026-09-01T18:35:38.053+0700 [DEBUG] provider: using plugin: version=5
2026-09-01T18:35:38.053+0700 [DEBUG] provider.terraform-provider-azurerm_v5.0.0_x5: plugin address: address=/var/folders/dc/71w9ly4s1z5b3mp02_3x4pmm0000gn/T/plugin3074432006 network=unix timestamp="2026-09-01T18:35:38.053+0700"
2026-09-01T18:35:38.176+0700 [DEBUG] provider.stdio: received EOF, stopping recv loop: err="rpc error: code = Unavailable desc = error reading from server: EOF"
2026-09-01T18:35:38.179+0700 [INFO]  provider: plugin process exited: plugin=.terraform/providers/registry.terraform.io/hashicorp/azurerm/5.0.0/darwin_arm64/terraform-provider-azurerm_v5.0.0_x5 id=88578
2026-09-01T18:35:38.179+0700 [DEBUG] provider: plugin exited
2026-09-01T18:35:38.179+0700 [DEBUG] created provider logger: level=debug
2026-09-01T18:35:38.179+0700 [INFO]  provider: configuring client automatic mTLS
2026-09-01T18:35:38.181+0700 [DEBUG] provider: starting plugin: path=.terraform/providers/registry.terraform.io/hashicorp/local/2.9.0/darwin_arm64/terraform-provider-local_v2.9.0_x5 args=[".terraform/providers/registry.terraform.io/hashicorp/local/2.9.0/darwin_arm64/terraform-provider-local_v2.9.0_x5"]
2026-09-01T18:35:38.184+0700 [DEBUG] provider: plugin started: path=.terraform/providers/registry.terraform.io/hashicorp/local/2.9.0/darwin_arm64/terraform-provider-local_v2.9.0_x5 pid=88590
2026-09-01T18:35:38.184+0700 [DEBUG] provider: waiting for RPC address: plugin=.terraform/providers/registry.terraform.io/hashicorp/local/2.9.0/darwin_arm64/terraform-provider-local_v2.9.0_x5
2026-09-01T18:35:38.204+0700 [INFO]  provider.terraform-provider-local_v2.9.0_x5: configuring server automatic mTLS: timestamp="2026-09-01T18:35:38.204+0700"
2026-09-01T18:35:38.210+0700 [DEBUG] provider: using plugin: version=5
2026-09-01T18:35:38.211+0700 [DEBUG] provider.terraform-provider-local_v2.9.0_x5: plugin address: address=/var/folders/dc/71w9ly4s1z5b3mp02_3x4pmm0000gn/T/plugin1615815143 network=unix timestamp="2026-09-01T18:35:38.210+0700"
2026-09-01T18:35:38.218+0700 [DEBUG] No provider meta schema returned
2026-09-01T18:35:38.219+0700 [DEBUG] provider.stdio: received EOF, stopping recv loop: err="rpc error: code = Unavailable desc = error reading from server: EOF"
2026-09-01T18:35:38.220+0700 [INFO]  provider: plugin process exited: plugin=.terraform/providers/registry.terraform.io/hashicorp/local/2.9.0/darwin_arm64/terraform-provider-local_v2.9.0_x5 id=88590
2026-09-01T18:35:38.220+0700 [DEBUG] provider: plugin exited
2026-09-01T18:35:38.220+0700 [DEBUG] Building and walking validate graph
2026-09-01T18:35:38.222+0700 [DEBUG] ProviderTransformer: "data.aws_caller_identity.master-aws-account" (*terraform.NodeValidatableResource) needs provider["registry.terraform.io/hashicorp/aws"]
2026-09-01T18:35:38.222+0700 [DEBUG] pruning unused provider["registry.terraform.io/hashicorp/azurerm"]
2026-09-01T18:35:38.222+0700 [DEBUG] pruning unused provider["registry.terraform.io/hashicorp/local"]
2026-09-01T18:35:38.223+0700 [DEBUG] ReferenceTransformer: "output.caller_arn (expand)" references: [data.aws_caller_identity.master-aws-account]
2026-09-01T18:35:38.223+0700 [DEBUG] ReferenceTransformer: "output.caller_arn (expand)" references: data.aws_caller_identity.master-aws-account
2026-09-01T18:35:38.223+0700 [DEBUG] ReferenceTransformer: "output.caller_user (expand)" references: [data.aws_caller_identity.master-aws-account]
2026-09-01T18:35:38.223+0700 [DEBUG] ReferenceTransformer: "output.caller_user (expand)" references: data.aws_caller_identity.master-aws-account
2026-09-01T18:35:38.223+0700 [DEBUG] ReferenceTransformer: "output.arn (expand)" references: [data.aws_caller_identity.master-aws-account]
2026-09-01T18:35:38.223+0700 [DEBUG] ReferenceTransformer: "output.arn (expand)" references: data.aws_caller_identity.master-aws-account
2026-09-01T18:35:38.223+0700 [DEBUG] ReferenceTransformer: "output.account_id (expand)" references: [data.aws_caller_identity.master-aws-account]
2026-09-01T18:35:38.223+0700 [DEBUG] ReferenceTransformer: "output.account_id (expand)" references: data.aws_caller_identity.master-aws-account
2026-09-01T18:35:38.223+0700 [DEBUG] ReferenceTransformer: "provider[\"registry.terraform.io/hashicorp/aws\"]" references: []
2026-09-01T18:35:38.223+0700 [DEBUG] ReferenceTransformer: "data.aws_caller_identity.master-aws-account" references: []
2026-09-01T18:35:38.224+0700 [DEBUG] Starting graph walk: walkValidate
2026-09-01T18:35:38.225+0700 [DEBUG] created provider logger: level=debug
2026-09-01T18:35:38.225+0700 [INFO]  provider: configuring client automatic mTLS
2026-09-01T18:35:38.231+0700 [DEBUG] provider: starting plugin: path=.terraform/providers/registry.terraform.io/hashicorp/aws/6.62.0/darwin_arm64/terraform-provider-aws_v6.62.0_x5 args=[".terraform/providers/registry.terraform.io/hashicorp/aws/6.62.0/darwin_arm64/terraform-provider-aws_v6.62.0_x5"]
2026-09-01T18:35:38.251+0700 [DEBUG] provider: plugin started: path=.terraform/providers/registry.terraform.io/hashicorp/aws/6.62.0/darwin_arm64/terraform-provider-aws_v6.62.0_x5 pid=88601
2026-09-01T18:35:38.251+0700 [DEBUG] provider: waiting for RPC address: plugin=.terraform/providers/registry.terraform.io/hashicorp/aws/6.62.0/darwin_arm64/terraform-provider-aws_v6.62.0_x5
2026-09-01T18:35:38.373+0700 [DEBUG] provider.terraform-provider-aws_v6.62.0_x5: Starting github.com/hashicorp/terraform-provider-aws@6.62.0 (go1.26.6)...
2026-09-01T18:35:38.373+0700 [DEBUG] provider.terraform-provider-aws_v6.62.0_x5: Creating Terraform AWS Provider (SDKv2-style)...
2026-09-01T18:35:38.373+0700 [DEBUG] provider.terraform-provider-aws_v6.62.0_x5: Initializing Terraform AWS Provider (SDKv2-style)...
2026-09-01T18:35:38.391+0700 [DEBUG] provider.terraform-provider-aws_v6.62.0_x5: Creating Terraform AWS Provider (Framework-style)...
2026-09-01T18:35:38.391+0700 [DEBUG] provider.terraform-provider-aws_v6.62.0_x5: Initializing Terraform AWS Provider (Framework-style)...
2026-09-01T18:35:38.393+0700 [INFO]  provider.terraform-provider-aws_v6.62.0_x5: configuring server automatic mTLS: timestamp="2026-09-01T18:35:38.392+0700"
2026-09-01T18:35:38.399+0700 [DEBUG] provider.terraform-provider-aws_v6.62.0_x5: plugin address: address=/var/folders/dc/71w9ly4s1z5b3mp02_3x4pmm0000gn/T/plugin594925461 network=unix timestamp="2026-09-01T18:35:38.399+0700"
2026-09-01T18:35:38.399+0700 [DEBUG] provider: using plugin: version=5
2026-09-01T18:35:38.478+0700 [DEBUG] provider.stdio: received EOF, stopping recv loop: err="rpc error: code = Unavailable desc = error reading from server: EOF"
2026-09-01T18:35:38.482+0700 [INFO]  provider: plugin process exited: plugin=.terraform/providers/registry.terraform.io/hashicorp/aws/6.62.0/darwin_arm64/terraform-provider-aws_v6.62.0_x5 id=88601
2026-09-01T18:35:38.482+0700 [DEBUG] provider: plugin exited
2026-09-01T18:35:38.483+0700 [INFO]  backend/local: apply calling Plan
2026-09-01T18:35:38.483+0700 [DEBUG] Building and walking plan graph for NormalMode
2026-09-01T18:35:38.483+0700 [DEBUG] ProviderTransformer: "data.aws_caller_identity.master-aws-account (expand)" (*terraform.nodeExpandPlannableResource) needs provider["registry.terraform.io/hashicorp/aws"]
2026-09-01T18:35:38.483+0700 [DEBUG] pruning unused provider["registry.terraform.io/hashicorp/azurerm"]
2026-09-01T18:35:38.483+0700 [DEBUG] pruning unused provider["registry.terraform.io/hashicorp/local"]
2026-09-01T18:35:38.483+0700 [DEBUG] ReferenceTransformer: "data.aws_caller_identity.master-aws-account (expand)" references: []
2026-09-01T18:35:38.483+0700 [DEBUG] ReferenceTransformer: "output.arn (expand)" references: [data.aws_caller_identity.master-aws-account (expand)]
2026-09-01T18:35:38.483+0700 [DEBUG] ReferenceTransformer: "output.arn (expand)" references: data.aws_caller_identity.master-aws-account (expand)
2026-09-01T18:35:38.483+0700 [DEBUG] ReferenceTransformer: "output.account_id (expand)" references: [data.aws_caller_identity.master-aws-account (expand)]
2026-09-01T18:35:38.483+0700 [DEBUG] ReferenceTransformer: "output.account_id (expand)" references: data.aws_caller_identity.master-aws-account (expand)
2026-09-01T18:35:38.483+0700 [DEBUG] ReferenceTransformer: "output.caller_arn (expand)" references: [data.aws_caller_identity.master-aws-account (expand)]
2026-09-01T18:35:38.483+0700 [DEBUG] ReferenceTransformer: "output.caller_arn (expand)" references: data.aws_caller_identity.master-aws-account (expand)
2026-09-01T18:35:38.483+0700 [DEBUG] ReferenceTransformer: "output.caller_user (expand)" references: [data.aws_caller_identity.master-aws-account (expand)]
2026-09-01T18:35:38.483+0700 [DEBUG] ReferenceTransformer: "output.caller_user (expand)" references: data.aws_caller_identity.master-aws-account (expand)
2026-09-01T18:35:38.483+0700 [DEBUG] ReferenceTransformer: "provider[\"registry.terraform.io/hashicorp/aws\"]" references: []
2026-09-01T18:35:38.484+0700 [DEBUG] Starting graph walk: walkPlan
2026-09-01T18:35:38.484+0700 [DEBUG] created provider logger: level=debug
2026-09-01T18:35:38.484+0700 [INFO]  provider: configuring client automatic mTLS
2026-09-01T18:35:38.486+0700 [DEBUG] provider: starting plugin: path=.terraform/providers/registry.terraform.io/hashicorp/aws/6.62.0/darwin_arm64/terraform-provider-aws_v6.62.0_x5 args=[".terraform/providers/registry.terraform.io/hashicorp/aws/6.62.0/darwin_arm64/terraform-provider-aws_v6.62.0_x5"]
2026-09-01T18:35:38.497+0700 [DEBUG] provider: plugin started: path=.terraform/providers/registry.terraform.io/hashicorp/aws/6.62.0/darwin_arm64/terraform-provider-aws_v6.62.0_x5 pid=88605
2026-09-01T18:35:38.497+0700 [DEBUG] provider: waiting for RPC address: plugin=.terraform/providers/registry.terraform.io/hashicorp/aws/6.62.0/darwin_arm64/terraform-provider-aws_v6.62.0_x5
2026-09-01T18:35:38.623+0700 [DEBUG] provider.terraform-provider-aws_v6.62.0_x5: Starting github.com/hashicorp/terraform-provider-aws@6.62.0 (go1.26.6)...
2026-09-01T18:35:38.623+0700 [DEBUG] provider.terraform-provider-aws_v6.62.0_x5: Creating Terraform AWS Provider (SDKv2-style)...
2026-09-01T18:35:38.624+0700 [DEBUG] provider.terraform-provider-aws_v6.62.0_x5: Initializing Terraform AWS Provider (SDKv2-style)...
2026-09-01T18:35:38.640+0700 [DEBUG] provider.terraform-provider-aws_v6.62.0_x5: Creating Terraform AWS Provider (Framework-style)...
2026-09-01T18:35:38.640+0700 [DEBUG] provider.terraform-provider-aws_v6.62.0_x5: Initializing Terraform AWS Provider (Framework-style)...
2026-09-01T18:35:38.642+0700 [INFO]  provider.terraform-provider-aws_v6.62.0_x5: configuring server automatic mTLS: timestamp="2026-09-01T18:35:38.642+0700"
2026-09-01T18:35:38.648+0700 [DEBUG] provider: using plugin: version=5
2026-09-01T18:35:38.648+0700 [DEBUG] provider.terraform-provider-aws_v6.62.0_x5: plugin address: network=unix address=/var/folders/dc/71w9ly4s1z5b3mp02_3x4pmm0000gn/T/plugin2297368574 timestamp="2026-09-01T18:35:38.648+0700"
2026-09-01T18:35:38.712+0700 [DEBUG] provider.terraform-provider-aws_v6.62.0_x5: Configuring Terraform AWS Provider: tf_mux_provider="*schema.GRPCProviderServer" tf_provider_addr=registry.terraform.io/hashicorp/aws tf_rpc=ConfigureProvider tf_req_id=3ea281a1-9ed3-f0e9-0aa4-d2364afdc158 @caller=github.com/hashicorp/terraform-provider-aws/internal/conns/config.go:150 @module=aws timestamp="2026-09-01T18:35:38.712+0700"
2026-09-01T18:35:38.712+0700 [DEBUG] provider.terraform-provider-aws_v6.62.0_x5: Resolving credentials provider: @caller=github.com/hashicorp/aws-sdk-go-base/v2@v2.0.0-beta.73/logging/tf_logger.go:47 tf_provider_addr=registry.terraform.io/hashicorp/aws tf_req_id=3ea281a1-9ed3-f0e9-0aa4-d2364afdc158 @module=aws.aws-base tf_mux_provider="*schema.GRPCProviderServer" tf_rpc=ConfigureProvider timestamp="2026-09-01T18:35:38.712+0700"
2026-09-01T18:35:38.712+0700 [DEBUG] provider.terraform-provider-aws_v6.62.0_x5: Setting profile: @module=aws.aws-base tf_rpc=ConfigureProvider @caller=github.com/hashicorp/aws-sdk-go-base/v2@v2.0.0-beta.73/logging/tf_logger.go:47 tf_aws.profile=master-programmatic-admin-role tf_aws.profile.source=provider tf_mux_provider="*schema.GRPCProviderServer" tf_provider_addr=registry.terraform.io/hashicorp/aws tf_req_id=3ea281a1-9ed3-f0e9-0aa4-d2364afdc158 timestamp="2026-09-01T18:35:38.712+0700"
2026-09-01T18:35:38.712+0700 [DEBUG] provider.terraform-provider-aws_v6.62.0_x5: Loading configuration: @caller=github.com/hashicorp/aws-sdk-go-base/v2@v2.0.0-beta.73/logging/tf_logger.go:47 tf_provider_addr=registry.terraform.io/hashicorp/aws tf_rpc=ConfigureProvider @module=aws.aws-base tf_mux_provider="*schema.GRPCProviderServer" tf_req_id=3ea281a1-9ed3-f0e9-0aa4-d2364afdc158 timestamp="2026-09-01T18:35:38.712+0700"
2026-09-01T18:35:38.713+0700 [DEBUG] provider.terraform-provider-aws_v6.62.0_x5: Retrieving credentials: tf_provider_addr=registry.terraform.io/hashicorp/aws tf_rpc=ConfigureProvider @caller=github.com/hashicorp/aws-sdk-go-base/v2@v2.0.0-beta.73/logging/tf_logger.go:47 tf_req_id=3ea281a1-9ed3-f0e9-0aa4-d2364afdc158 @module=aws.aws-base tf_mux_provider="*schema.GRPCProviderServer" timestamp="2026-09-01T18:35:38.713+0700"
2026-09-01T18:35:38.715+0700 [DEBUG] provider.terraform-provider-aws_v6.62.0_x5: HTTP Request Sent: tf_mux_provider="*schema.GRPCProviderServer" tf_provider_addr=registry.terraform.io/hashicorp/aws http.request_content_length=185 @caller=github.com/hashicorp/aws-sdk-go-base/v2@v2.0.0-beta.73/logging/tf_logger.go:47 @module=aws.aws-base
  http.request.body=
  | Action=AssumeRole&DurationSeconds=900&RoleArn=arn%3Aaws%3Aiam%3A%3A767397956626%3Arole%2Fmaster-programmatic-admin-role&RoleSessionName=aws-go-sdk-1788262538713969000&Version=2011-06-15
   http.request.header.content_type=application/x-www-form-urlencoded tf_req_id=3ea281a1-9ed3-f0e9-0aa4-d2364afdc158 aws.region=ap-southeast-1 http.request.header.amz_sdk_invocation_id=8b634515-a1da-421a-a7d4-0345daf1e816 http.request.header.amz_sdk_request="attempt=1; max=3" http.request.header.x_amz_date=20260901T113538Z http.url=https://sts.ap-southeast-1.amazonaws.com/ rpc.method=STS/AssumeRole tf_aws.sdk=aws-sdk-go-v2 tf_rpc=ConfigureProvider http.method=POST http.request.header.authorization="AWS4-HMAC-SHA256 Credential=AKIA************QVVS/20260901/ap-southeast-1/sts/aws4_request, SignedHeaders=amz-sdk-invocation-id;amz-sdk-request;content-length;content-type;host;x-amz-date, Signature=*****" http.user_agent="APN/1.0 HashiCorp/1.0 Terraform/1.16.0 (+https://www.terraform.io) terraform-provider-aws/6.62.0 (+https://registry.terraform.io/providers/hashicorp/aws) aws-sdk-go-v2/1.43.7 ua/2.1 os/macos lang/go#1.26.6 md/GOOS#darwin md/GOARCH#arm64 api/sts#1.45.7 m/n,o" net.peer.name=sts.ap-southeast-1.amazonaws.com rpc.system.name=aws-api tf_aws.signing_region="" timestamp="2026-09-01T18:35:38.715+0700"
2026-09-01T18:35:38.997+0700 [DEBUG] provider.terraform-provider-aws_v6.62.0_x5: HTTP Response Received: http.response.header.date="Tue, 01 Sep 2026 11:35:39 GMT" rpc.system.name=aws-api tf_aws.sdk=aws-sdk-go-v2 @caller=github.com/hashicorp/aws-sdk-go-base/v2@v2.0.0-beta.73/logging/tf_logger.go:47
  http.response.body=
  | <AssumeRoleResponse xmlns="https://sts.amazonaws.com/doc/2011-06-15/">
  |   <AssumeRoleResult>
  |     <AssumedRoleUser>
  |       <AssumedRoleId>AROA*************CJFM:aws-go-sdk-1788262538713969000</AssumedRoleId>
  |       <Arn>arn:aws:sts::767397956626:assumed-role/master-programmatic-admin-role/aws-go-sdk-1788262538713969000</Arn>
  |     </AssumedRoleUser>
  |     <Credentials>
  |       <AccessKeyId>ASIA************UO42</AccessKeyId>
  |       <SecretAccessKey>XCby********************************t0sv</SecretAccessKey>
  |       <SessionToken>IQoJb3JpZ2luX2VjEOT//////////wEaDmFwLXNvdXRoZWFzdC0xIkYwRAIgPXKq8z0NUzmxYpImUFWCyIeCvLQ0iFrwDM4bWt39whwCIH2qFUJC4M2Ib0ddry0QLNOyf6Yispj2Ps4Onwbq2MbQKrQCCK3//////////wEQABoMNzY3Mzk3OTU2NjI2IgwYoOg0YYTBlUlGsKcqiAKsgKZvbxJlwGOM66A0TaqyLEzGWMRHKH5VJsD3zvfZE/mckDQONqSWnopGwG5PNYxa3C9J3CiVoQaqfyiohjZGb1YmG6v9swkRZ1xHpzeocDIn6TotjWR/GHpgys3w4MhWm0cGMhXMlqWuKMQHV8BbvArJx+eWpP802OR4Zs1fNBs8aSf5+jYuKGTrmRvM5a1fn5/k7fafJ0Mk/B8o4HOufZZhM4qm1fvDVuM271UA4KMcmOKk5pl1ciF3OAkUaYMyfB4RwjXdwPXqVIO0sMPOfg+gQ4OyQBHKJR65CTg6nhJkIJeRA0aHPaATt5kBU5GgJW+YXzB1b8aGWaaAXZbX5Il88Bo335cwi/Ha1AY6ngF501LzfzFZoshwVHrBLq7N9/lAb6s8+yj5a0peQjyFLv/rTOFH/jPzy5Vxb8As2lwFfDb/Rn6s9LxCRibMFNDgZClb17dc/VSvGPBBLjt0PGba5QGPBcqW5vRKGhcUGwXn8yqwe0lvK5MSbrL1+sTUL+sItHqIGih4AaA98LxyK8fbLVU9yC3YUqy2TXF6lLGcjb1NDnZ0UJ4nNzrI4A==</SessionToken>
  |       <Expiration>2026-09-01T11:50:39Z</Expiration>
  |     </Credentials>
  |   </AssumeRoleResult>
  |   <ResponseMetadata>
  |     <RequestId>130f0721-0686-4764-aa2e-cebcc9e8b80c</RequestId>
  |   </ResponseMetadata>
  | </AssumeRoleResponse>
   http.status_code=200 rpc.method=STS/AssumeRole tf_aws.signing_region="" tf_req_id=3ea281a1-9ed3-f0e9-0aa4-d2364afdc158 tf_rpc=ConfigureProvider @module=aws.aws-base http.duration=280 http.response.header.content_type=text/xml http.response.header.x_amz_sts_extended_request_id=MTphcC1zb3V0aGVhc3QtMTpTOjE3ODgyNjI1Mzg5ODY6Ujp6dnJoU2NVbA== http.response.header.x_amzn_requestid=130f0721-0686-4764-aa2e-cebcc9e8b80c tf_mux_provider="*schema.GRPCProviderServer" tf_provider_addr=registry.terraform.io/hashicorp/aws aws.region=ap-southeast-1 http.response_content_length=1545 timestamp="2026-09-01T18:35:38.996+0700"
2026-09-01T18:35:38.998+0700 [INFO]  provider.terraform-provider-aws_v6.62.0_x5: Retrieved credentials: tf_rpc=ConfigureProvider @caller=github.com/hashicorp/aws-sdk-go-base/v2@v2.0.0-beta.73/logging/tf_logger.go:39 tf_aws.credentials_source=AssumeRoleProvider tf_mux_provider="*schema.GRPCProviderServer" tf_provider_addr=registry.terraform.io/hashicorp/aws tf_req_id=3ea281a1-9ed3-f0e9-0aa4-d2364afdc158 @module=aws.aws-base timestamp="2026-09-01T18:35:38.998+0700"
2026-09-01T18:35:38.998+0700 [DEBUG] provider.terraform-provider-aws_v6.62.0_x5: Loading configuration: @module=aws.aws-base tf_mux_provider="*schema.GRPCProviderServer" tf_req_id=3ea281a1-9ed3-f0e9-0aa4-d2364afdc158 tf_rpc=ConfigureProvider @caller=github.com/hashicorp/aws-sdk-go-base/v2@v2.0.0-beta.73/logging/tf_logger.go:47 tf_provider_addr=registry.terraform.io/hashicorp/aws timestamp="2026-09-01T18:35:38.998+0700"
2026-09-01T18:35:38.999+0700 [DEBUG] provider.terraform-provider-aws_v6.62.0_x5: Retrieving AWS account details: tf_rpc=ConfigureProvider @caller=github.com/hashicorp/terraform-provider-aws/internal/conns/config.go:188 @module=aws tf_req_id=3ea281a1-9ed3-f0e9-0aa4-d2364afdc158 tf_mux_provider="*schema.GRPCProviderServer" tf_provider_addr=registry.terraform.io/hashicorp/aws timestamp="2026-09-01T18:35:38.999+0700"
2026-09-01T18:35:38.999+0700 [DEBUG] provider.terraform-provider-aws_v6.62.0_x5: Retrieving caller identity from STS: tf_mux_provider="*schema.GRPCProviderServer" tf_rpc=ConfigureProvider @caller=github.com/hashicorp/aws-sdk-go-base/v2@v2.0.0-beta.73/logging/tf_logger.go:47 tf_provider_addr=registry.terraform.io/hashicorp/aws tf_req_id=3ea281a1-9ed3-f0e9-0aa4-d2364afdc158 @module=aws.aws-base timestamp="2026-09-01T18:35:38.999+0700"
2026-09-01T18:35:39.001+0700 [DEBUG] provider.terraform-provider-aws_v6.62.0_x5: HTTP Request Sent:
  http.request.body=
  | Action=GetCallerIdentity&Version=2011-06-15
   http.request.header.amz_sdk_invocation_id=a510eb02-a93d-441c-a9d9-5765361b6e4e http.request.header.x_amz_security_token="*****" http.request_content_length=43 rpc.method=STS/GetCallerIdentity rpc.system.name=aws-api tf_provider_addr=registry.terraform.io/hashicorp/aws tf_req_id=3ea281a1-9ed3-f0e9-0aa4-d2364afdc158 http.request.header.amz_sdk_request="attempt=1; max=25" http.request.header.authorization="AWS4-HMAC-SHA256 Credential=ASIA************UO42/20260901/ap-southeast-1/sts/aws4_request, SignedHeaders=amz-sdk-invocation-id;amz-sdk-request;content-length;content-type;host;x-amz-date;x-amz-security-token, Signature=*****" http.request.header.content_type=application/x-www-form-urlencoded net.peer.name=sts.ap-southeast-1.amazonaws.com tf_aws.sdk=aws-sdk-go-v2 tf_aws.signing_region="" tf_mux_provider="*schema.GRPCProviderServer" @caller=github.com/hashicorp/aws-sdk-go-base/v2@v2.0.0-beta.73/logging/tf_logger.go:47 aws.region=ap-southeast-1 http.method=POST http.request.header.x_amz_date=20260901T113539Z @module=aws.aws-base http.url=https://sts.ap-southeast-1.amazonaws.com/ http.user_agent="APN/1.0 HashiCorp/1.0 Terraform/1.16.0 (+https://www.terraform.io) terraform-provider-aws/6.62.0 (+https://registry.terraform.io/providers/hashicorp/aws) aws-sdk-go-v2/1.43.7 ua/2.1 os/macos lang/go#1.26.6 md/GOOS#darwin md/GOARCH#arm64 api/sts#1.45.7 m/i,n,o" tf_rpc=ConfigureProvider timestamp="2026-09-01T18:35:39.001+0700"
2026-09-01T18:35:39.180+0700 [DEBUG] provider.terraform-provider-aws_v6.62.0_x5: HTTP Response Received: http.duration=175 http.response.header.content_type=text/xml http.response.header.x_amzn_requestid=35020516-ba38-4629-9f74-25ff90ec99c3 tf_aws.sdk=aws-sdk-go-v2 tf_provider_addr=registry.terraform.io/hashicorp/aws tf_req_id=3ea281a1-9ed3-f0e9-0aa4-d2364afdc158 @caller=github.com/hashicorp/aws-sdk-go-base/v2@v2.0.0-beta.73/logging/tf_logger.go:47 @module=aws.aws-base http.response_content_length=497 rpc.method=STS/GetCallerIdentity tf_mux_provider="*schema.GRPCProviderServer" aws.region=ap-southeast-1 http.response.header.date="Tue, 01 Sep 2026 11:35:39 GMT" rpc.system.name=aws-api tf_rpc=ConfigureProvider
  http.response.body=
  | <GetCallerIdentityResponse xmlns="https://sts.amazonaws.com/doc/2011-06-15/">
  |   <GetCallerIdentityResult>
  |     <Arn>arn:aws:sts::767397956626:assumed-role/master-programmatic-admin-role/aws-go-sdk-1788262538713969000</Arn>
  |     <UserId>AROA*************CJFM:aws-go-sdk-1788262538713969000</UserId>
  |     <Account>767397956626</Account>
  |   </GetCallerIdentityResult>
  |   <ResponseMetadata>
  |     <RequestId>35020516-ba38-4629-9f74-25ff90ec99c3</RequestId>
  |   </ResponseMetadata>
  | </GetCallerIdentityResponse>
   http.response.header.x_amz_sts_extended_request_id=MTphcC1zb3V0aGVhc3QtMTpTOjE3ODgyNjI1MzkyNDk6Ujo4NnVSbFBwWg== http.status_code=200 tf_aws.signing_region="" timestamp="2026-09-01T18:35:39.177+0700"
2026-09-01T18:35:39.180+0700 [INFO]  provider.terraform-provider-aws_v6.62.0_x5: Retrieved caller identity from STS: tf_mux_provider="*schema.GRPCProviderServer" tf_provider_addr=registry.terraform.io/hashicorp/aws tf_req_id=3ea281a1-9ed3-f0e9-0aa4-d2364afdc158 tf_rpc=ConfigureProvider @caller=github.com/hashicorp/aws-sdk-go-base/v2@v2.0.0-beta.73/logging/tf_logger.go:39 @module=aws.aws-base timestamp="2026-09-01T18:35:39.179+0700"
2026-09-01T18:35:39.180+0700 [DEBUG] No policy client configured, skipping policy evaluation for provider["registry.terraform.io/hashicorp/aws"]
2026-09-01T18:35:39.204+0700 [DEBUG] provider.terraform-provider-aws_v6.62.0_x5: HTTP Request Sent: tf_rpc=ReadDataSource http.request.header.amz_sdk_request="attempt=1; max=25" http.user_agent="APN/1.0 HashiCorp/1.0 Terraform/1.16.0 (+https://www.terraform.io) terraform-provider-aws/6.62.0 (+https://registry.terraform.io/providers/hashicorp/aws) aws-sdk-go-v2/1.43.7 ua/2.1 os/macos lang/go#1.26.6 md/GOOS#darwin md/GOARCH#arm64 api/sts#1.45.7 m/i,n,o" tf_mux_provider="*proto5server.Server" http.request.header.x_amz_date=20260901T113539Z http.request_content_length=43 net.peer.name=sts.ap-southeast-1.amazonaws.com rpc.system.name=aws-api tf_provider_addr=registry.terraform.io/hashicorp/aws http.request.header.x_amz_security_token="*****" @caller=github.com/hashicorp/aws-sdk-go-base/v2@v2.0.0-beta.73/logging/tf_logger.go:45 @module=aws aws.region=ap-southeast-1 http.method=POST http.request.header.amz_sdk_invocation_id=4be3f6f6-52cf-4046-b25d-1aa54e4e5a00 http.request.header.authorization="AWS4-HMAC-SHA256 Credential=ASIA************UO42/20260901/ap-southeast-1/sts/aws4_request, SignedHeaders=amz-sdk-invocation-id;amz-sdk-request;content-length;content-type;host;x-amz-date;x-amz-security-token, Signature=*****" http.url=https://sts.ap-southeast-1.amazonaws.com/
  http.request.body=
  | Action=GetCallerIdentity&Version=2011-06-15
   http.request.header.content_type=application/x-www-form-urlencoded rpc.method=STS/GetCallerIdentity tf_aws.sdk=aws-sdk-go-v2 tf_aws.signing_region="" tf_data_source_type=aws_caller_identity tf_req_id=758d05df-cff9-8c11-d56b-2b545c9e713c timestamp="2026-09-01T18:35:39.204+0700"
2026-09-01T18:35:39.238+0700 [DEBUG] provider.terraform-provider-aws_v6.62.0_x5: HTTP Response Received: @caller=github.com/hashicorp/aws-sdk-go-base/v2@v2.0.0-beta.73/logging/tf_logger.go:45 aws.region=ap-southeast-1 http.response.header.date="Tue, 01 Sep 2026 11:35:39 GMT" tf_aws.sdk=aws-sdk-go-v2 tf_aws.signing_region="" tf_provider_addr=registry.terraform.io/hashicorp/aws tf_req_id=758d05df-cff9-8c11-d56b-2b545c9e713c @module=aws http.response_content_length=497 http.status_code=200 rpc.system.name=aws-api tf_mux_provider="*proto5server.Server" http.duration=34
  http.response.body=
  | <GetCallerIdentityResponse xmlns="https://sts.amazonaws.com/doc/2011-06-15/">
  |   <GetCallerIdentityResult>
  |     <Arn>arn:aws:sts::767397956626:assumed-role/master-programmatic-admin-role/aws-go-sdk-1788262538713969000</Arn>
  |     <UserId>AROA*************CJFM:aws-go-sdk-1788262538713969000</UserId>
  |     <Account>767397956626</Account>
  |   </GetCallerIdentityResult>
  |   <ResponseMetadata>
  |     <RequestId>2fcf0b0a-761e-4cf5-ad73-d8e4bb128a3c</RequestId>
  |   </ResponseMetadata>
  | </GetCallerIdentityResponse>
   http.response.header.content_type=text/xml http.response.header.x_amz_sts_extended_request_id=MTphcC1zb3V0aGVhc3QtMTpTOjE3ODgyNjI1MzkzMjg6Ujp4SDZZTFdadw== http.response.header.x_amzn_requestid=2fcf0b0a-761e-4cf5-ad73-d8e4bb128a3c rpc.method=STS/GetCallerIdentity tf_data_source_type=aws_caller_identity tf_rpc=ReadDataSource timestamp="2026-09-01T18:35:39.238+0700"
2026-09-01T18:35:39.239+0700 [DEBUG] provider.stdio: received EOF, stopping recv loop: err="rpc error: code = Unavailable desc = error reading from server: EOF"
2026-09-01T18:35:39.246+0700 [INFO]  provider: plugin process exited: plugin=.terraform/providers/registry.terraform.io/hashicorp/aws/6.62.0/darwin_arm64/terraform-provider-aws_v6.62.0_x5 id=88605
2026-09-01T18:35:39.246+0700 [DEBUG] provider: plugin exited
2026-09-01T18:35:39.246+0700 [DEBUG] building apply graph to check for errors
2026-09-01T18:35:39.246+0700 [DEBUG] ProviderTransformer: "data.aws_caller_identity.master-aws-account (expand)" (*terraform.nodeExpandApplyableResource) needs provider["registry.terraform.io/hashicorp/aws"]
2026-09-01T18:35:39.246+0700 [DEBUG] pruning unused provider["registry.terraform.io/hashicorp/azurerm"]
2026-09-01T18:35:39.246+0700 [DEBUG] pruning unused provider["registry.terraform.io/hashicorp/local"]
2026-09-01T18:35:39.246+0700 [DEBUG] ReferenceTransformer: "output.caller_user (expand)" references: [data.aws_caller_identity.master-aws-account (expand)]
2026-09-01T18:35:39.246+0700 [DEBUG] ReferenceTransformer: "output.caller_user (expand)" references: data.aws_caller_identity.master-aws-account (expand)
2026-09-01T18:35:39.246+0700 [DEBUG] ReferenceTransformer: "output.arn (expand)" references: [data.aws_caller_identity.master-aws-account (expand)]
2026-09-01T18:35:39.246+0700 [DEBUG] ReferenceTransformer: "output.arn (expand)" references: data.aws_caller_identity.master-aws-account (expand)
2026-09-01T18:35:39.246+0700 [DEBUG] ReferenceTransformer: "output.account_id (expand)" references: [data.aws_caller_identity.master-aws-account (expand)]
2026-09-01T18:35:39.246+0700 [DEBUG] ReferenceTransformer: "output.account_id (expand)" references: data.aws_caller_identity.master-aws-account (expand)
2026-09-01T18:35:39.246+0700 [DEBUG] ReferenceTransformer: "output.caller_arn (expand)" references: [data.aws_caller_identity.master-aws-account (expand)]
2026-09-01T18:35:39.246+0700 [DEBUG] ReferenceTransformer: "output.caller_arn (expand)" references: data.aws_caller_identity.master-aws-account (expand)
2026-09-01T18:35:39.247+0700 [DEBUG] ReferenceTransformer: "provider[\"registry.terraform.io/hashicorp/aws\"]" references: []
2026-09-01T18:35:39.247+0700 [DEBUG] ReferenceTransformer: "data.aws_caller_identity.master-aws-account (expand)" references: []
2026-09-01T18:35:39.346+0700 [INFO]  backend/local: apply calling Apply
2026-09-01T18:35:39.346+0700 [DEBUG] Building and walking apply graph for NormalMode plan
2026-09-01T18:35:39.346+0700 [DEBUG] ProviderTransformer: "data.aws_caller_identity.master-aws-account (expand)" (*terraform.nodeExpandApplyableResource) needs provider["registry.terraform.io/hashicorp/aws"]
2026-09-01T18:35:39.346+0700 [DEBUG] pruning unused provider["registry.terraform.io/hashicorp/azurerm"]
2026-09-01T18:35:39.346+0700 [DEBUG] pruning unused provider["registry.terraform.io/hashicorp/local"]
2026-09-01T18:35:39.346+0700 [DEBUG] ReferenceTransformer: "output.arn (expand)" references: [data.aws_caller_identity.master-aws-account (expand)]
2026-09-01T18:35:39.346+0700 [DEBUG] ReferenceTransformer: "output.arn (expand)" references: data.aws_caller_identity.master-aws-account (expand)
2026-09-01T18:35:39.346+0700 [DEBUG] ReferenceTransformer: "provider[\"registry.terraform.io/hashicorp/aws\"]" references: []
2026-09-01T18:35:39.346+0700 [DEBUG] ReferenceTransformer: "data.aws_caller_identity.master-aws-account (expand)" references: []
2026-09-01T18:35:39.346+0700 [DEBUG] ReferenceTransformer: "output.account_id (expand)" references: [data.aws_caller_identity.master-aws-account (expand)]
2026-09-01T18:35:39.346+0700 [DEBUG] ReferenceTransformer: "output.account_id (expand)" references: data.aws_caller_identity.master-aws-account (expand)
2026-09-01T18:35:39.346+0700 [DEBUG] ReferenceTransformer: "output.caller_arn (expand)" references: [data.aws_caller_identity.master-aws-account (expand)]
2026-09-01T18:35:39.346+0700 [DEBUG] ReferenceTransformer: "output.caller_arn (expand)" references: data.aws_caller_identity.master-aws-account (expand)
2026-09-01T18:35:39.346+0700 [DEBUG] ReferenceTransformer: "output.caller_user (expand)" references: [data.aws_caller_identity.master-aws-account (expand)]
2026-09-01T18:35:39.346+0700 [DEBUG] ReferenceTransformer: "output.caller_user (expand)" references: data.aws_caller_identity.master-aws-account (expand)
2026-09-01T18:35:39.346+0700 [DEBUG] Starting graph walk: walkApply
2026-09-01T18:35:39.346+0700 [DEBUG] created provider logger: level=debug
2026-09-01T18:35:39.347+0700 [INFO]  provider: configuring client automatic mTLS
2026-09-01T18:35:39.349+0700 [DEBUG] provider: starting plugin: path=.terraform/providers/registry.terraform.io/hashicorp/aws/6.62.0/darwin_arm64/terraform-provider-aws_v6.62.0_x5 args=[".terraform/providers/registry.terraform.io/hashicorp/aws/6.62.0/darwin_arm64/terraform-provider-aws_v6.62.0_x5"]
2026-09-01T18:35:39.367+0700 [DEBUG] provider: plugin started: path=.terraform/providers/registry.terraform.io/hashicorp/aws/6.62.0/darwin_arm64/terraform-provider-aws_v6.62.0_x5 pid=88606
2026-09-01T18:35:39.367+0700 [DEBUG] provider: waiting for RPC address: plugin=.terraform/providers/registry.terraform.io/hashicorp/aws/6.62.0/darwin_arm64/terraform-provider-aws_v6.62.0_x5
2026-09-01T18:35:39.496+0700 [DEBUG] provider.terraform-provider-aws_v6.62.0_x5: Starting github.com/hashicorp/terraform-provider-aws@6.62.0 (go1.26.6)...
2026-09-01T18:35:39.496+0700 [DEBUG] provider.terraform-provider-aws_v6.62.0_x5: Creating Terraform AWS Provider (SDKv2-style)...
2026-09-01T18:35:39.496+0700 [DEBUG] provider.terraform-provider-aws_v6.62.0_x5: Initializing Terraform AWS Provider (SDKv2-style)...
2026-09-01T18:35:39.514+0700 [DEBUG] provider.terraform-provider-aws_v6.62.0_x5: Creating Terraform AWS Provider (Framework-style)...
2026-09-01T18:35:39.514+0700 [DEBUG] provider.terraform-provider-aws_v6.62.0_x5: Initializing Terraform AWS Provider (Framework-style)...
2026-09-01T18:35:39.516+0700 [INFO]  provider.terraform-provider-aws_v6.62.0_x5: configuring server automatic mTLS: timestamp="2026-09-01T18:35:39.516+0700"
2026-09-01T18:35:39.522+0700 [DEBUG] provider: using plugin: version=5
2026-09-01T18:35:39.522+0700 [DEBUG] provider.terraform-provider-aws_v6.62.0_x5: plugin address: address=/var/folders/dc/71w9ly4s1z5b3mp02_3x4pmm0000gn/T/plugin3361198995 network=unix timestamp="2026-09-01T18:35:39.522+0700"
2026-09-01T18:35:39.586+0700 [DEBUG] provider.terraform-provider-aws_v6.62.0_x5: Configuring Terraform AWS Provider: @module=aws tf_mux_provider="*schema.GRPCProviderServer" tf_provider_addr=registry.terraform.io/hashicorp/aws tf_req_id=e953abfd-a6cc-83dd-cede-65b7dc51a81e tf_rpc=ConfigureProvider @caller=github.com/hashicorp/terraform-provider-aws/internal/conns/config.go:150 timestamp="2026-09-01T18:35:39.586+0700"
2026-09-01T18:35:39.586+0700 [DEBUG] provider.terraform-provider-aws_v6.62.0_x5: Resolving credentials provider: @module=aws.aws-base tf_mux_provider="*schema.GRPCProviderServer" tf_provider_addr=registry.terraform.io/hashicorp/aws tf_req_id=e953abfd-a6cc-83dd-cede-65b7dc51a81e @caller=github.com/hashicorp/aws-sdk-go-base/v2@v2.0.0-beta.73/logging/tf_logger.go:47 tf_rpc=ConfigureProvider timestamp="2026-09-01T18:35:39.586+0700"
2026-09-01T18:35:39.586+0700 [DEBUG] provider.terraform-provider-aws_v6.62.0_x5: Setting profile: @caller=github.com/hashicorp/aws-sdk-go-base/v2@v2.0.0-beta.73/logging/tf_logger.go:47 tf_aws.profile=master-programmatic-admin-role tf_aws.profile.source=provider tf_mux_provider="*schema.GRPCProviderServer" tf_provider_addr=registry.terraform.io/hashicorp/aws tf_rpc=ConfigureProvider @module=aws.aws-base tf_req_id=e953abfd-a6cc-83dd-cede-65b7dc51a81e timestamp="2026-09-01T18:35:39.586+0700"
2026-09-01T18:35:39.586+0700 [DEBUG] provider.terraform-provider-aws_v6.62.0_x5: Loading configuration: tf_req_id=e953abfd-a6cc-83dd-cede-65b7dc51a81e @module=aws.aws-base tf_mux_provider="*schema.GRPCProviderServer" tf_provider_addr=registry.terraform.io/hashicorp/aws tf_rpc=ConfigureProvider @caller=github.com/hashicorp/aws-sdk-go-base/v2@v2.0.0-beta.73/logging/tf_logger.go:47 timestamp="2026-09-01T18:35:39.586+0700"
2026-09-01T18:35:39.587+0700 [DEBUG] provider.terraform-provider-aws_v6.62.0_x5: Retrieving credentials: tf_mux_provider="*schema.GRPCProviderServer" tf_req_id=e953abfd-a6cc-83dd-cede-65b7dc51a81e @caller=github.com/hashicorp/aws-sdk-go-base/v2@v2.0.0-beta.73/logging/tf_logger.go:47 @module=aws.aws-base tf_provider_addr=registry.terraform.io/hashicorp/aws tf_rpc=ConfigureProvider timestamp="2026-09-01T18:35:39.587+0700"
2026-09-01T18:35:39.587+0700 [DEBUG] provider.terraform-provider-aws_v6.62.0_x5: HTTP Request Sent: rpc.method=STS/AssumeRole rpc.system.name=aws-api tf_provider_addr=registry.terraform.io/hashicorp/aws @caller=github.com/hashicorp/aws-sdk-go-base/v2@v2.0.0-beta.73/logging/tf_logger.go:47 http.request.header.content_type=application/x-www-form-urlencoded tf_aws.sdk=aws-sdk-go-v2 tf_aws.signing_region="" tf_mux_provider="*schema.GRPCProviderServer" @module=aws.aws-base http.request.header.amz_sdk_invocation_id=a5fb919a-f47e-4230-97a2-5d764f7fdda8 http.request.header.x_amz_date=20260901T113539Z http.request_content_length=185 tf_req_id=e953abfd-a6cc-83dd-cede-65b7dc51a81e tf_rpc=ConfigureProvider aws.region=ap-southeast-1 http.method=POST
  http.request.body=
  | Action=AssumeRole&DurationSeconds=900&RoleArn=arn%3Aaws%3Aiam%3A%3A767397956626%3Arole%2Fmaster-programmatic-admin-role&RoleSessionName=aws-go-sdk-1788262539587203000&Version=2011-06-15
   http.request.header.amz_sdk_request="attempt=1; max=3" http.request.header.authorization="AWS4-HMAC-SHA256 Credential=AKIA************QVVS/20260901/ap-southeast-1/sts/aws4_request, SignedHeaders=amz-sdk-invocation-id;amz-sdk-request;content-length;content-type;host;x-amz-date, Signature=*****" http.url=https://sts.ap-southeast-1.amazonaws.com/ http.user_agent="APN/1.0 HashiCorp/1.0 Terraform/1.16.0 (+https://www.terraform.io) terraform-provider-aws/6.62.0 (+https://registry.terraform.io/providers/hashicorp/aws) aws-sdk-go-v2/1.43.7 ua/2.1 os/macos lang/go#1.26.6 md/GOOS#darwin md/GOARCH#arm64 api/sts#1.45.7 m/n,o" net.peer.name=sts.ap-southeast-1.amazonaws.com timestamp="2026-09-01T18:35:39.587+0700"
2026-09-01T18:35:39.761+0700 [DEBUG] provider.terraform-provider-aws_v6.62.0_x5: HTTP Response Received: @module=aws.aws-base aws.region=ap-southeast-1 rpc.method=STS/AssumeRole tf_aws.sdk=aws-sdk-go-v2 tf_mux_provider="*schema.GRPCProviderServer" http.response_content_length=1545 @caller=github.com/hashicorp/aws-sdk-go-base/v2@v2.0.0-beta.73/logging/tf_logger.go:47 http.duration=173
  http.response.body=
  | <AssumeRoleResponse xmlns="https://sts.amazonaws.com/doc/2011-06-15/">
  |   <AssumeRoleResult>
  |     <AssumedRoleUser>
  |       <AssumedRoleId>AROA*************CJFM:aws-go-sdk-1788262539587203000</AssumedRoleId>
  |       <Arn>arn:aws:sts::767397956626:assumed-role/master-programmatic-admin-role/aws-go-sdk-1788262539587203000</Arn>
  |     </AssumedRoleUser>
  |     <Credentials>
  |       <AccessKeyId>ASIA************WSXT</AccessKeyId>
  |       <SecretAccessKey>knBU********************************6r+x</SecretAccessKey>
  |       <SessionToken>IQoJb3JpZ2luX2VjEOT//////////wEaDmFwLXNvdXRoZWFzdC0xIkgwRgIhANTpZ1ZsRvzy6fcNhx+7/JKh12X+NpilAXl/XsddO2LJAiEAqMW1GszsiEXJcHHspBdA4op6rL2sv3/dZhuTbRjvNiEqtAIIrf//////////ARAAGgw3NjczOTc5NTY2MjYiDDmQVKEhAlnAfPFV0yqIAnIqL70rEKbNsHxkpPCmfPGpbT/nbAVHdg5Woosbtv08K9/m2dfb+5buBT3A75d8ZkSKq2KyJnAZ38m6FHaktcj7STegj7w/KrLq4w4QznhG5fN3lOFQeAed9SvCDIRN/8t+NnLIXF/XyTnVBHA5D7NRXxVQMQKYJl0DmRt57JMMKo2QG1O3Fo04RzMW02ZnzAuBLkyLGdGsB8QWNCHCCoZ44/KM2tg5NkSIqMKnFLCMw2I+3yrtdXUs3nnl1uQj+RvF3uVqULqNUyhsxghtcSQJtK0f81p3HB4snbQ+wKj3IgDIfHKCXb+jufZQ+PYnWaswG2ily2PHg1ygS8uj6uh0QOxZxcU22zCL8drUBjqcAWiet9rR3/5UWAnrARU/YPSsoev7tOnaIwdLHhg7hTTCK5z3tmTMZvGo7nJM0dTN00r823fMx5V1Ex7xuIC0LMUO8LBo0O81CFtMfS66mKq0P4t9ku90idDSik4pWSN+shek1D621o+HLp6Zu1ADhnyp5tjWrn00rqVAZmLgarxU9gbheYlKlbanCdvMsO2WfUhcQtJqXxqwZViuLA==</SessionToken>
  |       <Expiration>2026-09-01T11:50:39Z</Expiration>
  |     </Credentials>
  |   </AssumeRoleResult>
  |   <ResponseMetadata>
  |     <RequestId>b28a8808-49ae-442e-83f7-d876988cc7fd</RequestId>
  |   </ResponseMetadata>
  | </AssumeRoleResponse>
   http.response.header.content_type=text/xml http.response.header.date="Tue, 01 Sep 2026 11:35:39 GMT" http.response.header.x_amzn_requestid=b28a8808-49ae-442e-83f7-d876988cc7fd http.status_code=200 rpc.system.name=aws-api tf_aws.signing_region="" tf_provider_addr=registry.terraform.io/hashicorp/aws tf_rpc=ConfigureProvider http.response.header.x_amz_sts_extended_request_id=MTphcC1zb3V0aGVhc3QtMTpTOjE3ODgyNjI1Mzk4MzE6UjoycGNySUdQVg== tf_req_id=e953abfd-a6cc-83dd-cede-65b7dc51a81e timestamp="2026-09-01T18:35:39.761+0700"
2026-09-01T18:35:39.761+0700 [INFO]  provider.terraform-provider-aws_v6.62.0_x5: Retrieved credentials: tf_provider_addr=registry.terraform.io/hashicorp/aws tf_req_id=e953abfd-a6cc-83dd-cede-65b7dc51a81e tf_rpc=ConfigureProvider @caller=github.com/hashicorp/aws-sdk-go-base/v2@v2.0.0-beta.73/logging/tf_logger.go:39 tf_aws.credentials_source=AssumeRoleProvider tf_mux_provider="*schema.GRPCProviderServer" @module=aws.aws-base timestamp="2026-09-01T18:35:39.761+0700"
2026-09-01T18:35:39.761+0700 [DEBUG] provider.terraform-provider-aws_v6.62.0_x5: Loading configuration: @module=aws.aws-base tf_rpc=ConfigureProvider @caller=github.com/hashicorp/aws-sdk-go-base/v2@v2.0.0-beta.73/logging/tf_logger.go:47 tf_mux_provider="*schema.GRPCProviderServer" tf_provider_addr=registry.terraform.io/hashicorp/aws tf_req_id=e953abfd-a6cc-83dd-cede-65b7dc51a81e timestamp="2026-09-01T18:35:39.761+0700"
2026-09-01T18:35:39.762+0700 [DEBUG] provider.terraform-provider-aws_v6.62.0_x5: Retrieving AWS account details: tf_req_id=e953abfd-a6cc-83dd-cede-65b7dc51a81e tf_rpc=ConfigureProvider @module=aws tf_provider_addr=registry.terraform.io/hashicorp/aws @caller=github.com/hashicorp/terraform-provider-aws/internal/conns/config.go:188 tf_mux_provider="*schema.GRPCProviderServer" timestamp="2026-09-01T18:35:39.761+0700"
2026-09-01T18:35:39.762+0700 [DEBUG] provider.terraform-provider-aws_v6.62.0_x5: Retrieving caller identity from STS: tf_mux_provider="*schema.GRPCProviderServer" tf_provider_addr=registry.terraform.io/hashicorp/aws tf_req_id=e953abfd-a6cc-83dd-cede-65b7dc51a81e tf_rpc=ConfigureProvider @module=aws.aws-base @caller=github.com/hashicorp/aws-sdk-go-base/v2@v2.0.0-beta.73/logging/tf_logger.go:47 timestamp="2026-09-01T18:35:39.762+0700"
2026-09-01T18:35:39.762+0700 [DEBUG] provider.terraform-provider-aws_v6.62.0_x5: HTTP Request Sent: http.request.header.authorization="AWS4-HMAC-SHA256 Credential=ASIA************WSXT/20260901/ap-southeast-1/sts/aws4_request, SignedHeaders=amz-sdk-invocation-id;amz-sdk-request;content-length;content-type;host;x-amz-date;x-amz-security-token, Signature=*****" http.request.header.x_amz_date=20260901T113539Z http.url=https://sts.ap-southeast-1.amazonaws.com/ @caller=github.com/hashicorp/aws-sdk-go-base/v2@v2.0.0-beta.73/logging/tf_logger.go:47 net.peer.name=sts.ap-southeast-1.amazonaws.com tf_mux_provider="*schema.GRPCProviderServer" tf_provider_addr=registry.terraform.io/hashicorp/aws tf_rpc=ConfigureProvider
  http.request.body=
  | Action=GetCallerIdentity&Version=2011-06-15
   http.request.header.amz_sdk_request="attempt=1; max=25" http.request.header.content_type=application/x-www-form-urlencoded http.request.header.x_amz_security_token="*****" http.request_content_length=43 http.user_agent="APN/1.0 HashiCorp/1.0 Terraform/1.16.0 (+https://www.terraform.io) terraform-provider-aws/6.62.0 (+https://registry.terraform.io/providers/hashicorp/aws) aws-sdk-go-v2/1.43.7 ua/2.1 os/macos lang/go#1.26.6 md/GOOS#darwin md/GOARCH#arm64 api/sts#1.45.7 m/i,n,o" rpc.method=STS/GetCallerIdentity @module=aws.aws-base http.method=POST http.request.header.amz_sdk_invocation_id=15545b53-4ebc-41ba-8ae6-a2f94a2dee24 rpc.system.name=aws-api tf_aws.sdk=aws-sdk-go-v2 tf_aws.signing_region="" tf_req_id=e953abfd-a6cc-83dd-cede-65b7dc51a81e aws.region=ap-southeast-1 timestamp="2026-09-01T18:35:39.762+0700"
2026-09-01T18:35:39.925+0700 [DEBUG] provider.terraform-provider-aws_v6.62.0_x5: HTTP Response Received:
  http.response.body=
  | <GetCallerIdentityResponse xmlns="https://sts.amazonaws.com/doc/2011-06-15/">
  |   <GetCallerIdentityResult>
  |     <Arn>arn:aws:sts::767397956626:assumed-role/master-programmatic-admin-role/aws-go-sdk-1788262539587203000</Arn>
  |     <UserId>AROA*************CJFM:aws-go-sdk-1788262539587203000</UserId>
  |     <Account>767397956626</Account>
  |   </GetCallerIdentityResult>
  |   <ResponseMetadata>
  |     <RequestId>102e1a62-ae16-4904-85ed-e52337f38a86</RequestId>
  |   </ResponseMetadata>
  | </GetCallerIdentityResponse>
   http.response.header.date="Tue, 01 Sep 2026 11:35:40 GMT" http.response_content_length=497 tf_provider_addr=registry.terraform.io/hashicorp/aws @caller=github.com/hashicorp/aws-sdk-go-base/v2@v2.0.0-beta.73/logging/tf_logger.go:47 @module=aws.aws-base http.response.header.content_type=text/xml http.response.header.x_amzn_requestid=102e1a62-ae16-4904-85ed-e52337f38a86 http.status_code=200 rpc.system.name=aws-api aws.region=ap-southeast-1 http.duration=161 http.response.header.x_amz_sts_extended_request_id=MTphcC1zb3V0aGVhc3QtMTpTOjE3ODgyNjI1NDAwMDk6UjpyN2JoajJ1Ng== rpc.method=STS/GetCallerIdentity tf_aws.sdk=aws-sdk-go-v2 tf_aws.signing_region="" tf_mux_provider="*schema.GRPCProviderServer" tf_req_id=e953abfd-a6cc-83dd-cede-65b7dc51a81e tf_rpc=ConfigureProvider timestamp="2026-09-01T18:35:39.924+0700"
2026-09-01T18:35:39.925+0700 [INFO]  provider.terraform-provider-aws_v6.62.0_x5: Retrieved caller identity from STS: tf_mux_provider="*schema.GRPCProviderServer" tf_rpc=ConfigureProvider @caller=github.com/hashicorp/aws-sdk-go-base/v2@v2.0.0-beta.73/logging/tf_logger.go:39 @module=aws.aws-base tf_provider_addr=registry.terraform.io/hashicorp/aws tf_req_id=e953abfd-a6cc-83dd-cede-65b7dc51a81e timestamp="2026-09-01T18:35:39.925+0700"
2026-09-01T18:35:39.928+0700 [DEBUG] No policy client configured, skipping policy evaluation for provider["registry.terraform.io/hashicorp/aws"]
2026-09-01T18:35:39.930+0700 [DEBUG] provider.stdio: received EOF, stopping recv loop: err="rpc error: code = Unavailable desc = error reading from server: EOF"
2026-09-01T18:35:39.945+0700 [INFO]  provider: plugin process exited: plugin=.terraform/providers/registry.terraform.io/hashicorp/aws/6.62.0/darwin_arm64/terraform-provider-aws_v6.62.0_x5 id=88606
2026-09-01T18:35:39.945+0700 [DEBUG] provider: plugin exited
2026-09-01T18:38:16.750+0700 [INFO]  Terraform version: 1.16.0
2026-09-01T18:38:16.750+0700 [DEBUG] using github.com/hashicorp/go-tfe v1.108.0
2026-09-01T18:38:16.750+0700 [DEBUG] using github.com/hashicorp/hcl/v2 v2.24.0
2026-09-01T18:38:16.750+0700 [DEBUG] using github.com/hashicorp/terraform-svchost v0.2.1
2026-09-01T18:38:16.750+0700 [DEBUG] using github.com/zclconf/go-cty v1.18.1
2026-09-01T18:38:16.750+0700 [INFO]  Go runtime version: go1.26.4
2026-09-01T18:38:16.750+0700 [INFO]  CLI args: []string{"terraform", "init"}
2026-09-01T18:38:16.751+0700 [DEBUG] Attempting to open CLI config file: /Users/thettun/.terraformrc
2026-09-01T18:38:16.751+0700 [DEBUG] File doesn't exist, but doesn't need to. Ignoring.
2026-09-01T18:38:16.751+0700 [DEBUG] ignoring non-existing provider search directory terraform.d/plugins
2026-09-01T18:38:16.751+0700 [DEBUG] ignoring non-existing provider search directory /Users/thettun/.terraform.d/plugins
2026-09-01T18:38:16.751+0700 [DEBUG] ignoring non-existing provider search directory /Users/thettun/Library/Application Support/io.terraform/plugins
2026-09-01T18:38:16.751+0700 [DEBUG] ignoring non-existing provider search directory /Library/Application Support/io.terraform/plugins
2026-09-01T18:38:16.753+0700 [INFO]  CLI command args: []string{"init"}
2026-09-01T18:38:16.757+0700 [DEBUG] checking for provisioner in "."
2026-09-01T18:38:16.759+0700 [DEBUG] checking for provisioner in "/opt/homebrew/bin"
2026-09-01T18:38:16.762+0700 [DEBUG] Starting graph walk: walkInit
2026-09-01T18:38:16.766+0700 [DEBUG] Service discovery for registry.terraform.io at https://registry.terraform.io/.well-known/terraform.json
2026-09-01T18:38:16.865+0700 [DEBUG] GET https://registry.terraform.io/v1/providers/hashicorp/aws/versions
2026-09-01T18:38:16.907+0700 [DEBUG] GET https://registry.terraform.io/v1/providers/hashicorp/vault/versions
2026-09-01T18:38:16.945+0700 [DEBUG] GET https://registry.terraform.io/v1/providers/hashicorp/aws/6.62.0/download/darwin/arm64
2026-09-01T18:38:16.982+0700 [DEBUG] GET https://releases.hashicorp.com/terraform-provider-aws/6.62.0/terraform-provider-aws_6.62.0_SHA256SUMS
2026-09-01T18:38:20.846+0700 [DEBUG] GET https://releases.hashicorp.com/terraform-provider-aws/6.62.0/terraform-provider-aws_6.62.0_SHA256SUMS.72D7468F.sig
2026-09-01T18:38:24.317+0700 [WARN]  expired openpgp key from HashiCorp Security (hashicorp.com/security) <security@hashicorp.com>
2026-09-01T18:38:24.317+0700 [DEBUG] Provider signed by 34365D9472D7468F HashiCorp Security (hashicorp.com/security) <security@hashicorp.com>
2026-09-01T18:38:27.526+0700 [DEBUG] GET https://registry.terraform.io/v1/providers/hashicorp/vault/5.11.0/download/darwin/arm64
2026-09-01T18:38:27.592+0700 [DEBUG] GET https://releases.hashicorp.com/terraform-provider-vault/5.11.0/terraform-provider-vault_5.11.0_SHA256SUMS
2026-09-01T18:38:27.665+0700 [DEBUG] GET https://releases.hashicorp.com/terraform-provider-vault/5.11.0/terraform-provider-vault_5.11.0_SHA256SUMS.72D7468F.sig
2026-09-01T18:38:28.245+0700 [WARN]  expired openpgp key from HashiCorp Security (hashicorp.com/security) <security@hashicorp.com>
2026-09-01T18:38:28.245+0700 [DEBUG] Provider signed by 34365D9472D7468F HashiCorp Security (hashicorp.com/security) <security@hashicorp.com>
2026-09-01T20:17:57.410+0700 [INFO]  Terraform version: 1.16.0
2026-09-01T20:17:57.411+0700 [DEBUG] using github.com/hashicorp/go-tfe v1.108.0
2026-09-01T20:17:57.411+0700 [DEBUG] using github.com/hashicorp/hcl/v2 v2.24.0
2026-09-01T20:17:57.411+0700 [DEBUG] using github.com/hashicorp/terraform-svchost v0.2.1
2026-09-01T20:17:57.411+0700 [DEBUG] using github.com/zclconf/go-cty v1.18.1
2026-09-01T20:17:57.411+0700 [INFO]  Go runtime version: go1.26.4
2026-09-01T20:17:57.411+0700 [INFO]  CLI args: []string{"terraform", "plan"}
2026-09-01T20:17:57.411+0700 [DEBUG] Attempting to open CLI config file: /Users/thettun/.terraformrc
2026-09-01T20:17:57.412+0700 [DEBUG] File doesn't exist, but doesn't need to. Ignoring.
2026-09-01T20:17:57.412+0700 [DEBUG] ignoring non-existing provider search directory terraform.d/plugins
2026-09-01T20:17:57.412+0700 [DEBUG] ignoring non-existing provider search directory /Users/thettun/.terraform.d/plugins
2026-09-01T20:17:57.412+0700 [DEBUG] ignoring non-existing provider search directory /Users/thettun/Library/Application Support/io.terraform/plugins
2026-09-01T20:17:57.412+0700 [DEBUG] ignoring non-existing provider search directory /Library/Application Support/io.terraform/plugins
2026-09-01T20:17:57.414+0700 [INFO]  CLI command args: []string{"plan"}
2026-09-01T20:17:58.083+0700 [DEBUG] checking for provisioner in "."
2026-09-01T20:17:58.089+0700 [DEBUG] checking for provisioner in "/opt/homebrew/bin"
2026-09-01T20:17:58.093+0700 [INFO]  backend/local: starting Plan operation
2026-09-01T20:17:58.102+0700 [DEBUG] ReferenceTransformer: "var.vault-token1" references: []
2026-09-01T20:17:58.102+0700 [DEBUG] ReferenceTransformer: "var.vault-token2" references: []
2026-09-01T20:17:58.103+0700 [DEBUG] Starting graph walk: walkInit
2026-09-01T20:17:58.107+0700 [DEBUG] created provider logger: level=debug
2026-09-01T20:17:58.107+0700 [INFO]  provider: configuring client automatic mTLS
2026-09-01T20:17:58.120+0700 [DEBUG] provider: starting plugin: path=.terraform/providers/registry.terraform.io/hashicorp/aws/6.62.0/darwin_arm64/terraform-provider-aws_v6.62.0_x5 args=[".terraform/providers/registry.terraform.io/hashicorp/aws/6.62.0/darwin_arm64/terraform-provider-aws_v6.62.0_x5"]
2026-09-01T20:17:58.170+0700 [DEBUG] provider: plugin started: path=.terraform/providers/registry.terraform.io/hashicorp/aws/6.62.0/darwin_arm64/terraform-provider-aws_v6.62.0_x5 pid=40733
2026-09-01T20:17:58.171+0700 [DEBUG] provider: waiting for RPC address: plugin=.terraform/providers/registry.terraform.io/hashicorp/aws/6.62.0/darwin_arm64/terraform-provider-aws_v6.62.0_x5
2026-09-01T20:17:58.462+0700 [DEBUG] provider.terraform-provider-aws_v6.62.0_x5: Starting github.com/hashicorp/terraform-provider-aws@6.62.0 (go1.26.6)...
2026-09-01T20:17:58.462+0700 [DEBUG] provider.terraform-provider-aws_v6.62.0_x5: Creating Terraform AWS Provider (SDKv2-style)...
2026-09-01T20:17:58.462+0700 [DEBUG] provider.terraform-provider-aws_v6.62.0_x5: Initializing Terraform AWS Provider (SDKv2-style)...
2026-09-01T20:17:58.512+0700 [DEBUG] provider.terraform-provider-aws_v6.62.0_x5: Creating Terraform AWS Provider (Framework-style)...
2026-09-01T20:17:58.513+0700 [DEBUG] provider.terraform-provider-aws_v6.62.0_x5: Initializing Terraform AWS Provider (Framework-style)...
2026-09-01T20:17:58.515+0700 [INFO]  provider.terraform-provider-aws_v6.62.0_x5: configuring server automatic mTLS: timestamp="2026-09-01T20:17:58.515+0700"
2026-09-01T20:17:58.522+0700 [DEBUG] provider: using plugin: version=5
2026-09-01T20:17:58.522+0700 [DEBUG] provider.terraform-provider-aws_v6.62.0_x5: plugin address: address=/var/folders/dc/71w9ly4s1z5b3mp02_3x4pmm0000gn/T/plugin3958053358 network=unix timestamp="2026-09-01T20:17:58.522+0700"
2026-09-01T20:17:59.661+0700 [DEBUG] provider.stdio: received EOF, stopping recv loop: err="rpc error: code = Unavailable desc = error reading from server: EOF"
2026-09-01T20:17:59.674+0700 [INFO]  provider: plugin process exited: plugin=.terraform/providers/registry.terraform.io/hashicorp/aws/6.62.0/darwin_arm64/terraform-provider-aws_v6.62.0_x5 id=40733
2026-09-01T20:17:59.674+0700 [DEBUG] provider: plugin exited
2026-09-01T20:17:59.674+0700 [DEBUG] created provider logger: level=debug
2026-09-01T20:17:59.674+0700 [INFO]  provider: configuring client automatic mTLS
2026-09-01T20:17:59.677+0700 [DEBUG] provider: starting plugin: path=.terraform/providers/registry.terraform.io/hashicorp/vault/5.11.0/darwin_arm64/terraform-provider-vault_v5.11.0_x5 args=[".terraform/providers/registry.terraform.io/hashicorp/vault/5.11.0/darwin_arm64/terraform-provider-vault_v5.11.0_x5"]
2026-09-01T20:17:59.680+0700 [DEBUG] provider: plugin started: path=.terraform/providers/registry.terraform.io/hashicorp/vault/5.11.0/darwin_arm64/terraform-provider-vault_v5.11.0_x5 pid=40746
2026-09-01T20:17:59.680+0700 [DEBUG] provider: waiting for RPC address: plugin=.terraform/providers/registry.terraform.io/hashicorp/vault/5.11.0/darwin_arm64/terraform-provider-vault_v5.11.0_x5
2026-09-01T20:17:59.713+0700 [INFO]  provider.terraform-provider-vault_v5.11.0_x5: configuring server automatic mTLS: timestamp="2026-09-01T20:17:59.712+0700"
2026-09-01T20:17:59.720+0700 [DEBUG] provider: using plugin: version=5
2026-09-01T20:17:59.720+0700 [DEBUG] provider.terraform-provider-vault_v5.11.0_x5: plugin address: address=/var/folders/dc/71w9ly4s1z5b3mp02_3x4pmm0000gn/T/plugin3201787702 network=unix timestamp="2026-09-01T20:17:59.720+0700"
2026-09-01T20:17:59.752+0700 [DEBUG] provider.stdio: received EOF, stopping recv loop: err="rpc error: code = Unavailable desc = error reading from server: EOF"
2026-09-01T20:17:59.753+0700 [INFO]  provider: plugin process exited: plugin=.terraform/providers/registry.terraform.io/hashicorp/vault/5.11.0/darwin_arm64/terraform-provider-vault_v5.11.0_x5 id=40746
2026-09-01T20:17:59.753+0700 [DEBUG] provider: plugin exited
2026-09-01T20:17:59.753+0700 [DEBUG] Building and walking validate graph
2026-09-01T20:17:59.755+0700 [DEBUG] ProviderTransformer: "data.vault_auth_backends.vault-dev-server1" (*terraform.NodeValidatableResource) needs provider["registry.terraform.io/hashicorp/vault"].vrd1
2026-09-01T20:17:59.755+0700 [DEBUG] ProviderTransformer: "data.vault_auth_backends.vault-dev-server2" (*terraform.NodeValidatableResource) needs provider["registry.terraform.io/hashicorp/vault"].vrd2
2026-09-01T20:17:59.755+0700 [DEBUG] pruning unused provider["registry.terraform.io/hashicorp/aws"]
2026-09-01T20:17:59.755+0700 [DEBUG] pruning unused provider["registry.terraform.io/hashicorp/vault"]
2026-09-01T20:17:59.756+0700 [DEBUG] ReferenceTransformer: "provider[\"registry.terraform.io/hashicorp/vault\"].vrd2" references: [var.vault-token2]
2026-09-01T20:17:59.756+0700 [DEBUG] ReferenceTransformer: "provider[\"registry.terraform.io/hashicorp/vault\"].vrd2" references: var.vault-token2
2026-09-01T20:17:59.756+0700 [DEBUG] ReferenceTransformer: "data.vault_auth_backends.vault-dev-server1" references: []
2026-09-01T20:17:59.756+0700 [DEBUG] ReferenceTransformer: "var.vault-token1" references: []
2026-09-01T20:17:59.756+0700 [DEBUG] ReferenceTransformer: "output.vault_server1_auth_list (expand)" references: [data.vault_auth_backends.vault-dev-server1]
2026-09-01T20:17:59.756+0700 [DEBUG] ReferenceTransformer: "output.vault_server1_auth_list (expand)" references: data.vault_auth_backends.vault-dev-server1
2026-09-01T20:17:59.756+0700 [DEBUG] ReferenceTransformer: "provider[\"registry.terraform.io/hashicorp/vault\"].vrd1" references: [var.vault-token1]
2026-09-01T20:17:59.756+0700 [DEBUG] ReferenceTransformer: "provider[\"registry.terraform.io/hashicorp/vault\"].vrd1" references: var.vault-token1
2026-09-01T20:17:59.756+0700 [DEBUG] ReferenceTransformer: "data.vault_auth_backends.vault-dev-server2" references: []
2026-09-01T20:17:59.756+0700 [DEBUG] ReferenceTransformer: "var.vault-token2" references: []
2026-09-01T20:17:59.756+0700 [DEBUG] ReferenceTransformer: "output.vault_server2_auth_list (expand)" references: [data.vault_auth_backends.vault-dev-server2]
2026-09-01T20:17:59.756+0700 [DEBUG] ReferenceTransformer: "output.vault_server2_auth_list (expand)" references: data.vault_auth_backends.vault-dev-server2
2026-09-01T20:17:59.756+0700 [DEBUG] Starting graph walk: walkValidate
2026-09-01T20:17:59.759+0700 [DEBUG] created provider logger: level=debug
2026-09-01T20:17:59.759+0700 [INFO]  provider: configuring client automatic mTLS
2026-09-01T20:17:59.766+0700 [DEBUG] provider: starting plugin: path=.terraform/providers/registry.terraform.io/hashicorp/vault/5.11.0/darwin_arm64/terraform-provider-vault_v5.11.0_x5 args=[".terraform/providers/registry.terraform.io/hashicorp/vault/5.11.0/darwin_arm64/terraform-provider-vault_v5.11.0_x5"]
2026-09-01T20:17:59.769+0700 [DEBUG] provider: plugin started: path=.terraform/providers/registry.terraform.io/hashicorp/vault/5.11.0/darwin_arm64/terraform-provider-vault_v5.11.0_x5 pid=40747
2026-09-01T20:17:59.769+0700 [DEBUG] provider: waiting for RPC address: plugin=.terraform/providers/registry.terraform.io/hashicorp/vault/5.11.0/darwin_arm64/terraform-provider-vault_v5.11.0_x5
2026-09-01T20:17:59.791+0700 [INFO]  provider.terraform-provider-vault_v5.11.0_x5: configuring server automatic mTLS: timestamp="2026-09-01T20:17:59.790+0700"
2026-09-01T20:17:59.797+0700 [DEBUG] provider: using plugin: version=5
2026-09-01T20:17:59.797+0700 [DEBUG] provider.terraform-provider-vault_v5.11.0_x5: plugin address: address=/var/folders/dc/71w9ly4s1z5b3mp02_3x4pmm0000gn/T/plugin74014192 network=unix timestamp="2026-09-01T20:17:59.797+0700"
2026-09-01T20:17:59.802+0700 [DEBUG] created provider logger: level=debug
2026-09-01T20:17:59.802+0700 [INFO]  provider: configuring client automatic mTLS
2026-09-01T20:17:59.805+0700 [DEBUG] provider: starting plugin: path=.terraform/providers/registry.terraform.io/hashicorp/vault/5.11.0/darwin_arm64/terraform-provider-vault_v5.11.0_x5 args=[".terraform/providers/registry.terraform.io/hashicorp/vault/5.11.0/darwin_arm64/terraform-provider-vault_v5.11.0_x5"]
2026-09-01T20:17:59.807+0700 [DEBUG] provider: plugin started: path=.terraform/providers/registry.terraform.io/hashicorp/vault/5.11.0/darwin_arm64/terraform-provider-vault_v5.11.0_x5 pid=40748
2026-09-01T20:17:59.807+0700 [DEBUG] provider: waiting for RPC address: plugin=.terraform/providers/registry.terraform.io/hashicorp/vault/5.11.0/darwin_arm64/terraform-provider-vault_v5.11.0_x5
2026-09-01T20:17:59.829+0700 [INFO]  provider.terraform-provider-vault_v5.11.0_x5: configuring server automatic mTLS: timestamp="2026-09-01T20:17:59.829+0700"
2026-09-01T20:17:59.835+0700 [DEBUG] provider: using plugin: version=5
2026-09-01T20:17:59.835+0700 [DEBUG] provider.terraform-provider-vault_v5.11.0_x5: plugin address: address=/var/folders/dc/71w9ly4s1z5b3mp02_3x4pmm0000gn/T/plugin3080113850 network=unix timestamp="2026-09-01T20:17:59.835+0700"
2026-09-01T20:17:59.849+0700 [DEBUG] provider.stdio: received EOF, stopping recv loop: err="rpc error: code = Unavailable desc = error reading from server: EOF"
2026-09-01T20:17:59.851+0700 [INFO]  provider: plugin process exited: plugin=.terraform/providers/registry.terraform.io/hashicorp/vault/5.11.0/darwin_arm64/terraform-provider-vault_v5.11.0_x5 id=40747
2026-09-01T20:17:59.851+0700 [DEBUG] provider: plugin exited
2026-09-01T20:17:59.851+0700 [DEBUG] provider.stdio: received EOF, stopping recv loop: err="rpc error: code = Unavailable desc = error reading from server: EOF"
2026-09-01T20:17:59.852+0700 [INFO]  provider: plugin process exited: plugin=.terraform/providers/registry.terraform.io/hashicorp/vault/5.11.0/darwin_arm64/terraform-provider-vault_v5.11.0_x5 id=40748
2026-09-01T20:17:59.852+0700 [DEBUG] provider: plugin exited
2026-09-01T20:17:59.853+0700 [INFO]  backend/local: plan calling Plan
2026-09-01T20:17:59.853+0700 [DEBUG] Building and walking plan graph for NormalMode
2026-09-01T20:17:59.854+0700 [DEBUG] ProviderTransformer: "data.vault_auth_backends.vault-dev-server1 (expand)" (*terraform.nodeExpandPlannableResource) needs provider["registry.terraform.io/hashicorp/vault"].vrd1
2026-09-01T20:17:59.854+0700 [DEBUG] ProviderTransformer: "data.vault_auth_backends.vault-dev-server2 (expand)" (*terraform.nodeExpandPlannableResource) needs provider["registry.terraform.io/hashicorp/vault"].vrd2
2026-09-01T20:17:59.854+0700 [DEBUG] pruning unused provider["registry.terraform.io/hashicorp/vault"]
2026-09-01T20:17:59.854+0700 [DEBUG] pruning unused provider["registry.terraform.io/hashicorp/aws"]
2026-09-01T20:17:59.854+0700 [DEBUG] ReferenceTransformer: "var.vault-token1" references: []
2026-09-01T20:17:59.854+0700 [DEBUG] ReferenceTransformer: "var.vault-token2" references: []
2026-09-01T20:17:59.854+0700 [DEBUG] ReferenceTransformer: "output.vault_server1_auth_list (expand)" references: [data.vault_auth_backends.vault-dev-server1 (expand)]
2026-09-01T20:17:59.854+0700 [DEBUG] ReferenceTransformer: "output.vault_server1_auth_list (expand)" references: data.vault_auth_backends.vault-dev-server1 (expand)
2026-09-01T20:17:59.854+0700 [DEBUG] ReferenceTransformer: "output.vault_server2_auth_list (expand)" references: [data.vault_auth_backends.vault-dev-server2 (expand)]
2026-09-01T20:17:59.854+0700 [DEBUG] ReferenceTransformer: "output.vault_server2_auth_list (expand)" references: data.vault_auth_backends.vault-dev-server2 (expand)
2026-09-01T20:17:59.854+0700 [DEBUG] ReferenceTransformer: "provider[\"registry.terraform.io/hashicorp/vault\"].vrd1" references: [var.vault-token1]
2026-09-01T20:17:59.854+0700 [DEBUG] ReferenceTransformer: "provider[\"registry.terraform.io/hashicorp/vault\"].vrd1" references: var.vault-token1
2026-09-01T20:17:59.854+0700 [DEBUG] ReferenceTransformer: "provider[\"registry.terraform.io/hashicorp/vault\"].vrd2" references: [var.vault-token2]
2026-09-01T20:17:59.854+0700 [DEBUG] ReferenceTransformer: "provider[\"registry.terraform.io/hashicorp/vault\"].vrd2" references: var.vault-token2
2026-09-01T20:17:59.854+0700 [DEBUG] ReferenceTransformer: "data.vault_auth_backends.vault-dev-server1 (expand)" references: []
2026-09-01T20:17:59.854+0700 [DEBUG] ReferenceTransformer: "data.vault_auth_backends.vault-dev-server2 (expand)" references: []
2026-09-01T20:17:59.854+0700 [DEBUG] Starting graph walk: walkPlan
2026-09-01T20:17:59.855+0700 [DEBUG] created provider logger: level=debug
2026-09-01T20:17:59.855+0700 [INFO]  provider: configuring client automatic mTLS
2026-09-01T20:17:59.857+0700 [DEBUG] provider: starting plugin: path=.terraform/providers/registry.terraform.io/hashicorp/vault/5.11.0/darwin_arm64/terraform-provider-vault_v5.11.0_x5 args=[".terraform/providers/registry.terraform.io/hashicorp/vault/5.11.0/darwin_arm64/terraform-provider-vault_v5.11.0_x5"]
2026-09-01T20:17:59.860+0700 [DEBUG] provider: plugin started: path=.terraform/providers/registry.terraform.io/hashicorp/vault/5.11.0/darwin_arm64/terraform-provider-vault_v5.11.0_x5 pid=40749
2026-09-01T20:17:59.860+0700 [DEBUG] provider: waiting for RPC address: plugin=.terraform/providers/registry.terraform.io/hashicorp/vault/5.11.0/darwin_arm64/terraform-provider-vault_v5.11.0_x5
2026-09-01T20:17:59.876+0700 [INFO]  provider.terraform-provider-vault_v5.11.0_x5: configuring server automatic mTLS: timestamp="2026-09-01T20:17:59.876+0700"
2026-09-01T20:17:59.882+0700 [DEBUG] provider: using plugin: version=5
2026-09-01T20:17:59.882+0700 [DEBUG] provider.terraform-provider-vault_v5.11.0_x5: plugin address: address=/var/folders/dc/71w9ly4s1z5b3mp02_3x4pmm0000gn/T/plugin82554211 network=unix timestamp="2026-09-01T20:17:59.882+0700"
2026-09-01T20:17:59.888+0700 [DEBUG] created provider logger: level=debug
2026-09-01T20:17:59.888+0700 [INFO]  provider: configuring client automatic mTLS
2026-09-01T20:17:59.890+0700 [DEBUG] provider: starting plugin: path=.terraform/providers/registry.terraform.io/hashicorp/vault/5.11.0/darwin_arm64/terraform-provider-vault_v5.11.0_x5 args=[".terraform/providers/registry.terraform.io/hashicorp/vault/5.11.0/darwin_arm64/terraform-provider-vault_v5.11.0_x5"]
2026-09-01T20:17:59.896+0700 [DEBUG] provider: plugin started: path=.terraform/providers/registry.terraform.io/hashicorp/vault/5.11.0/darwin_arm64/terraform-provider-vault_v5.11.0_x5 pid=40750
2026-09-01T20:17:59.897+0700 [DEBUG] provider: waiting for RPC address: plugin=.terraform/providers/registry.terraform.io/hashicorp/vault/5.11.0/darwin_arm64/terraform-provider-vault_v5.11.0_x5
2026-09-01T20:17:59.917+0700 [INFO]  provider.terraform-provider-vault_v5.11.0_x5: configuring server automatic mTLS: timestamp="2026-09-01T20:17:59.916+0700"
2026-09-01T20:17:59.923+0700 [DEBUG] provider: using plugin: version=5
2026-09-01T20:17:59.923+0700 [DEBUG] provider.terraform-provider-vault_v5.11.0_x5: plugin address: address=/var/folders/dc/71w9ly4s1z5b3mp02_3x4pmm0000gn/T/plugin1004127281 network=unix timestamp="2026-09-01T20:17:59.923+0700"
2026-09-01T20:17:59.930+0700 [DEBUG] No policy client configured, skipping policy evaluation for provider["registry.terraform.io/hashicorp/vault"].vrd1
2026-09-01T20:17:59.931+0700 [DEBUG] Resource instance state not found for node "data.vault_auth_backends.vault-dev-server1", instance data.vault_auth_backends.vault-dev-server1
2026-09-01T20:17:59.933+0700 [DEBUG] No policy client configured, skipping policy evaluation for provider["registry.terraform.io/hashicorp/vault"].vrd2
2026-09-01T20:17:59.933+0700 [DEBUG] Resource instance state not found for node "data.vault_auth_backends.vault-dev-server2", instance data.vault_auth_backends.vault-dev-server2
2026-09-01T20:17:59.935+0700 [DEBUG] provider.terraform-provider-vault_v5.11.0_x5: [DEBUG] [b90b3e60-ec5a-45a4-8a98-7880bb123fc1] Vault API Request Details:
2026-09-01T20:17:59.935+0700 [DEBUG] provider.terraform-provider-vault_v5.11.0_x5: ---[ REQUEST ]---------------------------------------
2026-09-01T20:17:59.935+0700 [DEBUG] provider.terraform-provider-vault_v5.11.0_x5: GET /v1/auth/token/lookup-self HTTP/1.1
2026-09-01T20:17:59.935+0700 [DEBUG] provider.terraform-provider-vault_v5.11.0_x5: Host: 127.0.0.1:8200
2026-09-01T20:17:59.935+0700 [DEBUG] provider.terraform-provider-vault_v5.11.0_x5: User-Agent: Go-http-client/1.1
2026-09-01T20:17:59.935+0700 [DEBUG] provider.terraform-provider-vault_v5.11.0_x5: X-Vault-Request: true
2026-09-01T20:17:59.935+0700 [DEBUG] provider.terraform-provider-vault_v5.11.0_x5: X-Vault-Token: hmac-sha256:95cb05d4fcd7ac3f54d8e966e95b553b50f229583d7331cac2688e15de57cb0f
2026-09-01T20:17:59.935+0700 [DEBUG] provider.terraform-provider-vault_v5.11.0_x5: Accept-Encoding: gzip
2026-09-01T20:17:59.935+0700 [DEBUG] provider.terraform-provider-vault_v5.11.0_x5
2026-09-01T20:17:59.935+0700 [DEBUG] provider.terraform-provider-vault_v5.11.0_x5
2026-09-01T20:17:59.935+0700 [DEBUG] provider.terraform-provider-vault_v5.11.0_x5: -----------------------------------------------------
2026-09-01T20:17:59.935+0700 [DEBUG] provider.terraform-provider-vault_v5.11.0_x5: [DEBUG] [5e968c24-d357-48ce-bce6-dcd9c5066cd9] Vault API Request Details:
2026-09-01T20:17:59.935+0700 [DEBUG] provider.terraform-provider-vault_v5.11.0_x5: ---[ REQUEST ]---------------------------------------
2026-09-01T20:17:59.935+0700 [DEBUG] provider.terraform-provider-vault_v5.11.0_x5: GET /v1/auth/token/lookup-self HTTP/1.1
2026-09-01T20:17:59.935+0700 [DEBUG] provider.terraform-provider-vault_v5.11.0_x5: Host: 0.0.0.0:8202
2026-09-01T20:17:59.935+0700 [DEBUG] provider.terraform-provider-vault_v5.11.0_x5: User-Agent: Go-http-client/1.1
2026-09-01T20:17:59.935+0700 [DEBUG] provider.terraform-provider-vault_v5.11.0_x5: X-Vault-Request: true
2026-09-01T20:17:59.935+0700 [DEBUG] provider.terraform-provider-vault_v5.11.0_x5: X-Vault-Token: hmac-sha256:3c2e787480131a5fbfe5ac2fecf7497931683f71c0d4c33952819231ab081ca3
2026-09-01T20:17:59.935+0700 [DEBUG] provider.terraform-provider-vault_v5.11.0_x5: Accept-Encoding: gzip
2026-09-01T20:17:59.935+0700 [DEBUG] provider.terraform-provider-vault_v5.11.0_x5
2026-09-01T20:17:59.935+0700 [DEBUG] provider.terraform-provider-vault_v5.11.0_x5
2026-09-01T20:17:59.935+0700 [DEBUG] provider.terraform-provider-vault_v5.11.0_x5: -----------------------------------------------------
2026-09-01T20:17:59.976+0700 [DEBUG] provider.terraform-provider-vault_v5.11.0_x5: [DEBUG] [b90b3e60-ec5a-45a4-8a98-7880bb123fc1] Vault API Response Details:
2026-09-01T20:17:59.976+0700 [DEBUG] provider.terraform-provider-vault_v5.11.0_x5: ---[ RESPONSE ]--------------------------------------
2026-09-01T20:17:59.976+0700 [DEBUG] provider.terraform-provider-vault_v5.11.0_x5: HTTP/1.1 200 OK
2026-09-01T20:17:59.976+0700 [DEBUG] provider.terraform-provider-vault_v5.11.0_x5: Content-Length: 484
2026-09-01T20:17:59.976+0700 [DEBUG] provider.terraform-provider-vault_v5.11.0_x5: Cache-Control: no-store
2026-09-01T20:17:59.976+0700 [DEBUG] provider.terraform-provider-vault_v5.11.0_x5: Content-Type: application/json
2026-09-01T20:17:59.976+0700 [DEBUG] provider.terraform-provider-vault_v5.11.0_x5: Date: Tue, 01 Sep 2026 13:17:59 GMT
2026-09-01T20:17:59.976+0700 [DEBUG] provider.terraform-provider-vault_v5.11.0_x5: Strict-Transport-Security: max-age=31536000; includeSubDomains
2026-09-01T20:17:59.976+0700 [DEBUG] provider.terraform-provider-vault_v5.11.0_x5
2026-09-01T20:17:59.976+0700 [DEBUG] provider.terraform-provider-vault_v5.11.0_x5
2026-09-01T20:17:59.976+0700 [DEBUG] provider.terraform-provider-vault_v5.11.0_x5: -----------------------------------------------------
2026-09-01T20:17:59.976+0700 [DEBUG] provider.terraform-provider-vault_v5.11.0_x5: [DEBUG] [5e968c24-d357-48ce-bce6-dcd9c5066cd9] Vault API Response Details:
2026-09-01T20:17:59.976+0700 [DEBUG] provider.terraform-provider-vault_v5.11.0_x5: ---[ RESPONSE ]--------------------------------------
2026-09-01T20:17:59.976+0700 [DEBUG] provider.terraform-provider-vault_v5.11.0_x5: HTTP/1.1 200 OK
2026-09-01T20:17:59.976+0700 [DEBUG] provider.terraform-provider-vault_v5.11.0_x5: Content-Length: 484
2026-09-01T20:17:59.976+0700 [DEBUG] provider.terraform-provider-vault_v5.11.0_x5: Cache-Control: no-store
2026-09-01T20:17:59.976+0700 [DEBUG] provider.terraform-provider-vault_v5.11.0_x5: Content-Type: application/json
2026-09-01T20:17:59.976+0700 [DEBUG] provider.terraform-provider-vault_v5.11.0_x5: Date: Tue, 01 Sep 2026 13:17:59 GMT
2026-09-01T20:17:59.976+0700 [DEBUG] provider.terraform-provider-vault_v5.11.0_x5: Strict-Transport-Security: max-age=31536000; includeSubDomains
2026-09-01T20:17:59.976+0700 [DEBUG] provider.terraform-provider-vault_v5.11.0_x5
2026-09-01T20:17:59.976+0700 [DEBUG] provider.terraform-provider-vault_v5.11.0_x5
2026-09-01T20:17:59.976+0700 [DEBUG] provider.terraform-provider-vault_v5.11.0_x5: -----------------------------------------------------
2026-09-01T20:17:59.977+0700 [DEBUG] provider.terraform-provider-vault_v5.11.0_x5: [DEBUG] [af6076b9-11f1-4919-89e5-72fd2607df45] Vault API Request Details:
2026-09-01T20:17:59.977+0700 [DEBUG] provider.terraform-provider-vault_v5.11.0_x5: ---[ REQUEST ]---------------------------------------
2026-09-01T20:17:59.977+0700 [DEBUG] provider.terraform-provider-vault_v5.11.0_x5: POST /v1/auth/token/create HTTP/1.1
2026-09-01T20:17:59.977+0700 [DEBUG] provider.terraform-provider-vault_v5.11.0_x5: Host: 127.0.0.1:8200
2026-09-01T20:17:59.977+0700 [DEBUG] provider.terraform-provider-vault_v5.11.0_x5: User-Agent: Go-http-client/1.1
2026-09-01T20:17:59.977+0700 [DEBUG] provider.terraform-provider-vault_v5.11.0_x5: Content-Length: 128
2026-09-01T20:17:59.977+0700 [DEBUG] provider.terraform-provider-vault_v5.11.0_x5: X-Vault-Request: true
2026-09-01T20:17:59.977+0700 [DEBUG] provider.terraform-provider-vault_v5.11.0_x5: X-Vault-Token: hmac-sha256:0346fef252765becf6dc0c6e871f8cb5f97b5aed8cbbe5a845f82b5db2b161fe
2026-09-01T20:17:59.977+0700 [DEBUG] provider.terraform-provider-vault_v5.11.0_x5: Accept-Encoding: gzip
2026-09-01T20:17:59.977+0700 [DEBUG] provider.terraform-provider-vault_v5.11.0_x5
2026-09-01T20:17:59.977+0700 [DEBUG] provider.terraform-provider-vault_v5.11.0_x5
2026-09-01T20:17:59.977+0700 [DEBUG] provider.terraform-provider-vault_v5.11.0_x5: -----------------------------------------------------
2026-09-01T20:17:59.977+0700 [DEBUG] provider.terraform-provider-vault_v5.11.0_x5: [DEBUG] [856cbb2f-5b4a-4582-9c22-95c7cf7ea332] Vault API Request Details:
2026-09-01T20:17:59.977+0700 [DEBUG] provider.terraform-provider-vault_v5.11.0_x5: ---[ REQUEST ]---------------------------------------
2026-09-01T20:17:59.977+0700 [DEBUG] provider.terraform-provider-vault_v5.11.0_x5: POST /v1/auth/token/create HTTP/1.1
2026-09-01T20:17:59.977+0700 [DEBUG] provider.terraform-provider-vault_v5.11.0_x5: Host: 0.0.0.0:8202
2026-09-01T20:17:59.977+0700 [DEBUG] provider.terraform-provider-vault_v5.11.0_x5: User-Agent: Go-http-client/1.1
2026-09-01T20:17:59.977+0700 [DEBUG] provider.terraform-provider-vault_v5.11.0_x5: Content-Length: 128
2026-09-01T20:17:59.977+0700 [DEBUG] provider.terraform-provider-vault_v5.11.0_x5: X-Vault-Request: true
2026-09-01T20:17:59.977+0700 [DEBUG] provider.terraform-provider-vault_v5.11.0_x5: X-Vault-Token: hmac-sha256:b7d3bb79504b32db794d6763a0ed4084886be03514ec49d02742644e565883b0
2026-09-01T20:17:59.977+0700 [DEBUG] provider.terraform-provider-vault_v5.11.0_x5: Accept-Encoding: gzip
2026-09-01T20:17:59.977+0700 [DEBUG] provider.terraform-provider-vault_v5.11.0_x5
2026-09-01T20:17:59.977+0700 [DEBUG] provider.terraform-provider-vault_v5.11.0_x5
2026-09-01T20:17:59.977+0700 [DEBUG] provider.terraform-provider-vault_v5.11.0_x5: -----------------------------------------------------
2026-09-01T20:17:59.982+0700 [DEBUG] provider.terraform-provider-vault_v5.11.0_x5: [DEBUG] [856cbb2f-5b4a-4582-9c22-95c7cf7ea332] Vault API Response Details:
2026-09-01T20:17:59.982+0700 [DEBUG] provider.terraform-provider-vault_v5.11.0_x5: ---[ RESPONSE ]--------------------------------------
2026-09-01T20:17:59.982+0700 [DEBUG] provider.terraform-provider-vault_v5.11.0_x5: HTTP/1.1 200 OK
2026-09-01T20:17:59.982+0700 [DEBUG] provider.terraform-provider-vault_v5.11.0_x5: Content-Length: 455
2026-09-01T20:17:59.982+0700 [DEBUG] provider.terraform-provider-vault_v5.11.0_x5: Cache-Control: no-store
2026-09-01T20:17:59.982+0700 [DEBUG] provider.terraform-provider-vault_v5.11.0_x5: Content-Type: application/json
2026-09-01T20:17:59.982+0700 [DEBUG] provider.terraform-provider-vault_v5.11.0_x5: Date: Tue, 01 Sep 2026 13:17:59 GMT
2026-09-01T20:17:59.982+0700 [DEBUG] provider.terraform-provider-vault_v5.11.0_x5: Strict-Transport-Security: max-age=31536000; includeSubDomains
2026-09-01T20:17:59.982+0700 [DEBUG] provider.terraform-provider-vault_v5.11.0_x5
2026-09-01T20:17:59.982+0700 [DEBUG] provider.terraform-provider-vault_v5.11.0_x5
2026-09-01T20:17:59.982+0700 [DEBUG] provider.terraform-provider-vault_v5.11.0_x5: -----------------------------------------------------
2026-09-01T20:17:59.982+0700 [INFO]  provider.terraform-provider-vault_v5.11.0_x5: [INFO] Using Vault token with the following policies: root
2026-09-01T20:17:59.982+0700 [DEBUG] provider.terraform-provider-vault_v5.11.0_x5: [DEBUG] [af6076b9-11f1-4919-89e5-72fd2607df45] Vault API Response Details:
2026-09-01T20:17:59.982+0700 [DEBUG] provider.terraform-provider-vault_v5.11.0_x5: ---[ RESPONSE ]--------------------------------------
2026-09-01T20:17:59.982+0700 [DEBUG] provider.terraform-provider-vault_v5.11.0_x5: HTTP/1.1 200 OK
2026-09-01T20:17:59.982+0700 [DEBUG] provider.terraform-provider-vault_v5.11.0_x5: Content-Length: 455
2026-09-01T20:17:59.982+0700 [DEBUG] provider.terraform-provider-vault_v5.11.0_x5: Cache-Control: no-store
2026-09-01T20:17:59.982+0700 [DEBUG] provider.terraform-provider-vault_v5.11.0_x5: Content-Type: application/json
2026-09-01T20:17:59.982+0700 [DEBUG] provider.terraform-provider-vault_v5.11.0_x5: Date: Tue, 01 Sep 2026 13:17:59 GMT
2026-09-01T20:17:59.982+0700 [DEBUG] provider.terraform-provider-vault_v5.11.0_x5: Strict-Transport-Security: max-age=31536000; includeSubDomains
2026-09-01T20:17:59.982+0700 [DEBUG] provider.terraform-provider-vault_v5.11.0_x5
2026-09-01T20:17:59.982+0700 [DEBUG] provider.terraform-provider-vault_v5.11.0_x5
2026-09-01T20:17:59.982+0700 [DEBUG] provider.terraform-provider-vault_v5.11.0_x5: -----------------------------------------------------
2026-09-01T20:17:59.982+0700 [INFO]  provider.terraform-provider-vault_v5.11.0_x5: [INFO] Using Vault token with the following policies: root
2026-09-01T20:17:59.982+0700 [DEBUG] provider.terraform-provider-vault_v5.11.0_x5: [DEBUG] [11e23ebc-17b8-46ea-a895-ae616312cf5d] Vault API Request Details:
2026-09-01T20:17:59.982+0700 [DEBUG] provider.terraform-provider-vault_v5.11.0_x5: ---[ REQUEST ]---------------------------------------
2026-09-01T20:17:59.982+0700 [DEBUG] provider.terraform-provider-vault_v5.11.0_x5: GET /v1/sys/auth HTTP/1.1
2026-09-01T20:17:59.982+0700 [DEBUG] provider.terraform-provider-vault_v5.11.0_x5: Host: 127.0.0.1:8200
2026-09-01T20:17:59.982+0700 [DEBUG] provider.terraform-provider-vault_v5.11.0_x5: User-Agent: Go-http-client/1.1
2026-09-01T20:17:59.982+0700 [DEBUG] provider.terraform-provider-vault_v5.11.0_x5: X-Vault-Request: true
2026-09-01T20:17:59.982+0700 [DEBUG] provider.terraform-provider-vault_v5.11.0_x5: X-Vault-Token: hmac-sha256:20429eef0f252bfee55189e6b1a5e6a4be72a32fe6281abd5fb039eca3c156db
2026-09-01T20:17:59.982+0700 [DEBUG] provider.terraform-provider-vault_v5.11.0_x5: Accept-Encoding: gzip
2026-09-01T20:17:59.982+0700 [DEBUG] provider.terraform-provider-vault_v5.11.0_x5
2026-09-01T20:17:59.982+0700 [DEBUG] provider.terraform-provider-vault_v5.11.0_x5
2026-09-01T20:17:59.982+0700 [DEBUG] provider.terraform-provider-vault_v5.11.0_x5: -----------------------------------------------------
2026-09-01T20:17:59.982+0700 [DEBUG] provider.terraform-provider-vault_v5.11.0_x5: [DEBUG] [a213aa26-f627-4848-9fb3-2828da3d38fc] Vault API Request Details:
2026-09-01T20:17:59.982+0700 [DEBUG] provider.terraform-provider-vault_v5.11.0_x5: ---[ REQUEST ]---------------------------------------
2026-09-01T20:17:59.982+0700 [DEBUG] provider.terraform-provider-vault_v5.11.0_x5: GET /v1/sys/auth HTTP/1.1
2026-09-01T20:17:59.982+0700 [DEBUG] provider.terraform-provider-vault_v5.11.0_x5: Host: 0.0.0.0:8202
2026-09-01T20:17:59.982+0700 [DEBUG] provider.terraform-provider-vault_v5.11.0_x5: User-Agent: Go-http-client/1.1
2026-09-01T20:17:59.982+0700 [DEBUG] provider.terraform-provider-vault_v5.11.0_x5: X-Vault-Request: true
2026-09-01T20:17:59.982+0700 [DEBUG] provider.terraform-provider-vault_v5.11.0_x5: X-Vault-Token: hmac-sha256:3051a6ca085ec1b7257e1da49e5c83f87edbfb477449b2ff45f8ebe7884be500
2026-09-01T20:17:59.982+0700 [DEBUG] provider.terraform-provider-vault_v5.11.0_x5: Accept-Encoding: gzip
2026-09-01T20:17:59.982+0700 [DEBUG] provider.terraform-provider-vault_v5.11.0_x5
2026-09-01T20:17:59.982+0700 [DEBUG] provider.terraform-provider-vault_v5.11.0_x5
2026-09-01T20:17:59.982+0700 [DEBUG] provider.terraform-provider-vault_v5.11.0_x5: -----------------------------------------------------
2026-09-01T20:17:59.984+0700 [DEBUG] provider.terraform-provider-vault_v5.11.0_x5: [DEBUG] [11e23ebc-17b8-46ea-a895-ae616312cf5d] Vault API Response Details:
2026-09-01T20:17:59.985+0700 [DEBUG] provider.terraform-provider-vault_v5.11.0_x5: ---[ RESPONSE ]--------------------------------------
2026-09-01T20:17:59.985+0700 [DEBUG] provider.terraform-provider-vault_v5.11.0_x5: HTTP/1.1 200 OK
2026-09-01T20:17:59.985+0700 [DEBUG] provider.terraform-provider-vault_v5.11.0_x5: Content-Length: 1015
2026-09-01T20:17:59.985+0700 [DEBUG] provider.terraform-provider-vault_v5.11.0_x5: Cache-Control: no-store
2026-09-01T20:17:59.985+0700 [DEBUG] provider.terraform-provider-vault_v5.11.0_x5: Content-Type: application/json
2026-09-01T20:17:59.985+0700 [DEBUG] provider.terraform-provider-vault_v5.11.0_x5: Date: Tue, 01 Sep 2026 13:17:59 GMT
2026-09-01T20:17:59.985+0700 [DEBUG] provider.terraform-provider-vault_v5.11.0_x5: Strict-Transport-Security: max-age=31536000; includeSubDomains
2026-09-01T20:17:59.985+0700 [DEBUG] provider.terraform-provider-vault_v5.11.0_x5
2026-09-01T20:17:59.985+0700 [DEBUG] provider.terraform-provider-vault_v5.11.0_x5
2026-09-01T20:17:59.985+0700 [DEBUG] provider.terraform-provider-vault_v5.11.0_x5: -----------------------------------------------------
2026-09-01T20:17:59.985+0700 [DEBUG] provider.terraform-provider-vault_v5.11.0_x5: [DEBUG] [a213aa26-f627-4848-9fb3-2828da3d38fc] Vault API Response Details:
2026-09-01T20:17:59.985+0700 [DEBUG] provider.terraform-provider-vault_v5.11.0_x5: ---[ RESPONSE ]--------------------------------------
2026-09-01T20:17:59.985+0700 [DEBUG] provider.terraform-provider-vault_v5.11.0_x5: HTTP/1.1 200 OK
2026-09-01T20:17:59.985+0700 [DEBUG] provider.terraform-provider-vault_v5.11.0_x5: Content-Length: 1015
2026-09-01T20:17:59.985+0700 [DEBUG] provider.terraform-provider-vault_v5.11.0_x5: Cache-Control: no-store
2026-09-01T20:17:59.985+0700 [DEBUG] provider.terraform-provider-vault_v5.11.0_x5: Content-Type: application/json
2026-09-01T20:17:59.985+0700 [DEBUG] provider.terraform-provider-vault_v5.11.0_x5: Date: Tue, 01 Sep 2026 13:17:59 GMT
2026-09-01T20:17:59.985+0700 [DEBUG] provider.terraform-provider-vault_v5.11.0_x5: Strict-Transport-Security: max-age=31536000; includeSubDomains
2026-09-01T20:17:59.985+0700 [DEBUG] provider.terraform-provider-vault_v5.11.0_x5
2026-09-01T20:17:59.985+0700 [DEBUG] provider.terraform-provider-vault_v5.11.0_x5
2026-09-01T20:17:59.985+0700 [DEBUG] provider.terraform-provider-vault_v5.11.0_x5: -----------------------------------------------------
2026-09-01T20:17:59.986+0700 [DEBUG] provider.stdio: received EOF, stopping recv loop: err="rpc error: code = Unavailable desc = error reading from server: EOF"
2026-09-01T20:17:59.987+0700 [INFO]  provider: plugin process exited: plugin=.terraform/providers/registry.terraform.io/hashicorp/vault/5.11.0/darwin_arm64/terraform-provider-vault_v5.11.0_x5 id=40749
2026-09-01T20:17:59.987+0700 [DEBUG] provider: plugin exited
2026-09-01T20:17:59.988+0700 [DEBUG] provider.stdio: received EOF, stopping recv loop: err="rpc error: code = Unavailable desc = error reading from server: EOF"
2026-09-01T20:17:59.989+0700 [INFO]  provider: plugin process exited: plugin=.terraform/providers/registry.terraform.io/hashicorp/vault/5.11.0/darwin_arm64/terraform-provider-vault_v5.11.0_x5 id=40750
2026-09-01T20:17:59.989+0700 [DEBUG] provider: plugin exited
2026-09-01T20:17:59.989+0700 [DEBUG] building apply graph to check for errors
2026-09-01T20:17:59.989+0700 [DEBUG] ProviderTransformer: "data.vault_auth_backends.vault-dev-server2 (expand)" (*terraform.nodeExpandApplyableResource) needs provider["registry.terraform.io/hashicorp/vault"].vrd2
2026-09-01T20:17:59.989+0700 [DEBUG] ProviderTransformer: "data.vault_auth_backends.vault-dev-server1 (expand)" (*terraform.nodeExpandApplyableResource) needs provider["registry.terraform.io/hashicorp/vault"].vrd1
2026-09-01T20:17:59.989+0700 [DEBUG] pruning unused provider["registry.terraform.io/hashicorp/aws"]
2026-09-01T20:17:59.989+0700 [DEBUG] pruning unused provider["registry.terraform.io/hashicorp/vault"]
2026-09-01T20:17:59.989+0700 [DEBUG] ReferenceTransformer: "data.vault_auth_backends.vault-dev-server1 (expand)" references: []
2026-09-01T20:17:59.989+0700 [DEBUG] ReferenceTransformer: "data.vault_auth_backends.vault-dev-server2 (expand)" references: []
2026-09-01T20:17:59.989+0700 [DEBUG] ReferenceTransformer: "var.vault-token1" references: []
2026-09-01T20:17:59.989+0700 [DEBUG] ReferenceTransformer: "var.vault-token2" references: []
2026-09-01T20:17:59.989+0700 [DEBUG] ReferenceTransformer: "output.vault_server1_auth_list (expand)" references: [data.vault_auth_backends.vault-dev-server1 (expand)]
2026-09-01T20:17:59.989+0700 [DEBUG] ReferenceTransformer: "output.vault_server1_auth_list (expand)" references: data.vault_auth_backends.vault-dev-server1 (expand)
2026-09-01T20:17:59.989+0700 [DEBUG] ReferenceTransformer: "output.vault_server2_auth_list (expand)" references: [data.vault_auth_backends.vault-dev-server2 (expand)]
2026-09-01T20:17:59.989+0700 [DEBUG] ReferenceTransformer: "output.vault_server2_auth_list (expand)" references: data.vault_auth_backends.vault-dev-server2 (expand)
2026-09-01T20:17:59.989+0700 [DEBUG] ReferenceTransformer: "provider[\"registry.terraform.io/hashicorp/vault\"].vrd1" references: [var.vault-token1]
2026-09-01T20:17:59.989+0700 [DEBUG] ReferenceTransformer: "provider[\"registry.terraform.io/hashicorp/vault\"].vrd1" references: var.vault-token1
2026-09-01T20:17:59.989+0700 [DEBUG] ReferenceTransformer: "provider[\"registry.terraform.io/hashicorp/vault\"].vrd2" references: [var.vault-token2]
2026-09-01T20:17:59.989+0700 [DEBUG] ReferenceTransformer: "provider[\"registry.terraform.io/hashicorp/vault\"].vrd2" references: var.vault-token2
2026-09-01T20:17:59.989+0700 [INFO]  backend/local: plan operation completed
2026-09-01T20:18:05.765+0700 [INFO]  Terraform version: 1.16.0
2026-09-01T20:18:05.765+0700 [DEBUG] using github.com/hashicorp/go-tfe v1.108.0
2026-09-01T20:18:05.765+0700 [DEBUG] using github.com/hashicorp/hcl/v2 v2.24.0
2026-09-01T20:18:05.765+0700 [DEBUG] using github.com/hashicorp/terraform-svchost v0.2.1
2026-09-01T20:18:05.765+0700 [DEBUG] using github.com/zclconf/go-cty v1.18.1
2026-09-01T20:18:05.765+0700 [INFO]  Go runtime version: go1.26.4
2026-09-01T20:18:05.765+0700 [INFO]  CLI args: []string{"terraform", "fmt"}
2026-09-01T20:18:05.765+0700 [DEBUG] Attempting to open CLI config file: /Users/thettun/.terraformrc
2026-09-01T20:18:05.765+0700 [DEBUG] File doesn't exist, but doesn't need to. Ignoring.
2026-09-01T20:18:05.765+0700 [DEBUG] ignoring non-existing provider search directory terraform.d/plugins
2026-09-01T20:18:05.765+0700 [DEBUG] ignoring non-existing provider search directory /Users/thettun/.terraform.d/plugins
2026-09-01T20:18:05.765+0700 [DEBUG] ignoring non-existing provider search directory /Users/thettun/Library/Application Support/io.terraform/plugins
2026-09-01T20:18:05.765+0700 [DEBUG] ignoring non-existing provider search directory /Library/Application Support/io.terraform/plugins
2026-09-01T20:18:05.766+0700 [INFO]  CLI command args: []string{"fmt"}
2026-09-01T20:18:12.596+0700 [INFO]  Terraform version: 1.16.0
2026-09-01T20:18:12.596+0700 [DEBUG] using github.com/hashicorp/go-tfe v1.108.0
2026-09-01T20:18:12.596+0700 [DEBUG] using github.com/hashicorp/hcl/v2 v2.24.0
2026-09-01T20:18:12.596+0700 [DEBUG] using github.com/hashicorp/terraform-svchost v0.2.1
2026-09-01T20:18:12.596+0700 [DEBUG] using github.com/zclconf/go-cty v1.18.1
2026-09-01T20:18:12.596+0700 [INFO]  Go runtime version: go1.26.4
2026-09-01T20:18:12.596+0700 [INFO]  CLI args: []string{"terraform", "validate"}
2026-09-01T20:18:12.596+0700 [DEBUG] Attempting to open CLI config file: /Users/thettun/.terraformrc
2026-09-01T20:18:12.596+0700 [DEBUG] File doesn't exist, but doesn't need to. Ignoring.
2026-09-01T20:18:12.596+0700 [DEBUG] ignoring non-existing provider search directory terraform.d/plugins
2026-09-01T20:18:12.596+0700 [DEBUG] ignoring non-existing provider search directory /Users/thettun/.terraform.d/plugins
2026-09-01T20:18:12.596+0700 [DEBUG] ignoring non-existing provider search directory /Users/thettun/Library/Application Support/io.terraform/plugins
2026-09-01T20:18:12.596+0700 [DEBUG] ignoring non-existing provider search directory /Library/Application Support/io.terraform/plugins
2026-09-01T20:18:12.596+0700 [INFO]  CLI command args: []string{"validate"}
2026-09-01T20:18:12.600+0700 [DEBUG] ReferenceTransformer: "var.vault-token2" references: []
2026-09-01T20:18:12.600+0700 [DEBUG] ReferenceTransformer: "var.vault-token1" references: []
2026-09-01T20:18:12.600+0700 [DEBUG] Starting graph walk: walkInit
2026-09-01T20:18:13.099+0700 [DEBUG] checking for provisioner in "."
2026-09-01T20:18:13.101+0700 [DEBUG] checking for provisioner in "/opt/homebrew/bin"
2026-09-01T20:18:13.103+0700 [DEBUG] created provider logger: level=debug
2026-09-01T20:18:13.103+0700 [INFO]  provider: configuring client automatic mTLS
2026-09-01T20:18:13.112+0700 [DEBUG] provider: starting plugin: path=.terraform/providers/registry.terraform.io/hashicorp/aws/6.62.0/darwin_arm64/terraform-provider-aws_v6.62.0_x5 args=[".terraform/providers/registry.terraform.io/hashicorp/aws/6.62.0/darwin_arm64/terraform-provider-aws_v6.62.0_x5"]
2026-09-01T20:18:13.122+0700 [DEBUG] provider: plugin started: path=.terraform/providers/registry.terraform.io/hashicorp/aws/6.62.0/darwin_arm64/terraform-provider-aws_v6.62.0_x5 pid=41069
2026-09-01T20:18:13.123+0700 [DEBUG] provider: waiting for RPC address: plugin=.terraform/providers/registry.terraform.io/hashicorp/aws/6.62.0/darwin_arm64/terraform-provider-aws_v6.62.0_x5
2026-09-01T20:18:13.274+0700 [DEBUG] provider.terraform-provider-aws_v6.62.0_x5: Starting github.com/hashicorp/terraform-provider-aws@6.62.0 (go1.26.6)...
2026-09-01T20:18:13.274+0700 [DEBUG] provider.terraform-provider-aws_v6.62.0_x5: Creating Terraform AWS Provider (SDKv2-style)...
2026-09-01T20:18:13.274+0700 [DEBUG] provider.terraform-provider-aws_v6.62.0_x5: Initializing Terraform AWS Provider (SDKv2-style)...
2026-09-01T20:18:13.297+0700 [DEBUG] provider.terraform-provider-aws_v6.62.0_x5: Creating Terraform AWS Provider (Framework-style)...
2026-09-01T20:18:13.297+0700 [DEBUG] provider.terraform-provider-aws_v6.62.0_x5: Initializing Terraform AWS Provider (Framework-style)...
2026-09-01T20:18:13.299+0700 [INFO]  provider.terraform-provider-aws_v6.62.0_x5: configuring server automatic mTLS: timestamp="2026-09-01T20:18:13.299+0700"
2026-09-01T20:18:13.305+0700 [DEBUG] provider: using plugin: version=5
2026-09-01T20:18:13.305+0700 [DEBUG] provider.terraform-provider-aws_v6.62.0_x5: plugin address: address=/var/folders/dc/71w9ly4s1z5b3mp02_3x4pmm0000gn/T/plugin817599302 network=unix timestamp="2026-09-01T20:18:13.305+0700"
2026-09-01T20:18:14.310+0700 [DEBUG] provider.stdio: received EOF, stopping recv loop: err="rpc error: code = Unavailable desc = error reading from server: EOF"
2026-09-01T20:18:14.322+0700 [INFO]  provider: plugin process exited: plugin=.terraform/providers/registry.terraform.io/hashicorp/aws/6.62.0/darwin_arm64/terraform-provider-aws_v6.62.0_x5 id=41069
2026-09-01T20:18:14.322+0700 [DEBUG] provider: plugin exited
2026-09-01T20:18:14.322+0700 [DEBUG] created provider logger: level=debug
2026-09-01T20:18:14.322+0700 [INFO]  provider: configuring client automatic mTLS
2026-09-01T20:18:14.324+0700 [DEBUG] provider: starting plugin: path=.terraform/providers/registry.terraform.io/hashicorp/vault/5.11.0/darwin_arm64/terraform-provider-vault_v5.11.0_x5 args=[".terraform/providers/registry.terraform.io/hashicorp/vault/5.11.0/darwin_arm64/terraform-provider-vault_v5.11.0_x5"]
2026-09-01T20:18:14.328+0700 [DEBUG] provider: plugin started: path=.terraform/providers/registry.terraform.io/hashicorp/vault/5.11.0/darwin_arm64/terraform-provider-vault_v5.11.0_x5 pid=41073
2026-09-01T20:18:14.328+0700 [DEBUG] provider: waiting for RPC address: plugin=.terraform/providers/registry.terraform.io/hashicorp/vault/5.11.0/darwin_arm64/terraform-provider-vault_v5.11.0_x5
2026-09-01T20:18:14.365+0700 [INFO]  provider.terraform-provider-vault_v5.11.0_x5: configuring server automatic mTLS: timestamp="2026-09-01T20:18:14.364+0700"
2026-09-01T20:18:14.371+0700 [DEBUG] provider.terraform-provider-vault_v5.11.0_x5: plugin address: network=unix address=/var/folders/dc/71w9ly4s1z5b3mp02_3x4pmm0000gn/T/plugin3694275285 timestamp="2026-09-01T20:18:14.371+0700"
2026-09-01T20:18:14.371+0700 [DEBUG] provider: using plugin: version=5
2026-09-01T20:18:14.403+0700 [DEBUG] provider.stdio: received EOF, stopping recv loop: err="rpc error: code = Unavailable desc = error reading from server: EOF"
2026-09-01T20:18:14.404+0700 [INFO]  provider: plugin process exited: plugin=.terraform/providers/registry.terraform.io/hashicorp/vault/5.11.0/darwin_arm64/terraform-provider-vault_v5.11.0_x5 id=41073
2026-09-01T20:18:14.404+0700 [DEBUG] provider: plugin exited
2026-09-01T20:18:14.404+0700 [DEBUG] Building and walking validate graph
2026-09-01T20:18:14.407+0700 [DEBUG] ProviderTransformer: "data.vault_auth_backends.vault-dev-server2" (*terraform.NodeValidatableResource) needs provider["registry.terraform.io/hashicorp/vault"].vrd2
2026-09-01T20:18:14.407+0700 [DEBUG] ProviderTransformer: "data.vault_auth_backends.vault-dev-server1" (*terraform.NodeValidatableResource) needs provider["registry.terraform.io/hashicorp/vault"].vrd1
2026-09-01T20:18:14.407+0700 [DEBUG] pruning unused provider["registry.terraform.io/hashicorp/aws"]
2026-09-01T20:18:14.407+0700 [DEBUG] pruning unused provider["registry.terraform.io/hashicorp/vault"]
2026-09-01T20:18:14.407+0700 [DEBUG] ReferenceTransformer: "data.vault_auth_backends.vault-dev-server1" references: []
2026-09-01T20:18:14.407+0700 [DEBUG] ReferenceTransformer: "data.vault_auth_backends.vault-dev-server2" references: []
2026-09-01T20:18:14.407+0700 [DEBUG] ReferenceTransformer: "var.vault-token1" references: []
2026-09-01T20:18:14.407+0700 [DEBUG] ReferenceTransformer: "output.vault_server1_auth_list (expand)" references: [data.vault_auth_backends.vault-dev-server1]
2026-09-01T20:18:14.407+0700 [DEBUG] ReferenceTransformer: "output.vault_server1_auth_list (expand)" references: data.vault_auth_backends.vault-dev-server1
2026-09-01T20:18:14.408+0700 [DEBUG] ReferenceTransformer: "provider[\"registry.terraform.io/hashicorp/vault\"].vrd1" references: [var.vault-token1]
2026-09-01T20:18:14.408+0700 [DEBUG] ReferenceTransformer: "provider[\"registry.terraform.io/hashicorp/vault\"].vrd1" references: var.vault-token1
2026-09-01T20:18:14.408+0700 [DEBUG] ReferenceTransformer: "var.vault-token2" references: []
2026-09-01T20:18:14.408+0700 [DEBUG] ReferenceTransformer: "output.vault_server2_auth_list (expand)" references: [data.vault_auth_backends.vault-dev-server2]
2026-09-01T20:18:14.408+0700 [DEBUG] ReferenceTransformer: "output.vault_server2_auth_list (expand)" references: data.vault_auth_backends.vault-dev-server2
2026-09-01T20:18:14.408+0700 [DEBUG] ReferenceTransformer: "provider[\"registry.terraform.io/hashicorp/vault\"].vrd2" references: [var.vault-token2]
2026-09-01T20:18:14.408+0700 [DEBUG] ReferenceTransformer: "provider[\"registry.terraform.io/hashicorp/vault\"].vrd2" references: var.vault-token2
2026-09-01T20:18:14.408+0700 [DEBUG] Starting graph walk: walkValidate
2026-09-01T20:18:14.410+0700 [DEBUG] created provider logger: level=debug
2026-09-01T20:18:14.410+0700 [INFO]  provider: configuring client automatic mTLS
2026-09-01T20:18:14.415+0700 [DEBUG] provider: starting plugin: path=.terraform/providers/registry.terraform.io/hashicorp/vault/5.11.0/darwin_arm64/terraform-provider-vault_v5.11.0_x5 args=[".terraform/providers/registry.terraform.io/hashicorp/vault/5.11.0/darwin_arm64/terraform-provider-vault_v5.11.0_x5"]
2026-09-01T20:18:14.418+0700 [DEBUG] provider: plugin started: path=.terraform/providers/registry.terraform.io/hashicorp/vault/5.11.0/darwin_arm64/terraform-provider-vault_v5.11.0_x5 pid=41074
2026-09-01T20:18:14.418+0700 [DEBUG] provider: waiting for RPC address: plugin=.terraform/providers/registry.terraform.io/hashicorp/vault/5.11.0/darwin_arm64/terraform-provider-vault_v5.11.0_x5
2026-09-01T20:18:14.440+0700 [INFO]  provider.terraform-provider-vault_v5.11.0_x5: configuring server automatic mTLS: timestamp="2026-09-01T20:18:14.440+0700"
2026-09-01T20:18:14.446+0700 [DEBUG] provider: using plugin: version=5
2026-09-01T20:18:14.446+0700 [DEBUG] provider.terraform-provider-vault_v5.11.0_x5: plugin address: address=/var/folders/dc/71w9ly4s1z5b3mp02_3x4pmm0000gn/T/plugin268269199 network=unix timestamp="2026-09-01T20:18:14.446+0700"
2026-09-01T20:18:14.451+0700 [DEBUG] created provider logger: level=debug
2026-09-01T20:18:14.451+0700 [INFO]  provider: configuring client automatic mTLS
2026-09-01T20:18:14.454+0700 [DEBUG] provider: starting plugin: path=.terraform/providers/registry.terraform.io/hashicorp/vault/5.11.0/darwin_arm64/terraform-provider-vault_v5.11.0_x5 args=[".terraform/providers/registry.terraform.io/hashicorp/vault/5.11.0/darwin_arm64/terraform-provider-vault_v5.11.0_x5"]
2026-09-01T20:18:14.456+0700 [DEBUG] provider: plugin started: path=.terraform/providers/registry.terraform.io/hashicorp/vault/5.11.0/darwin_arm64/terraform-provider-vault_v5.11.0_x5 pid=41075
2026-09-01T20:18:14.457+0700 [DEBUG] provider: waiting for RPC address: plugin=.terraform/providers/registry.terraform.io/hashicorp/vault/5.11.0/darwin_arm64/terraform-provider-vault_v5.11.0_x5
2026-09-01T20:18:14.486+0700 [INFO]  provider.terraform-provider-vault_v5.11.0_x5: configuring server automatic mTLS: timestamp="2026-09-01T20:18:14.485+0700"
2026-09-01T20:18:14.492+0700 [DEBUG] provider: using plugin: version=5
2026-09-01T20:18:14.492+0700 [DEBUG] provider.terraform-provider-vault_v5.11.0_x5: plugin address: address=/var/folders/dc/71w9ly4s1z5b3mp02_3x4pmm0000gn/T/plugin4074443575 network=unix timestamp="2026-09-01T20:18:14.492+0700"
2026-09-01T20:18:14.500+0700 [DEBUG] provider.stdio: received EOF, stopping recv loop: err="rpc error: code = Unavailable desc = error reading from server: EOF"
2026-09-01T20:18:14.502+0700 [INFO]  provider: plugin process exited: plugin=.terraform/providers/registry.terraform.io/hashicorp/vault/5.11.0/darwin_arm64/terraform-provider-vault_v5.11.0_x5 id=41074
2026-09-01T20:18:14.502+0700 [DEBUG] provider: plugin exited
2026-09-01T20:18:14.503+0700 [DEBUG] provider.stdio: received EOF, stopping recv loop: err="rpc error: code = Unavailable desc = error reading from server: EOF"
2026-09-01T20:18:14.505+0700 [INFO]  provider: plugin process exited: plugin=.terraform/providers/registry.terraform.io/hashicorp/vault/5.11.0/darwin_arm64/terraform-provider-vault_v5.11.0_x5 id=41075
2026-09-01T20:18:14.505+0700 [DEBUG] provider: plugin exited
2026-09-01T20:18:58.551+0700 [INFO]  Terraform version: 1.16.0
2026-09-01T20:18:58.551+0700 [DEBUG] using github.com/hashicorp/go-tfe v1.108.0
2026-09-01T20:18:58.551+0700 [DEBUG] using github.com/hashicorp/hcl/v2 v2.24.0
2026-09-01T20:18:58.551+0700 [DEBUG] using github.com/hashicorp/terraform-svchost v0.2.1
2026-09-01T20:18:58.551+0700 [DEBUG] using github.com/zclconf/go-cty v1.18.1
2026-09-01T20:18:58.551+0700 [INFO]  Go runtime version: go1.26.4
2026-09-01T20:18:58.551+0700 [INFO]  CLI args: []string{"terraform", "apply", "-auto-approve"}
2026-09-01T20:18:58.551+0700 [DEBUG] Attempting to open CLI config file: /Users/thettun/.terraformrc
2026-09-01T20:18:58.551+0700 [DEBUG] File doesn't exist, but doesn't need to. Ignoring.
2026-09-01T20:18:58.552+0700 [DEBUG] ignoring non-existing provider search directory terraform.d/plugins
2026-09-01T20:18:58.552+0700 [DEBUG] ignoring non-existing provider search directory /Users/thettun/.terraform.d/plugins
2026-09-01T20:18:58.552+0700 [DEBUG] ignoring non-existing provider search directory /Users/thettun/Library/Application Support/io.terraform/plugins
2026-09-01T20:18:58.552+0700 [DEBUG] ignoring non-existing provider search directory /Library/Application Support/io.terraform/plugins
2026-09-01T20:18:58.553+0700 [INFO]  CLI command args: []string{"apply", "-auto-approve"}
2026-09-01T20:18:59.145+0700 [DEBUG] checking for provisioner in "."
2026-09-01T20:18:59.151+0700 [DEBUG] checking for provisioner in "/opt/homebrew/bin"
2026-09-01T20:18:59.155+0700 [INFO]  backend/local: starting Apply operation
2026-09-01T20:18:59.161+0700 [DEBUG] ReferenceTransformer: "var.vault-token1" references: []
2026-09-01T20:18:59.162+0700 [DEBUG] ReferenceTransformer: "var.vault-token2" references: []
2026-09-01T20:18:59.162+0700 [DEBUG] Starting graph walk: walkInit
2026-09-01T20:18:59.172+0700 [DEBUG] created provider logger: level=debug
2026-09-01T20:18:59.172+0700 [INFO]  provider: configuring client automatic mTLS
2026-09-01T20:18:59.181+0700 [DEBUG] provider: starting plugin: path=.terraform/providers/registry.terraform.io/hashicorp/aws/6.62.0/darwin_arm64/terraform-provider-aws_v6.62.0_x5 args=[".terraform/providers/registry.terraform.io/hashicorp/aws/6.62.0/darwin_arm64/terraform-provider-aws_v6.62.0_x5"]
2026-09-01T20:18:59.208+0700 [DEBUG] provider: plugin started: path=.terraform/providers/registry.terraform.io/hashicorp/aws/6.62.0/darwin_arm64/terraform-provider-aws_v6.62.0_x5 pid=41449
2026-09-01T20:18:59.208+0700 [DEBUG] provider: waiting for RPC address: plugin=.terraform/providers/registry.terraform.io/hashicorp/aws/6.62.0/darwin_arm64/terraform-provider-aws_v6.62.0_x5
2026-09-01T20:18:59.429+0700 [DEBUG] provider.terraform-provider-aws_v6.62.0_x5: Starting github.com/hashicorp/terraform-provider-aws@6.62.0 (go1.26.6)...
2026-09-01T20:18:59.429+0700 [DEBUG] provider.terraform-provider-aws_v6.62.0_x5: Creating Terraform AWS Provider (SDKv2-style)...
2026-09-01T20:18:59.429+0700 [DEBUG] provider.terraform-provider-aws_v6.62.0_x5: Initializing Terraform AWS Provider (SDKv2-style)...
2026-09-01T20:18:59.471+0700 [DEBUG] provider.terraform-provider-aws_v6.62.0_x5: Creating Terraform AWS Provider (Framework-style)...
2026-09-01T20:18:59.471+0700 [DEBUG] provider.terraform-provider-aws_v6.62.0_x5: Initializing Terraform AWS Provider (Framework-style)...
2026-09-01T20:18:59.474+0700 [INFO]  provider.terraform-provider-aws_v6.62.0_x5: configuring server automatic mTLS: timestamp="2026-09-01T20:18:59.474+0700"
2026-09-01T20:18:59.481+0700 [DEBUG] provider: using plugin: version=5
2026-09-01T20:18:59.481+0700 [DEBUG] provider.terraform-provider-aws_v6.62.0_x5: plugin address: address=/var/folders/dc/71w9ly4s1z5b3mp02_3x4pmm0000gn/T/plugin1836202546 network=unix timestamp="2026-09-01T20:18:59.480+0700"
2026-09-01T20:19:00.569+0700 [DEBUG] provider.stdio: received EOF, stopping recv loop: err="rpc error: code = Unavailable desc = error reading from server: EOF"
2026-09-01T20:19:00.580+0700 [INFO]  provider: plugin process exited: plugin=.terraform/providers/registry.terraform.io/hashicorp/aws/6.62.0/darwin_arm64/terraform-provider-aws_v6.62.0_x5 id=41449
2026-09-01T20:19:00.580+0700 [DEBUG] provider: plugin exited
2026-09-01T20:19:00.580+0700 [DEBUG] created provider logger: level=debug
2026-09-01T20:19:00.580+0700 [INFO]  provider: configuring client automatic mTLS
2026-09-01T20:19:00.582+0700 [DEBUG] provider: starting plugin: path=.terraform/providers/registry.terraform.io/hashicorp/vault/5.11.0/darwin_arm64/terraform-provider-vault_v5.11.0_x5 args=[".terraform/providers/registry.terraform.io/hashicorp/vault/5.11.0/darwin_arm64/terraform-provider-vault_v5.11.0_x5"]
2026-09-01T20:19:00.585+0700 [DEBUG] provider: plugin started: path=.terraform/providers/registry.terraform.io/hashicorp/vault/5.11.0/darwin_arm64/terraform-provider-vault_v5.11.0_x5 pid=41463
2026-09-01T20:19:00.585+0700 [DEBUG] provider: waiting for RPC address: plugin=.terraform/providers/registry.terraform.io/hashicorp/vault/5.11.0/darwin_arm64/terraform-provider-vault_v5.11.0_x5
2026-09-01T20:19:00.622+0700 [INFO]  provider.terraform-provider-vault_v5.11.0_x5: configuring server automatic mTLS: timestamp="2026-09-01T20:19:00.622+0700"
2026-09-01T20:19:00.629+0700 [DEBUG] provider: using plugin: version=5
2026-09-01T20:19:00.629+0700 [DEBUG] provider.terraform-provider-vault_v5.11.0_x5: plugin address: address=/var/folders/dc/71w9ly4s1z5b3mp02_3x4pmm0000gn/T/plugin2679646103 network=unix timestamp="2026-09-01T20:19:00.629+0700"
2026-09-01T20:19:00.665+0700 [DEBUG] provider.stdio: received EOF, stopping recv loop: err="rpc error: code = Unavailable desc = error reading from server: EOF"
2026-09-01T20:19:00.666+0700 [INFO]  provider: plugin process exited: plugin=.terraform/providers/registry.terraform.io/hashicorp/vault/5.11.0/darwin_arm64/terraform-provider-vault_v5.11.0_x5 id=41463
2026-09-01T20:19:00.666+0700 [DEBUG] provider: plugin exited
2026-09-01T20:19:00.667+0700 [DEBUG] Building and walking validate graph
2026-09-01T20:19:00.668+0700 [DEBUG] ProviderTransformer: "data.vault_auth_backends.vault-dev-server1" (*terraform.NodeValidatableResource) needs provider["registry.terraform.io/hashicorp/vault"].vrd1
2026-09-01T20:19:00.668+0700 [DEBUG] ProviderTransformer: "data.vault_auth_backends.vault-dev-server2" (*terraform.NodeValidatableResource) needs provider["registry.terraform.io/hashicorp/vault"].vrd2
2026-09-01T20:19:00.668+0700 [DEBUG] pruning unused provider["registry.terraform.io/hashicorp/aws"]
2026-09-01T20:19:00.668+0700 [DEBUG] pruning unused provider["registry.terraform.io/hashicorp/vault"]
2026-09-01T20:19:00.669+0700 [DEBUG] ReferenceTransformer: "var.vault-token1" references: []
2026-09-01T20:19:00.669+0700 [DEBUG] ReferenceTransformer: "output.vault_server1_auth_list (expand)" references: [data.vault_auth_backends.vault-dev-server1]
2026-09-01T20:19:00.669+0700 [DEBUG] ReferenceTransformer: "output.vault_server1_auth_list (expand)" references: data.vault_auth_backends.vault-dev-server1
2026-09-01T20:19:00.669+0700 [DEBUG] ReferenceTransformer: "output.vault_server2_auth_list (expand)" references: [data.vault_auth_backends.vault-dev-server2]
2026-09-01T20:19:00.669+0700 [DEBUG] ReferenceTransformer: "output.vault_server2_auth_list (expand)" references: data.vault_auth_backends.vault-dev-server2
2026-09-01T20:19:00.669+0700 [DEBUG] ReferenceTransformer: "provider[\"registry.terraform.io/hashicorp/vault\"].vrd1" references: [var.vault-token1]
2026-09-01T20:19:00.669+0700 [DEBUG] ReferenceTransformer: "provider[\"registry.terraform.io/hashicorp/vault\"].vrd1" references: var.vault-token1
2026-09-01T20:19:00.669+0700 [DEBUG] ReferenceTransformer: "data.vault_auth_backends.vault-dev-server1" references: []
2026-09-01T20:19:00.669+0700 [DEBUG] ReferenceTransformer: "var.vault-token2" references: []
2026-09-01T20:19:00.669+0700 [DEBUG] ReferenceTransformer: "provider[\"registry.terraform.io/hashicorp/vault\"].vrd2" references: [var.vault-token2]
2026-09-01T20:19:00.669+0700 [DEBUG] ReferenceTransformer: "provider[\"registry.terraform.io/hashicorp/vault\"].vrd2" references: var.vault-token2
2026-09-01T20:19:00.669+0700 [DEBUG] ReferenceTransformer: "data.vault_auth_backends.vault-dev-server2" references: []
2026-09-01T20:19:00.670+0700 [DEBUG] Starting graph walk: walkValidate
2026-09-01T20:19:00.671+0700 [DEBUG] created provider logger: level=debug
2026-09-01T20:19:00.671+0700 [INFO]  provider: configuring client automatic mTLS
2026-09-01T20:19:00.674+0700 [DEBUG] provider: starting plugin: path=.terraform/providers/registry.terraform.io/hashicorp/vault/5.11.0/darwin_arm64/terraform-provider-vault_v5.11.0_x5 args=[".terraform/providers/registry.terraform.io/hashicorp/vault/5.11.0/darwin_arm64/terraform-provider-vault_v5.11.0_x5"]
2026-09-01T20:19:00.677+0700 [DEBUG] provider: plugin started: path=.terraform/providers/registry.terraform.io/hashicorp/vault/5.11.0/darwin_arm64/terraform-provider-vault_v5.11.0_x5 pid=41464
2026-09-01T20:19:00.677+0700 [DEBUG] provider: waiting for RPC address: plugin=.terraform/providers/registry.terraform.io/hashicorp/vault/5.11.0/darwin_arm64/terraform-provider-vault_v5.11.0_x5
2026-09-01T20:19:00.699+0700 [INFO]  provider.terraform-provider-vault_v5.11.0_x5: configuring server automatic mTLS: timestamp="2026-09-01T20:19:00.698+0700"
2026-09-01T20:19:00.705+0700 [DEBUG] provider.terraform-provider-vault_v5.11.0_x5: plugin address: address=/var/folders/dc/71w9ly4s1z5b3mp02_3x4pmm0000gn/T/plugin2581881079 network=unix timestamp="2026-09-01T20:19:00.705+0700"
2026-09-01T20:19:00.705+0700 [DEBUG] provider: using plugin: version=5
2026-09-01T20:19:00.710+0700 [DEBUG] created provider logger: level=debug
2026-09-01T20:19:00.710+0700 [INFO]  provider: configuring client automatic mTLS
2026-09-01T20:19:00.713+0700 [DEBUG] provider: starting plugin: path=.terraform/providers/registry.terraform.io/hashicorp/vault/5.11.0/darwin_arm64/terraform-provider-vault_v5.11.0_x5 args=[".terraform/providers/registry.terraform.io/hashicorp/vault/5.11.0/darwin_arm64/terraform-provider-vault_v5.11.0_x5"]
2026-09-01T20:19:00.715+0700 [DEBUG] provider: plugin started: path=.terraform/providers/registry.terraform.io/hashicorp/vault/5.11.0/darwin_arm64/terraform-provider-vault_v5.11.0_x5 pid=41465
2026-09-01T20:19:00.716+0700 [DEBUG] provider: waiting for RPC address: plugin=.terraform/providers/registry.terraform.io/hashicorp/vault/5.11.0/darwin_arm64/terraform-provider-vault_v5.11.0_x5
2026-09-01T20:19:00.740+0700 [INFO]  provider.terraform-provider-vault_v5.11.0_x5: configuring server automatic mTLS: timestamp="2026-09-01T20:19:00.739+0700"
2026-09-01T20:19:00.746+0700 [DEBUG] provider: using plugin: version=5
2026-09-01T20:19:00.746+0700 [DEBUG] provider.terraform-provider-vault_v5.11.0_x5: plugin address: network=unix address=/var/folders/dc/71w9ly4s1z5b3mp02_3x4pmm0000gn/T/plugin1957492824 timestamp="2026-09-01T20:19:00.746+0700"
2026-09-01T20:19:00.754+0700 [DEBUG] provider.stdio: received EOF, stopping recv loop: err="rpc error: code = Unavailable desc = error reading from server: EOF"
2026-09-01T20:19:00.755+0700 [INFO]  provider: plugin process exited: plugin=.terraform/providers/registry.terraform.io/hashicorp/vault/5.11.0/darwin_arm64/terraform-provider-vault_v5.11.0_x5 id=41464
2026-09-01T20:19:00.755+0700 [DEBUG] provider: plugin exited
2026-09-01T20:19:00.756+0700 [DEBUG] provider.stdio: received EOF, stopping recv loop: err="rpc error: code = Unavailable desc = error reading from server: EOF"
2026-09-01T20:19:00.757+0700 [INFO]  provider: plugin process exited: plugin=.terraform/providers/registry.terraform.io/hashicorp/vault/5.11.0/darwin_arm64/terraform-provider-vault_v5.11.0_x5 id=41465
2026-09-01T20:19:00.757+0700 [DEBUG] provider: plugin exited
2026-09-01T20:19:00.758+0700 [INFO]  backend/local: apply calling Plan
2026-09-01T20:19:00.758+0700 [DEBUG] Building and walking plan graph for NormalMode
2026-09-01T20:19:00.759+0700 [DEBUG] ProviderTransformer: "data.vault_auth_backends.vault-dev-server1 (expand)" (*terraform.nodeExpandPlannableResource) needs provider["registry.terraform.io/hashicorp/vault"].vrd1
2026-09-01T20:19:00.759+0700 [DEBUG] ProviderTransformer: "data.vault_auth_backends.vault-dev-server2 (expand)" (*terraform.nodeExpandPlannableResource) needs provider["registry.terraform.io/hashicorp/vault"].vrd2
2026-09-01T20:19:00.759+0700 [DEBUG] pruning unused provider["registry.terraform.io/hashicorp/aws"]
2026-09-01T20:19:00.759+0700 [DEBUG] pruning unused provider["registry.terraform.io/hashicorp/vault"]
2026-09-01T20:19:00.759+0700 [DEBUG] ReferenceTransformer: "var.vault-token1" references: []
2026-09-01T20:19:00.759+0700 [DEBUG] ReferenceTransformer: "output.vault_server1_auth_list (expand)" references: [data.vault_auth_backends.vault-dev-server1 (expand)]
2026-09-01T20:19:00.759+0700 [DEBUG] ReferenceTransformer: "output.vault_server1_auth_list (expand)" references: data.vault_auth_backends.vault-dev-server1 (expand)
2026-09-01T20:19:00.759+0700 [DEBUG] ReferenceTransformer: "output.vault_server2_auth_list (expand)" references: [data.vault_auth_backends.vault-dev-server2 (expand)]
2026-09-01T20:19:00.759+0700 [DEBUG] ReferenceTransformer: "output.vault_server2_auth_list (expand)" references: data.vault_auth_backends.vault-dev-server2 (expand)
2026-09-01T20:19:00.759+0700 [DEBUG] ReferenceTransformer: "provider[\"registry.terraform.io/hashicorp/vault\"].vrd2" references: [var.vault-token2]
2026-09-01T20:19:00.759+0700 [DEBUG] ReferenceTransformer: "provider[\"registry.terraform.io/hashicorp/vault\"].vrd2" references: var.vault-token2
2026-09-01T20:19:00.759+0700 [DEBUG] ReferenceTransformer: "data.vault_auth_backends.vault-dev-server1 (expand)" references: []
2026-09-01T20:19:00.759+0700 [DEBUG] ReferenceTransformer: "var.vault-token2" references: []
2026-09-01T20:19:00.759+0700 [DEBUG] ReferenceTransformer: "provider[\"registry.terraform.io/hashicorp/vault\"].vrd1" references: [var.vault-token1]
2026-09-01T20:19:00.759+0700 [DEBUG] ReferenceTransformer: "provider[\"registry.terraform.io/hashicorp/vault\"].vrd1" references: var.vault-token1
2026-09-01T20:19:00.759+0700 [DEBUG] ReferenceTransformer: "data.vault_auth_backends.vault-dev-server2 (expand)" references: []
2026-09-01T20:19:00.759+0700 [DEBUG] Starting graph walk: walkPlan
2026-09-01T20:19:00.759+0700 [DEBUG] created provider logger: level=debug
2026-09-01T20:19:00.759+0700 [INFO]  provider: configuring client automatic mTLS
2026-09-01T20:19:00.762+0700 [DEBUG] provider: starting plugin: path=.terraform/providers/registry.terraform.io/hashicorp/vault/5.11.0/darwin_arm64/terraform-provider-vault_v5.11.0_x5 args=[".terraform/providers/registry.terraform.io/hashicorp/vault/5.11.0/darwin_arm64/terraform-provider-vault_v5.11.0_x5"]
2026-09-01T20:19:00.764+0700 [DEBUG] provider: plugin started: path=.terraform/providers/registry.terraform.io/hashicorp/vault/5.11.0/darwin_arm64/terraform-provider-vault_v5.11.0_x5 pid=41466
2026-09-01T20:19:00.765+0700 [DEBUG] provider: waiting for RPC address: plugin=.terraform/providers/registry.terraform.io/hashicorp/vault/5.11.0/darwin_arm64/terraform-provider-vault_v5.11.0_x5
2026-09-01T20:19:00.786+0700 [INFO]  provider.terraform-provider-vault_v5.11.0_x5: configuring server automatic mTLS: timestamp="2026-09-01T20:19:00.786+0700"
2026-09-01T20:19:00.792+0700 [DEBUG] provider: using plugin: version=5
2026-09-01T20:19:00.792+0700 [DEBUG] provider.terraform-provider-vault_v5.11.0_x5: plugin address: address=/var/folders/dc/71w9ly4s1z5b3mp02_3x4pmm0000gn/T/plugin2792196861 network=unix timestamp="2026-09-01T20:19:00.792+0700"
2026-09-01T20:19:00.798+0700 [DEBUG] created provider logger: level=debug
2026-09-01T20:19:00.798+0700 [INFO]  provider: configuring client automatic mTLS
2026-09-01T20:19:00.801+0700 [DEBUG] provider: starting plugin: path=.terraform/providers/registry.terraform.io/hashicorp/vault/5.11.0/darwin_arm64/terraform-provider-vault_v5.11.0_x5 args=[".terraform/providers/registry.terraform.io/hashicorp/vault/5.11.0/darwin_arm64/terraform-provider-vault_v5.11.0_x5"]
2026-09-01T20:19:00.803+0700 [DEBUG] provider: plugin started: path=.terraform/providers/registry.terraform.io/hashicorp/vault/5.11.0/darwin_arm64/terraform-provider-vault_v5.11.0_x5 pid=41467
2026-09-01T20:19:00.803+0700 [DEBUG] provider: waiting for RPC address: plugin=.terraform/providers/registry.terraform.io/hashicorp/vault/5.11.0/darwin_arm64/terraform-provider-vault_v5.11.0_x5
2026-09-01T20:19:00.827+0700 [INFO]  provider.terraform-provider-vault_v5.11.0_x5: configuring server automatic mTLS: timestamp="2026-09-01T20:19:00.826+0700"
2026-09-01T20:19:00.833+0700 [DEBUG] provider.terraform-provider-vault_v5.11.0_x5: plugin address: network=unix address=/var/folders/dc/71w9ly4s1z5b3mp02_3x4pmm0000gn/T/plugin3876117914 timestamp="2026-09-01T20:19:00.833+0700"
2026-09-01T20:19:00.833+0700 [DEBUG] provider: using plugin: version=5
2026-09-01T20:19:00.841+0700 [DEBUG] No policy client configured, skipping policy evaluation for provider["registry.terraform.io/hashicorp/vault"].vrd2
2026-09-01T20:19:00.842+0700 [DEBUG] Resource instance state not found for node "data.vault_auth_backends.vault-dev-server2", instance data.vault_auth_backends.vault-dev-server2
2026-09-01T20:19:00.844+0700 [DEBUG] No policy client configured, skipping policy evaluation for provider["registry.terraform.io/hashicorp/vault"].vrd1
2026-09-01T20:19:00.844+0700 [DEBUG] Resource instance state not found for node "data.vault_auth_backends.vault-dev-server1", instance data.vault_auth_backends.vault-dev-server1
2026-09-01T20:19:00.845+0700 [DEBUG] provider.terraform-provider-vault_v5.11.0_x5: [DEBUG] [6cee1407-0fcf-4966-b540-11e727c2841a] Vault API Request Details:
2026-09-01T20:19:00.845+0700 [DEBUG] provider.terraform-provider-vault_v5.11.0_x5: ---[ REQUEST ]---------------------------------------
2026-09-01T20:19:00.845+0700 [DEBUG] provider.terraform-provider-vault_v5.11.0_x5: GET /v1/auth/token/lookup-self HTTP/1.1
2026-09-01T20:19:00.845+0700 [DEBUG] provider.terraform-provider-vault_v5.11.0_x5: Host: 0.0.0.0:8202
2026-09-01T20:19:00.845+0700 [DEBUG] provider.terraform-provider-vault_v5.11.0_x5: User-Agent: Go-http-client/1.1
2026-09-01T20:19:00.845+0700 [DEBUG] provider.terraform-provider-vault_v5.11.0_x5: X-Vault-Request: true
2026-09-01T20:19:00.845+0700 [DEBUG] provider.terraform-provider-vault_v5.11.0_x5: X-Vault-Token: hmac-sha256:f28fef991f2e7b798bf5c169539723f0a9f387508b62c69575f596d65e934933
2026-09-01T20:19:00.845+0700 [DEBUG] provider.terraform-provider-vault_v5.11.0_x5: Accept-Encoding: gzip
2026-09-01T20:19:00.845+0700 [DEBUG] provider.terraform-provider-vault_v5.11.0_x5
2026-09-01T20:19:00.845+0700 [DEBUG] provider.terraform-provider-vault_v5.11.0_x5
2026-09-01T20:19:00.845+0700 [DEBUG] provider.terraform-provider-vault_v5.11.0_x5: -----------------------------------------------------
2026-09-01T20:19:00.846+0700 [DEBUG] provider.terraform-provider-vault_v5.11.0_x5: [DEBUG] [ef4a9625-95c2-4bc2-acca-f58078fa82ef] Vault API Request Details:
2026-09-01T20:19:00.846+0700 [DEBUG] provider.terraform-provider-vault_v5.11.0_x5: ---[ REQUEST ]---------------------------------------
2026-09-01T20:19:00.846+0700 [DEBUG] provider.terraform-provider-vault_v5.11.0_x5: GET /v1/auth/token/lookup-self HTTP/1.1
2026-09-01T20:19:00.846+0700 [DEBUG] provider.terraform-provider-vault_v5.11.0_x5: Host: 127.0.0.1:8200
2026-09-01T20:19:00.846+0700 [DEBUG] provider.terraform-provider-vault_v5.11.0_x5: User-Agent: Go-http-client/1.1
2026-09-01T20:19:00.846+0700 [DEBUG] provider.terraform-provider-vault_v5.11.0_x5: X-Vault-Request: true
2026-09-01T20:19:00.846+0700 [DEBUG] provider.terraform-provider-vault_v5.11.0_x5: X-Vault-Token: hmac-sha256:bf7649fc5021c6bc4754c2c890638fdc78924bc83b821dbb355b4289d1efda96
2026-09-01T20:19:00.846+0700 [DEBUG] provider.terraform-provider-vault_v5.11.0_x5: Accept-Encoding: gzip
2026-09-01T20:19:00.846+0700 [DEBUG] provider.terraform-provider-vault_v5.11.0_x5
2026-09-01T20:19:00.846+0700 [DEBUG] provider.terraform-provider-vault_v5.11.0_x5
2026-09-01T20:19:00.846+0700 [DEBUG] provider.terraform-provider-vault_v5.11.0_x5: -----------------------------------------------------
2026-09-01T20:19:00.872+0700 [DEBUG] provider.terraform-provider-vault_v5.11.0_x5: [DEBUG] [ef4a9625-95c2-4bc2-acca-f58078fa82ef] Vault API Response Details:
2026-09-01T20:19:00.872+0700 [DEBUG] provider.terraform-provider-vault_v5.11.0_x5: ---[ RESPONSE ]--------------------------------------
2026-09-01T20:19:00.872+0700 [DEBUG] provider.terraform-provider-vault_v5.11.0_x5: HTTP/1.1 200 OK
2026-09-01T20:19:00.872+0700 [DEBUG] provider.terraform-provider-vault_v5.11.0_x5: Content-Length: 484
2026-09-01T20:19:00.872+0700 [DEBUG] provider.terraform-provider-vault_v5.11.0_x5: Cache-Control: no-store
2026-09-01T20:19:00.872+0700 [DEBUG] provider.terraform-provider-vault_v5.11.0_x5: Content-Type: application/json
2026-09-01T20:19:00.872+0700 [DEBUG] provider.terraform-provider-vault_v5.11.0_x5: Date: Tue, 01 Sep 2026 13:19:00 GMT
2026-09-01T20:19:00.872+0700 [DEBUG] provider.terraform-provider-vault_v5.11.0_x5: Strict-Transport-Security: max-age=31536000; includeSubDomains
2026-09-01T20:19:00.872+0700 [DEBUG] provider.terraform-provider-vault_v5.11.0_x5
2026-09-01T20:19:00.872+0700 [DEBUG] provider.terraform-provider-vault_v5.11.0_x5
2026-09-01T20:19:00.872+0700 [DEBUG] provider.terraform-provider-vault_v5.11.0_x5: -----------------------------------------------------
2026-09-01T20:19:00.872+0700 [DEBUG] provider.terraform-provider-vault_v5.11.0_x5: [DEBUG] [6cee1407-0fcf-4966-b540-11e727c2841a] Vault API Response Details:
2026-09-01T20:19:00.872+0700 [DEBUG] provider.terraform-provider-vault_v5.11.0_x5: ---[ RESPONSE ]--------------------------------------
2026-09-01T20:19:00.872+0700 [DEBUG] provider.terraform-provider-vault_v5.11.0_x5: HTTP/1.1 200 OK
2026-09-01T20:19:00.872+0700 [DEBUG] provider.terraform-provider-vault_v5.11.0_x5: Content-Length: 484
2026-09-01T20:19:00.872+0700 [DEBUG] provider.terraform-provider-vault_v5.11.0_x5: Cache-Control: no-store
2026-09-01T20:19:00.872+0700 [DEBUG] provider.terraform-provider-vault_v5.11.0_x5: Content-Type: application/json
2026-09-01T20:19:00.872+0700 [DEBUG] provider.terraform-provider-vault_v5.11.0_x5: Date: Tue, 01 Sep 2026 13:19:00 GMT
2026-09-01T20:19:00.872+0700 [DEBUG] provider.terraform-provider-vault_v5.11.0_x5: Strict-Transport-Security: max-age=31536000; includeSubDomains
2026-09-01T20:19:00.872+0700 [DEBUG] provider.terraform-provider-vault_v5.11.0_x5
2026-09-01T20:19:00.872+0700 [DEBUG] provider.terraform-provider-vault_v5.11.0_x5
2026-09-01T20:19:00.872+0700 [DEBUG] provider.terraform-provider-vault_v5.11.0_x5: -----------------------------------------------------
2026-09-01T20:19:00.872+0700 [DEBUG] provider.terraform-provider-vault_v5.11.0_x5: [DEBUG] [76aab288-eb3e-4328-8cbc-e9bf1dffe64a] Vault API Request Details:
2026-09-01T20:19:00.872+0700 [DEBUG] provider.terraform-provider-vault_v5.11.0_x5: ---[ REQUEST ]---------------------------------------
2026-09-01T20:19:00.872+0700 [DEBUG] provider.terraform-provider-vault_v5.11.0_x5: POST /v1/auth/token/create HTTP/1.1
2026-09-01T20:19:00.872+0700 [DEBUG] provider.terraform-provider-vault_v5.11.0_x5: Host: 127.0.0.1:8200
2026-09-01T20:19:00.872+0700 [DEBUG] provider.terraform-provider-vault_v5.11.0_x5: User-Agent: Go-http-client/1.1
2026-09-01T20:19:00.872+0700 [DEBUG] provider.terraform-provider-vault_v5.11.0_x5: Content-Length: 128
2026-09-01T20:19:00.872+0700 [DEBUG] provider.terraform-provider-vault_v5.11.0_x5: X-Vault-Request: true
2026-09-01T20:19:00.872+0700 [DEBUG] provider.terraform-provider-vault_v5.11.0_x5: X-Vault-Token: hmac-sha256:67c7e826f7cd5f890da7f6fbd86a3a1d718e25a6d73fcaf5a0becd3a541cb413
2026-09-01T20:19:00.872+0700 [DEBUG] provider.terraform-provider-vault_v5.11.0_x5: Accept-Encoding: gzip
2026-09-01T20:19:00.872+0700 [DEBUG] provider.terraform-provider-vault_v5.11.0_x5
2026-09-01T20:19:00.873+0700 [DEBUG] provider.terraform-provider-vault_v5.11.0_x5
2026-09-01T20:19:00.873+0700 [DEBUG] provider.terraform-provider-vault_v5.11.0_x5: -----------------------------------------------------
2026-09-01T20:19:00.873+0700 [DEBUG] provider.terraform-provider-vault_v5.11.0_x5: [DEBUG] [048253df-fba9-4398-8979-4381ff75dcdc] Vault API Request Details:
2026-09-01T20:19:00.873+0700 [DEBUG] provider.terraform-provider-vault_v5.11.0_x5: ---[ REQUEST ]---------------------------------------
2026-09-01T20:19:00.873+0700 [DEBUG] provider.terraform-provider-vault_v5.11.0_x5: POST /v1/auth/token/create HTTP/1.1
2026-09-01T20:19:00.873+0700 [DEBUG] provider.terraform-provider-vault_v5.11.0_x5: Host: 0.0.0.0:8202
2026-09-01T20:19:00.873+0700 [DEBUG] provider.terraform-provider-vault_v5.11.0_x5: User-Agent: Go-http-client/1.1
2026-09-01T20:19:00.873+0700 [DEBUG] provider.terraform-provider-vault_v5.11.0_x5: Content-Length: 128
2026-09-01T20:19:00.873+0700 [DEBUG] provider.terraform-provider-vault_v5.11.0_x5: X-Vault-Request: true
2026-09-01T20:19:00.873+0700 [DEBUG] provider.terraform-provider-vault_v5.11.0_x5: X-Vault-Token: hmac-sha256:0dee614059e2872e7d73c3a44c48f5fa4fb398e879a9ac5186d8bf0395bdcb04
2026-09-01T20:19:00.873+0700 [DEBUG] provider.terraform-provider-vault_v5.11.0_x5: Accept-Encoding: gzip
2026-09-01T20:19:00.873+0700 [DEBUG] provider.terraform-provider-vault_v5.11.0_x5
2026-09-01T20:19:00.873+0700 [DEBUG] provider.terraform-provider-vault_v5.11.0_x5
2026-09-01T20:19:00.873+0700 [DEBUG] provider.terraform-provider-vault_v5.11.0_x5: -----------------------------------------------------
2026-09-01T20:19:00.878+0700 [DEBUG] provider.terraform-provider-vault_v5.11.0_x5: [DEBUG] [048253df-fba9-4398-8979-4381ff75dcdc] Vault API Response Details:
2026-09-01T20:19:00.878+0700 [DEBUG] provider.terraform-provider-vault_v5.11.0_x5: ---[ RESPONSE ]--------------------------------------
2026-09-01T20:19:00.878+0700 [DEBUG] provider.terraform-provider-vault_v5.11.0_x5: HTTP/1.1 200 OK
2026-09-01T20:19:00.878+0700 [DEBUG] provider.terraform-provider-vault_v5.11.0_x5: Content-Length: 455
2026-09-01T20:19:00.878+0700 [DEBUG] provider.terraform-provider-vault_v5.11.0_x5: Cache-Control: no-store
2026-09-01T20:19:00.878+0700 [DEBUG] provider.terraform-provider-vault_v5.11.0_x5: Content-Type: application/json
2026-09-01T20:19:00.878+0700 [DEBUG] provider.terraform-provider-vault_v5.11.0_x5: Date: Tue, 01 Sep 2026 13:19:00 GMT
2026-09-01T20:19:00.878+0700 [DEBUG] provider.terraform-provider-vault_v5.11.0_x5: Strict-Transport-Security: max-age=31536000; includeSubDomains
2026-09-01T20:19:00.878+0700 [DEBUG] provider.terraform-provider-vault_v5.11.0_x5
2026-09-01T20:19:00.878+0700 [DEBUG] provider.terraform-provider-vault_v5.11.0_x5
2026-09-01T20:19:00.878+0700 [DEBUG] provider.terraform-provider-vault_v5.11.0_x5: -----------------------------------------------------
2026-09-01T20:19:00.878+0700 [INFO]  provider.terraform-provider-vault_v5.11.0_x5: [INFO] Using Vault token with the following policies: root
2026-09-01T20:19:00.878+0700 [DEBUG] provider.terraform-provider-vault_v5.11.0_x5: [DEBUG] [654ace37-6f56-4fe0-a1ef-52d52e9b54a9] Vault API Request Details:
2026-09-01T20:19:00.878+0700 [DEBUG] provider.terraform-provider-vault_v5.11.0_x5: ---[ REQUEST ]---------------------------------------
2026-09-01T20:19:00.878+0700 [DEBUG] provider.terraform-provider-vault_v5.11.0_x5: GET /v1/sys/auth HTTP/1.1
2026-09-01T20:19:00.878+0700 [DEBUG] provider.terraform-provider-vault_v5.11.0_x5: Host: 0.0.0.0:8202
2026-09-01T20:19:00.878+0700 [DEBUG] provider.terraform-provider-vault_v5.11.0_x5: User-Agent: Go-http-client/1.1
2026-09-01T20:19:00.878+0700 [DEBUG] provider.terraform-provider-vault_v5.11.0_x5: X-Vault-Request: true
2026-09-01T20:19:00.878+0700 [DEBUG] provider.terraform-provider-vault_v5.11.0_x5: X-Vault-Token: hmac-sha256:cce444b239177f3f9bdc968ed29a3797eb350cdfa427dbb67059fd3b3a521277
2026-09-01T20:19:00.878+0700 [DEBUG] provider.terraform-provider-vault_v5.11.0_x5: Accept-Encoding: gzip
2026-09-01T20:19:00.878+0700 [DEBUG] provider.terraform-provider-vault_v5.11.0_x5
2026-09-01T20:19:00.878+0700 [DEBUG] provider.terraform-provider-vault_v5.11.0_x5
2026-09-01T20:19:00.878+0700 [DEBUG] provider.terraform-provider-vault_v5.11.0_x5: -----------------------------------------------------
2026-09-01T20:19:00.878+0700 [DEBUG] provider.terraform-provider-vault_v5.11.0_x5: [DEBUG] [76aab288-eb3e-4328-8cbc-e9bf1dffe64a] Vault API Response Details:
2026-09-01T20:19:00.878+0700 [DEBUG] provider.terraform-provider-vault_v5.11.0_x5: ---[ RESPONSE ]--------------------------------------
2026-09-01T20:19:00.878+0700 [DEBUG] provider.terraform-provider-vault_v5.11.0_x5: HTTP/1.1 200 OK
2026-09-01T20:19:00.878+0700 [DEBUG] provider.terraform-provider-vault_v5.11.0_x5: Content-Length: 455
2026-09-01T20:19:00.878+0700 [DEBUG] provider.terraform-provider-vault_v5.11.0_x5: Cache-Control: no-store
2026-09-01T20:19:00.878+0700 [DEBUG] provider.terraform-provider-vault_v5.11.0_x5: Content-Type: application/json
2026-09-01T20:19:00.878+0700 [DEBUG] provider.terraform-provider-vault_v5.11.0_x5: Date: Tue, 01 Sep 2026 13:19:00 GMT
2026-09-01T20:19:00.878+0700 [DEBUG] provider.terraform-provider-vault_v5.11.0_x5: Strict-Transport-Security: max-age=31536000; includeSubDomains
2026-09-01T20:19:00.878+0700 [DEBUG] provider.terraform-provider-vault_v5.11.0_x5
2026-09-01T20:19:00.878+0700 [DEBUG] provider.terraform-provider-vault_v5.11.0_x5
2026-09-01T20:19:00.878+0700 [DEBUG] provider.terraform-provider-vault_v5.11.0_x5: -----------------------------------------------------
2026-09-01T20:19:00.878+0700 [INFO]  provider.terraform-provider-vault_v5.11.0_x5: [INFO] Using Vault token with the following policies: root
2026-09-01T20:19:00.879+0700 [DEBUG] provider.terraform-provider-vault_v5.11.0_x5: [DEBUG] [abdcd202-91d6-4b6c-b4dd-05af74635437] Vault API Request Details:
2026-09-01T20:19:00.879+0700 [DEBUG] provider.terraform-provider-vault_v5.11.0_x5: ---[ REQUEST ]---------------------------------------
2026-09-01T20:19:00.879+0700 [DEBUG] provider.terraform-provider-vault_v5.11.0_x5: GET /v1/sys/auth HTTP/1.1
2026-09-01T20:19:00.879+0700 [DEBUG] provider.terraform-provider-vault_v5.11.0_x5: Host: 127.0.0.1:8200
2026-09-01T20:19:00.879+0700 [DEBUG] provider.terraform-provider-vault_v5.11.0_x5: User-Agent: Go-http-client/1.1
2026-09-01T20:19:00.879+0700 [DEBUG] provider.terraform-provider-vault_v5.11.0_x5: X-Vault-Request: true
2026-09-01T20:19:00.879+0700 [DEBUG] provider.terraform-provider-vault_v5.11.0_x5: X-Vault-Token: hmac-sha256:f5c82e6be778d2d0710d9d172f627444911cda10a0fc2b7afa6e98ab6b5ddd8a
2026-09-01T20:19:00.879+0700 [DEBUG] provider.terraform-provider-vault_v5.11.0_x5: Accept-Encoding: gzip
2026-09-01T20:19:00.879+0700 [DEBUG] provider.terraform-provider-vault_v5.11.0_x5
2026-09-01T20:19:00.879+0700 [DEBUG] provider.terraform-provider-vault_v5.11.0_x5
2026-09-01T20:19:00.879+0700 [DEBUG] provider.terraform-provider-vault_v5.11.0_x5: -----------------------------------------------------
2026-09-01T20:19:00.881+0700 [DEBUG] provider.terraform-provider-vault_v5.11.0_x5: [DEBUG] [abdcd202-91d6-4b6c-b4dd-05af74635437] Vault API Response Details:
2026-09-01T20:19:00.881+0700 [DEBUG] provider.terraform-provider-vault_v5.11.0_x5: ---[ RESPONSE ]--------------------------------------
2026-09-01T20:19:00.881+0700 [DEBUG] provider.terraform-provider-vault_v5.11.0_x5: HTTP/1.1 200 OK
2026-09-01T20:19:00.881+0700 [DEBUG] provider.terraform-provider-vault_v5.11.0_x5: Content-Length: 1015
2026-09-01T20:19:00.881+0700 [DEBUG] provider.terraform-provider-vault_v5.11.0_x5: Cache-Control: no-store
2026-09-01T20:19:00.881+0700 [DEBUG] provider.terraform-provider-vault_v5.11.0_x5: Content-Type: application/json
2026-09-01T20:19:00.881+0700 [DEBUG] provider.terraform-provider-vault_v5.11.0_x5: Date: Tue, 01 Sep 2026 13:19:00 GMT
2026-09-01T20:19:00.881+0700 [DEBUG] provider.terraform-provider-vault_v5.11.0_x5: Strict-Transport-Security: max-age=31536000; includeSubDomains
2026-09-01T20:19:00.881+0700 [DEBUG] provider.terraform-provider-vault_v5.11.0_x5
2026-09-01T20:19:00.881+0700 [DEBUG] provider.terraform-provider-vault_v5.11.0_x5
2026-09-01T20:19:00.881+0700 [DEBUG] provider.terraform-provider-vault_v5.11.0_x5: -----------------------------------------------------
2026-09-01T20:19:00.881+0700 [DEBUG] provider.terraform-provider-vault_v5.11.0_x5: [DEBUG] [654ace37-6f56-4fe0-a1ef-52d52e9b54a9] Vault API Response Details:
2026-09-01T20:19:00.881+0700 [DEBUG] provider.terraform-provider-vault_v5.11.0_x5: ---[ RESPONSE ]--------------------------------------
2026-09-01T20:19:00.881+0700 [DEBUG] provider.terraform-provider-vault_v5.11.0_x5: HTTP/1.1 200 OK
2026-09-01T20:19:00.881+0700 [DEBUG] provider.terraform-provider-vault_v5.11.0_x5: Content-Length: 1015
2026-09-01T20:19:00.881+0700 [DEBUG] provider.terraform-provider-vault_v5.11.0_x5: Cache-Control: no-store
2026-09-01T20:19:00.881+0700 [DEBUG] provider.terraform-provider-vault_v5.11.0_x5: Content-Type: application/json
2026-09-01T20:19:00.881+0700 [DEBUG] provider.terraform-provider-vault_v5.11.0_x5: Date: Tue, 01 Sep 2026 13:19:00 GMT
2026-09-01T20:19:00.881+0700 [DEBUG] provider.terraform-provider-vault_v5.11.0_x5: Strict-Transport-Security: max-age=31536000; includeSubDomains
2026-09-01T20:19:00.881+0700 [DEBUG] provider.terraform-provider-vault_v5.11.0_x5
2026-09-01T20:19:00.881+0700 [DEBUG] provider.terraform-provider-vault_v5.11.0_x5
2026-09-01T20:19:00.881+0700 [DEBUG] provider.terraform-provider-vault_v5.11.0_x5: -----------------------------------------------------
2026-09-01T20:19:00.882+0700 [DEBUG] provider.stdio: received EOF, stopping recv loop: err="rpc error: code = Unavailable desc = error reading from server: EOF"
2026-09-01T20:19:00.883+0700 [INFO]  provider: plugin process exited: plugin=.terraform/providers/registry.terraform.io/hashicorp/vault/5.11.0/darwin_arm64/terraform-provider-vault_v5.11.0_x5 id=41467
2026-09-01T20:19:00.883+0700 [DEBUG] provider: plugin exited
2026-09-01T20:19:00.884+0700 [DEBUG] provider.stdio: received EOF, stopping recv loop: err="rpc error: code = Unavailable desc = error reading from server: EOF"
2026-09-01T20:19:00.885+0700 [INFO]  provider: plugin process exited: plugin=.terraform/providers/registry.terraform.io/hashicorp/vault/5.11.0/darwin_arm64/terraform-provider-vault_v5.11.0_x5 id=41466
2026-09-01T20:19:00.885+0700 [DEBUG] provider: plugin exited
2026-09-01T20:19:00.885+0700 [DEBUG] building apply graph to check for errors
2026-09-01T20:19:00.885+0700 [DEBUG] ProviderTransformer: "data.vault_auth_backends.vault-dev-server2 (expand)" (*terraform.nodeExpandApplyableResource) needs provider["registry.terraform.io/hashicorp/vault"].vrd2
2026-09-01T20:19:00.885+0700 [DEBUG] ProviderTransformer: "data.vault_auth_backends.vault-dev-server1 (expand)" (*terraform.nodeExpandApplyableResource) needs provider["registry.terraform.io/hashicorp/vault"].vrd1
2026-09-01T20:19:00.885+0700 [DEBUG] pruning unused provider["registry.terraform.io/hashicorp/vault"]
2026-09-01T20:19:00.885+0700 [DEBUG] pruning unused provider["registry.terraform.io/hashicorp/aws"]
2026-09-01T20:19:00.885+0700 [DEBUG] ReferenceTransformer: "provider[\"registry.terraform.io/hashicorp/vault\"].vrd1" references: [var.vault-token1]
2026-09-01T20:19:00.885+0700 [DEBUG] ReferenceTransformer: "provider[\"registry.terraform.io/hashicorp/vault\"].vrd1" references: var.vault-token1
2026-09-01T20:19:00.885+0700 [DEBUG] ReferenceTransformer: "data.vault_auth_backends.vault-dev-server1 (expand)" references: []
2026-09-01T20:19:00.885+0700 [DEBUG] ReferenceTransformer: "var.vault-token1" references: []
2026-09-01T20:19:00.885+0700 [DEBUG] ReferenceTransformer: "var.vault-token2" references: []
2026-09-01T20:19:00.885+0700 [DEBUG] ReferenceTransformer: "output.vault_server1_auth_list (expand)" references: [data.vault_auth_backends.vault-dev-server1 (expand)]
2026-09-01T20:19:00.885+0700 [DEBUG] ReferenceTransformer: "output.vault_server1_auth_list (expand)" references: data.vault_auth_backends.vault-dev-server1 (expand)
2026-09-01T20:19:00.885+0700 [DEBUG] ReferenceTransformer: "output.vault_server2_auth_list (expand)" references: [data.vault_auth_backends.vault-dev-server2 (expand)]
2026-09-01T20:19:00.885+0700 [DEBUG] ReferenceTransformer: "output.vault_server2_auth_list (expand)" references: data.vault_auth_backends.vault-dev-server2 (expand)
2026-09-01T20:19:00.885+0700 [DEBUG] ReferenceTransformer: "provider[\"registry.terraform.io/hashicorp/vault\"].vrd2" references: [var.vault-token2]
2026-09-01T20:19:00.885+0700 [DEBUG] ReferenceTransformer: "provider[\"registry.terraform.io/hashicorp/vault\"].vrd2" references: var.vault-token2
2026-09-01T20:19:00.885+0700 [DEBUG] ReferenceTransformer: "data.vault_auth_backends.vault-dev-server2 (expand)" references: []
2026-09-01T20:19:00.977+0700 [INFO]  backend/local: apply calling Apply
2026-09-01T20:19:00.977+0700 [DEBUG] Building and walking apply graph for NormalMode plan
2026-09-01T20:19:00.977+0700 [DEBUG] ProviderTransformer: "data.vault_auth_backends.vault-dev-server1 (expand)" (*terraform.nodeExpandApplyableResource) needs provider["registry.terraform.io/hashicorp/vault"].vrd1
2026-09-01T20:19:00.977+0700 [DEBUG] ProviderTransformer: "data.vault_auth_backends.vault-dev-server2 (expand)" (*terraform.nodeExpandApplyableResource) needs provider["registry.terraform.io/hashicorp/vault"].vrd2
2026-09-01T20:19:00.978+0700 [DEBUG] pruning unused provider["registry.terraform.io/hashicorp/aws"]
2026-09-01T20:19:00.978+0700 [DEBUG] pruning unused provider["registry.terraform.io/hashicorp/vault"]
2026-09-01T20:19:00.978+0700 [DEBUG] ReferenceTransformer: "data.vault_auth_backends.vault-dev-server2 (expand)" references: []
2026-09-01T20:19:00.978+0700 [DEBUG] ReferenceTransformer: "output.vault_server1_auth_list (expand)" references: [data.vault_auth_backends.vault-dev-server1 (expand)]
2026-09-01T20:19:00.978+0700 [DEBUG] ReferenceTransformer: "output.vault_server1_auth_list (expand)" references: data.vault_auth_backends.vault-dev-server1 (expand)
2026-09-01T20:19:00.978+0700 [DEBUG] ReferenceTransformer: "output.vault_server2_auth_list (expand)" references: [data.vault_auth_backends.vault-dev-server2 (expand)]
2026-09-01T20:19:00.978+0700 [DEBUG] ReferenceTransformer: "output.vault_server2_auth_list (expand)" references: data.vault_auth_backends.vault-dev-server2 (expand)
2026-09-01T20:19:00.978+0700 [DEBUG] ReferenceTransformer: "provider[\"registry.terraform.io/hashicorp/vault\"].vrd1" references: [var.vault-token1]
2026-09-01T20:19:00.978+0700 [DEBUG] ReferenceTransformer: "provider[\"registry.terraform.io/hashicorp/vault\"].vrd1" references: var.vault-token1
2026-09-01T20:19:00.978+0700 [DEBUG] ReferenceTransformer: "data.vault_auth_backends.vault-dev-server1 (expand)" references: []
2026-09-01T20:19:00.978+0700 [DEBUG] ReferenceTransformer: "var.vault-token2" references: []
2026-09-01T20:19:00.978+0700 [DEBUG] ReferenceTransformer: "var.vault-token1" references: []
2026-09-01T20:19:00.978+0700 [DEBUG] ReferenceTransformer: "provider[\"registry.terraform.io/hashicorp/vault\"].vrd2" references: [var.vault-token2]
2026-09-01T20:19:00.978+0700 [DEBUG] ReferenceTransformer: "provider[\"registry.terraform.io/hashicorp/vault\"].vrd2" references: var.vault-token2
2026-09-01T20:19:00.978+0700 [DEBUG] Starting graph walk: walkApply
2026-09-01T20:19:00.978+0700 [DEBUG] created provider logger: level=debug
2026-09-01T20:19:00.978+0700 [INFO]  provider: configuring client automatic mTLS
2026-09-01T20:19:00.981+0700 [DEBUG] provider: starting plugin: path=.terraform/providers/registry.terraform.io/hashicorp/vault/5.11.0/darwin_arm64/terraform-provider-vault_v5.11.0_x5 args=[".terraform/providers/registry.terraform.io/hashicorp/vault/5.11.0/darwin_arm64/terraform-provider-vault_v5.11.0_x5"]
2026-09-01T20:19:00.984+0700 [DEBUG] provider: plugin started: path=.terraform/providers/registry.terraform.io/hashicorp/vault/5.11.0/darwin_arm64/terraform-provider-vault_v5.11.0_x5 pid=41468
2026-09-01T20:19:00.984+0700 [DEBUG] provider: waiting for RPC address: plugin=.terraform/providers/registry.terraform.io/hashicorp/vault/5.11.0/darwin_arm64/terraform-provider-vault_v5.11.0_x5
2026-09-01T20:19:01.001+0700 [INFO]  provider.terraform-provider-vault_v5.11.0_x5: configuring server automatic mTLS: timestamp="2026-09-01T20:19:01.001+0700"
2026-09-01T20:19:01.007+0700 [DEBUG] provider.terraform-provider-vault_v5.11.0_x5: plugin address: address=/var/folders/dc/71w9ly4s1z5b3mp02_3x4pmm0000gn/T/plugin2801334297 network=unix timestamp="2026-09-01T20:19:01.007+0700"
2026-09-01T20:19:01.007+0700 [DEBUG] provider: using plugin: version=5
2026-09-01T20:19:01.013+0700 [DEBUG] created provider logger: level=debug
2026-09-01T20:19:01.013+0700 [INFO]  provider: configuring client automatic mTLS
2026-09-01T20:19:01.015+0700 [DEBUG] provider: starting plugin: path=.terraform/providers/registry.terraform.io/hashicorp/vault/5.11.0/darwin_arm64/terraform-provider-vault_v5.11.0_x5 args=[".terraform/providers/registry.terraform.io/hashicorp/vault/5.11.0/darwin_arm64/terraform-provider-vault_v5.11.0_x5"]
2026-09-01T20:19:01.018+0700 [DEBUG] provider: plugin started: path=.terraform/providers/registry.terraform.io/hashicorp/vault/5.11.0/darwin_arm64/terraform-provider-vault_v5.11.0_x5 pid=41469
2026-09-01T20:19:01.018+0700 [DEBUG] provider: waiting for RPC address: plugin=.terraform/providers/registry.terraform.io/hashicorp/vault/5.11.0/darwin_arm64/terraform-provider-vault_v5.11.0_x5
2026-09-01T20:19:01.035+0700 [INFO]  provider.terraform-provider-vault_v5.11.0_x5: configuring server automatic mTLS: timestamp="2026-09-01T20:19:01.034+0700"
2026-09-01T20:19:01.041+0700 [DEBUG] provider.terraform-provider-vault_v5.11.0_x5: plugin address: address=/var/folders/dc/71w9ly4s1z5b3mp02_3x4pmm0000gn/T/plugin3452353977 network=unix timestamp="2026-09-01T20:19:01.040+0700"
2026-09-01T20:19:01.041+0700 [DEBUG] provider: using plugin: version=5
2026-09-01T20:19:01.047+0700 [DEBUG] No policy client configured, skipping policy evaluation for provider["registry.terraform.io/hashicorp/vault"].vrd2
2026-09-01T20:19:01.048+0700 [DEBUG] provider.stdio: received EOF, stopping recv loop: err="rpc error: code = Unavailable desc = error reading from server: EOF"
2026-09-01T20:19:01.049+0700 [INFO]  provider: plugin process exited: plugin=.terraform/providers/registry.terraform.io/hashicorp/vault/5.11.0/darwin_arm64/terraform-provider-vault_v5.11.0_x5 id=41468
2026-09-01T20:19:01.049+0700 [DEBUG] provider: plugin exited
2026-09-01T20:19:01.051+0700 [DEBUG] No policy client configured, skipping policy evaluation for provider["registry.terraform.io/hashicorp/vault"].vrd1
2026-09-01T20:19:01.052+0700 [DEBUG] provider.stdio: received EOF, stopping recv loop: err="rpc error: code = Unavailable desc = error reading from server: EOF"
2026-09-01T20:19:01.053+0700 [INFO]  provider: plugin process exited: plugin=.terraform/providers/registry.terraform.io/hashicorp/vault/5.11.0/darwin_arm64/terraform-provider-vault_v5.11.0_x5 id=41469
2026-09-01T20:19:01.053+0700 [DEBUG] provider: plugin exited
